mtllib south-windsor-high-school.mtl
o paving_apron_1
usemtl paving
v 10.8 0.10000000149011612 16.925000047683717
v 10.8 0.10000000149011612 9.925000047683715
v 10.8 0 16.925000047683717
v 10.8 0 9.925000047683715
v -15.2 0.10000000149011612 9.925000047683715
v -15.2 0.10000000149011612 16.925000047683717
v -15.2 0 9.925000047683715
v -15.2 0 16.925000047683717
v -15.2 0.10000000149011612 9.925000047683715
v 10.8 0.10000000149011612 9.925000047683715
v -15.2 0.10000000149011612 16.925000047683717
v 10.8 0.10000000149011612 16.925000047683717
v -15.2 0 16.925000047683717
v 10.8 0 16.925000047683717
v -15.2 0 9.925000047683715
v 10.8 0 9.925000047683715
v -15.2 0.10000000149011612 16.925000047683717
v 10.8 0.10000000149011612 16.925000047683717
v -15.2 0 16.925000047683717
v 10.8 0 16.925000047683717
v 10.8 0.10000000149011612 9.925000047683715
v -15.2 0.10000000149011612 9.925000047683715
v 10.8 0 9.925000047683715
v -15.2 0 9.925000047683715
vt 0 1
vt 1 1
vt 0 0
vt 1 0
vt 0 1
vt 1 1
vt 0 0
vt 1 0
vt 0 1
vt 1 1
vt 0 0
vt 1 0
vt 0 1
vt 1 1
vt 0 0
vt 1 0
vt 0 1
vt 1 1
vt 0 0
vt 1 0
vt 0 1
vt 1 1
vt 0 0
vt 1 0
vn 1 0 0
vn 1 0 0
vn 1 0 0
vn 1 0 0
vn -1 0 0
vn -1 0 0
vn -1 0 0
vn -1 0 0
vn 0 1 0
vn 0 1 0
vn 0 1 0
vn 0 1 0
vn 0 -1 0
vn 0 -1 0
vn 0 -1 0
vn 0 -1 0
vn 0 0 1
vn 0 0 1
vn 0 0 1
vn 0 0 1
vn 0 0 -1
vn 0 0 -1
vn 0 0 -1
vn 0 0 -1
f 1/1/1 3/3/3 2/2/2
f 3/3/3 4/4/4 2/2/2
f 5/5/5 7/7/7 6/6/6
f 7/7/7 8/8/8 6/6/6
f 9/9/9 11/11/11 10/10/10
f 11/11/11 12/12/12 10/10/10
f 13/13/13 15/15/15 14/14/14
f 15/15/15 16/16/16 14/14/14
f 17/17/17 19/19/19 18/18/18
f 19/19/19 20/20/20 18/18/18
f 21/21/21 23/23/23 22/22/22
f 23/23/23 24/24/24 22/22/22
o wing_brick_2
usemtl brick
v 15 6.299999905377627 8.825000047683716
v 15 6.299999905377627 -5.174999952316284
v 15 0.10000009611248961 8.825000047683716
v 15 0.10000009611248961 -5.174999952316284
v -15 6.299999905377627 -5.174999952316284
v -15 6.299999905377627 8.825000047683716
v -15 0.10000009611248961 -5.174999952316284
v -15 0.10000009611248961 8.825000047683716
v -15 6.299999905377627 -5.174999952316284
v 15 6.299999905377627 -5.174999952316284
v -15 6.299999905377627 8.825000047683716
v 15 6.299999905377627 8.825000047683716
v -15 0.10000009611248961 8.825000047683716
v 15 0.10000009611248961 8.825000047683716
v -15 0.10000009611248961 -5.174999952316284
v 15 0.10000009611248961 -5.174999952316284
v -15 6.299999905377627 8.825000047683716
v 15 6.299999905377627 8.825000047683716
v -15 0.10000009611248961 8.825000047683716
v 15 0.10000009611248961 8.825000047683716
v 15 6.299999905377627 -5.174999952316284
v -15 6.299999905377627 -5.174999952316284
v 15 0.10000009611248961 -5.174999952316284
v -15 0.10000009611248961 -5.174999952316284
vt 0 1
vt 1 1
vt 0 0
vt 1 0
vt 0 1
vt 1 1
vt 0 0
vt 1 0
vt 0 1
vt 1 1
vt 0 0
vt 1 0
vt 0 1
vt 1 1
vt 0 0
vt 1 0
vt 0 1
vt 1 1
vt 0 0
vt 1 0
vt 0 1
vt 1 1
vt 0 0
vt 1 0
vn 1 0 0
vn 1 0 0
vn 1 0 0
vn 1 0 0
vn -1 0 0
vn -1 0 0
vn -1 0 0
vn -1 0 0
vn 0 1 0
vn 0 1 0
vn 0 1 0
vn 0 1 0
vn 0 -1 0
vn 0 -1 0
vn 0 -1 0
vn 0 -1 0
vn 0 0 1
vn 0 0 1
vn 0 0 1
vn 0 0 1
vn 0 0 -1
vn 0 0 -1
vn 0 0 -1
vn 0 0 -1
f 25/25/25 27/27/27 26/26/26
f 27/27/27 28/28/28 26/26/26
f 29/29/29 31/31/31 30/30/30
f 31/31/31 32/32/32 30/30/30
f 33/33/33 35/35/35 34/34/34
f 35/35/35 36/36/36 34/34/34
f 37/37/37 39/39/39 38/38/38
f 39/39/39 40/40/40 38/38/38
f 41/41/41 43/43/43 42/42/42
f 43/43/43 44/44/44 42/42/42
f 45/45/45 47/47/47 46/46/46
f 47/47/47 48/48/48 46/46/46
o wing_roof_3
usemtl roof_membrane
v 14.699999809265137 6.500000002235174 8.524999856948853
v 14.699999809265137 6.500000002235174 -4.874999761581421
v 14.699999809265137 6.299999999254942 8.524999856948853
v 14.699999809265137 6.299999999254942 -4.874999761581421
v -14.699999809265137 6.500000002235174 -4.874999761581421
v -14.699999809265137 6.500000002235174 8.524999856948853
v -14.699999809265137 6.299999999254942 -4.874999761581421
v -14.699999809265137 6.299999999254942 8.524999856948853
v -14.699999809265137 6.500000002235174 -4.874999761581421
v 14.699999809265137 6.500000002235174 -4.874999761581421
v -14.699999809265137 6.500000002235174 8.524999856948853
v 14.699999809265137 6.500000002235174 8.524999856948853
v -14.699999809265137 6.299999999254942 8.524999856948853
v 14.699999809265137 6.299999999254942 8.524999856948853
v -14.699999809265137 6.299999999254942 -4.874999761581421
v 14.699999809265137 6.299999999254942 -4.874999761581421
v -14.699999809265137 6.500000002235174 8.524999856948853
v 14.699999809265137 6.500000002235174 8.524999856948853
v -14.699999809265137 6.299999999254942 8.524999856948853
v 14.699999809265137 6.299999999254942 8.524999856948853
v 14.699999809265137 6.500000002235174 -4.874999761581421
v -14.699999809265137 6.500000002235174 -4.874999761581421
v 14.699999809265137 6.299999999254942 -4.874999761581421
v -14.699999809265137 6.299999999254942 -4.874999761581421
vt 0 1
vt 1 1
vt 0 0
vt 1 0
vt 0 1
vt 1 1
vt 0 0
vt 1 0
vt 0 1
vt 1 1
vt 0 0
vt 1 0
vt 0 1
vt 1 1
vt 0 0
vt 1 0
vt 0 1
vt 1 1
vt 0 0
vt 1 0
vt 0 1
vt 1 1
vt 0 0
vt 1 0
vn 1 0 0
vn 1 0 0
vn 1 0 0
vn 1 0 0
vn -1 0 0
vn -1 0 0
vn -1 0 0
vn -1 0 0
vn 0 1 0
vn 0 1 0
vn 0 1 0
vn 0 1 0
vn 0 -1 0
vn 0 -1 0
vn 0 -1 0
vn 0 -1 0
vn 0 0 1
vn 0 0 1
vn 0 0 1
vn 0 0 1
vn 0 0 -1
vn 0 0 -1
vn 0 0 -1
vn 0 0 -1
f 49/49/49 51/51/51 50/50/50
f 51/51/51 52/52/52 50/50/50
f 53/53/53 55/55/55 54/54/54
f 55/55/55 56/56/56 54/54/54
f 57/57/57 59/59/59 58/58/58
f 59/59/59 60/60/60 58/58/58
f 61/61/61 63/63/63 62/62/62
f 63/63/63 64/64/64 62/62/62
f 65/65/65 67/67/67 66/66/66
f 67/67/67 68/68/68 66/66/66
f 69/69/69 71/71/71 70/70/70
f 71/71/71 72/72/72 70/70/70
o wing_coping_front_4
usemtl coping_gray
v 15.149999618530273 6.600000006705523 9.12500005364418
v 15.149999618530273 6.600000006705523 8.825000041723252
v 15.149999618530273 6.299999994784594 9.12500005364418
v 15.149999618530273 6.299999994784594 8.825000041723252
v -15.149999618530273 6.600000006705523 8.825000041723252
v -15.149999618530273 6.600000006705523 9.12500005364418
v -15.149999618530273 6.299999994784594 8.825000041723252
v -15.149999618530273 6.299999994784594 9.12500005364418
v -15.149999618530273 6.600000006705523 8.825000041723252
v 15.149999618530273 6.600000006705523 8.825000041723252
v -15.149999618530273 6.600000006705523 9.12500005364418
v 15.149999618530273 6.600000006705523 9.12500005364418
v -15.149999618530273 6.299999994784594 9.12500005364418
v 15.149999618530273 6.299999994784594 9.12500005364418
v -15.149999618530273 6.299999994784594 8.825000041723252
v 15.149999618530273 6.299999994784594 8.825000041723252
v -15.149999618530273 6.600000006705523 9.12500005364418
v 15.149999618530273 6.600000006705523 9.12500005364418
v -15.149999618530273 6.299999994784594 9.12500005364418
v 15.149999618530273 6.299999994784594 9.12500005364418
v 15.149999618530273 6.600000006705523 8.825000041723252
v -15.149999618530273 6.600000006705523 8.825000041723252
v 15.149999618530273 6.299999994784594 8.825000041723252
v -15.149999618530273 6.299999994784594 8.825000041723252
vt 0 1
vt 1 1
vt 0 0
vt 1 0
vt 0 1
vt 1 1
vt 0 0
vt 1 0
vt 0 1
vt 1 1
vt 0 0
vt 1 0
vt 0 1
vt 1 1
vt 0 0
vt 1 0
vt 0 1
vt 1 1
vt 0 0
vt 1 0
vt 0 1
vt 1 1
vt 0 0
vt 1 0
vn 1 0 0
vn 1 0 0
vn 1 0 0
vn 1 0 0
vn -1 0 0
vn -1 0 0
vn -1 0 0
vn -1 0 0
vn 0 1 0
vn 0 1 0
vn 0 1 0
vn 0 1 0
vn 0 -1 0
vn 0 -1 0
vn 0 -1 0
vn 0 -1 0
vn 0 0 1
vn 0 0 1
vn 0 0 1
vn 0 0 1
vn 0 0 -1
vn 0 0 -1
vn 0 0 -1
vn 0 0 -1
f 73/73/73 75/75/75 74/74/74
f 75/75/75 76/76/76 74/74/74
f 77/77/77 79/79/79 78/78/78
f 79/79/79 80/80/80 78/78/78
f 81/81/81 83/83/83 82/82/82
f 83/83/83 84/84/84 82/82/82
f 85/85/85 87/87/87 86/86/86
f 87/87/87 88/88/88 86/86/86
f 89/89/89 91/91/91 90/90/90
f 91/91/91 92/92/92 90/90/90
f 93/93/93 95/95/95 94/94/94
f 95/95/95 96/96/96 94/94/94
o wing_coping_left_5
usemtl coping_gray
v -14.999999994039536 6.600000006705523 8.975000143051147
v -14.999999994039536 6.600000006705523 -5.325000047683716
v -14.999999994039536 6.299999994784594 8.975000143051147
v -14.999999994039536 6.299999994784594 -5.325000047683716
v -15.300000005960465 6.600000006705523 -5.325000047683716
v -15.300000005960465 6.600000006705523 8.975000143051147
v -15.300000005960465 6.299999994784594 -5.325000047683716
v -15.300000005960465 6.299999994784594 8.975000143051147
v -15.300000005960465 6.600000006705523 -5.325000047683716
v -14.999999994039536 6.600000006705523 -5.325000047683716
v -15.300000005960465 6.600000006705523 8.975000143051147
v -14.999999994039536 6.600000006705523 8.975000143051147
v -15.300000005960465 6.299999994784594 8.975000143051147
v -14.999999994039536 6.299999994784594 8.975000143051147
v -15.300000005960465 6.299999994784594 -5.325000047683716
v -14.999999994039536 6.299999994784594 -5.325000047683716
v -15.300000005960465 6.600000006705523 8.975000143051147
v -14.999999994039536 6.600000006705523 8.975000143051147
v -15.300000005960465 6.299999994784594 8.975000143051147
v -14.999999994039536 6.299999994784594 8.975000143051147
v -14.999999994039536 6.600000006705523 -5.325000047683716
v -15.300000005960465 6.600000006705523 -5.325000047683716
v -14.999999994039536 6.299999994784594 -5.325000047683716
v -15.300000005960465 6.299999994784594 -5.325000047683716
vt 0 1
vt 1 1
vt 0 0
vt 1 0
vt 0 1
vt 1 1
vt 0 0
vt 1 0
vt 0 1
vt 1 1
vt 0 0
vt 1 0
vt 0 1
vt 1 1
vt 0 0
vt 1 0
vt 0 1
vt 1 1
vt 0 0
vt 1 0
vt 0 1
vt 1 1
vt 0 0
vt 1 0
vn 1 0 0
vn 1 0 0
vn 1 0 0
vn 1 0 0
vn -1 0 0
vn -1 0 0
vn -1 0 0
vn -1 0 0
vn 0 1 0
vn 0 1 0
vn 0 1 0
vn 0 1 0
vn 0 -1 0
vn 0 -1 0
vn 0 -1 0
vn 0 -1 0
vn 0 0 1
vn 0 0 1
vn 0 0 1
vn 0 0 1
vn 0 0 -1
vn 0 0 -1
vn 0 0 -1
vn 0 0 -1
f 97/97/97 99/99/99 98/98/98
f 99/99/99 100/100/100 98/98/98
f 101/101/101 103/103/103 102/102/102
f 103/103/103 104/104/104 102/102/102
f 105/105/105 107/107/107 106/106/106
f 107/107/107 108/108/108 106/106/106
f 109/109/109 111/111/111 110/110/110
f 111/111/111 112/112/112 110/110/110
f 113/113/113 115/115/115 114/114/114
f 115/115/115 116/116/116 114/114/114
f 117/117/117 119/119/119 118/118/118
f 119/119/119 120/120/120 118/118/118
o wing_coping_right_6
usemtl coping_gray
v 15.300000005960465 6.600000006705523 8.975000143051147
v 15.300000005960465 6.600000006705523 -5.325000047683716
v 15.300000005960465 6.299999994784594 8.975000143051147
v 15.300000005960465 6.299999994784594 -5.325000047683716
v 14.999999994039536 6.600000006705523 -5.325000047683716
v 14.999999994039536 6.600000006705523 8.975000143051147
v 14.999999994039536 6.299999994784594 -5.325000047683716
v 14.999999994039536 6.299999994784594 8.975000143051147
v 14.999999994039536 6.600000006705523 -5.325000047683716
v 15.300000005960465 6.600000006705523 -5.325000047683716
v 14.999999994039536 6.600000006705523 8.975000143051147
v 15.300000005960465 6.600000006705523 8.975000143051147
v 14.999999994039536 6.299999994784594 8.975000143051147
v 15.300000005960465 6.299999994784594 8.975000143051147
v 14.999999994039536 6.299999994784594 -5.325000047683716
v 15.300000005960465 6.299999994784594 -5.325000047683716
v 14.999999994039536 6.600000006705523 8.975000143051147
v 15.300000005960465 6.600000006705523 8.975000143051147
v 14.999999994039536 6.299999994784594 8.975000143051147
v 15.300000005960465 6.299999994784594 8.975000143051147
v 15.300000005960465 6.600000006705523 -5.325000047683716
v 14.999999994039536 6.600000006705523 -5.325000047683716
v 15.300000005960465 6.299999994784594 -5.325000047683716
v 14.999999994039536 6.299999994784594 -5.325000047683716
vt 0 1
vt 1 1
vt 0 0
vt 1 0
vt 0 1
vt 1 1
vt 0 0
vt 1 0
vt 0 1
vt 1 1
vt 0 0
vt 1 0
vt 0 1
vt 1 1
vt 0 0
vt 1 0
vt 0 1
vt 1 1
vt 0 0
vt 1 0
vt 0 1
vt 1 1
vt 0 0
vt 1 0
vn 1 0 0
vn 1 0 0
vn 1 0 0
vn 1 0 0
vn -1 0 0
vn -1 0 0
vn -1 0 0
vn -1 0 0
vn 0 1 0
vn 0 1 0
vn 0 1 0
vn 0 1 0
vn 0 -1 0
vn 0 -1 0
vn 0 -1 0
vn 0 -1 0
vn 0 0 1
vn 0 0 1
vn 0 0 1
vn 0 0 1
vn 0 0 -1
vn 0 0 -1
vn 0 0 -1
vn 0 0 -1
f 121/121/121 123/123/123 122/122/122
f 123/123/123 124/124/124 122/122/122
f 125/125/125 127/127/127 126/126/126
f 127/127/127 128/128/128 126/126/126
f 129/129/129 131/131/131 130/130/130
f 131/131/131 132/132/132 130/130/130
f 133/133/133 135/135/135 134/134/134
f 135/135/135 136/136/136 134/134/134
f 137/137/137 139/139/139 138/138/138
f 139/139/139 140/140/140 138/138/138
f 141/141/141 143/143/143 142/142/142
f 143/143/143 144/144/144 142/142/142
o wing_coping_back_7
usemtl coping_gray
v 15.149999618530273 6.600000006705523 -5.17499994635582
v 15.149999618530273 6.600000006705523 -5.474999958276749
v 15.149999618530273 6.299999994784594 -5.17499994635582
v 15.149999618530273 6.299999994784594 -5.474999958276749
v -15.149999618530273 6.600000006705523 -5.474999958276749
v -15.149999618530273 6.600000006705523 -5.17499994635582
v -15.149999618530273 6.299999994784594 -5.474999958276749
v -15.149999618530273 6.299999994784594 -5.17499994635582
v -15.149999618530273 6.600000006705523 -5.474999958276749
v 15.149999618530273 6.600000006705523 -5.474999958276749
v -15.149999618530273 6.600000006705523 -5.17499994635582
v 15.149999618530273 6.600000006705523 -5.17499994635582
v -15.149999618530273 6.299999994784594 -5.17499994635582
v 15.149999618530273 6.299999994784594 -5.17499994635582
v -15.149999618530273 6.299999994784594 -5.474999958276749
v 15.149999618530273 6.299999994784594 -5.474999958276749
v -15.149999618530273 6.600000006705523 -5.17499994635582
v 15.149999618530273 6.600000006705523 -5.17499994635582
v -15.149999618530273 6.299999994784594 -5.17499994635582
v 15.149999618530273 6.299999994784594 -5.17499994635582
v 15.149999618530273 6.600000006705523 -5.474999958276749
v -15.149999618530273 6.600000006705523 -5.474999958276749
v 15.149999618530273 6.299999994784594 -5.474999958276749
v -15.149999618530273 6.299999994784594 -5.474999958276749
vt 0 1
vt 1 1
vt 0 0
vt 1 0
vt 0 1
vt 1 1
vt 0 0
vt 1 0
vt 0 1
vt 1 1
vt 0 0
vt 1 0
vt 0 1
vt 1 1
vt 0 0
vt 1 0
vt 0 1
vt 1 1
vt 0 0
vt 1 0
vt 0 1
vt 1 1
vt 0 0
vt 1 0
vn 1 0 0
vn 1 0 0
vn 1 0 0
vn 1 0 0
vn -1 0 0
vn -1 0 0
vn -1 0 0
vn -1 0 0
vn 0 1 0
vn 0 1 0
vn 0 1 0
vn 0 1 0
vn 0 -1 0
vn 0 -1 0
vn 0 -1 0
vn 0 -1 0
vn 0 0 1
vn 0 0 1
vn 0 0 1
vn 0 0 1
vn 0 0 -1
vn 0 0 -1
vn 0 0 -1
vn 0 0 -1
f 145/145/145 147/147/147 146/146/146
f 147/147/147 148/148/148 146/146/146
f 149/149/149 151/151/151 150/150/150
f 151/151/151 152/152/152 150/150/150
f 153/153/153 155/155/155 154/154/154
f 155/155/155 156/156/156 154/154/154
f 157/157/157 159/159/159 158/158/158
f 159/159/159 160/160/160 158/158/158
f 161/161/161 163/163/163 162/162/162
f 163/163/163 164/164/164 162/162/162
f 165/165/165 167/167/167 166/166/166
f 167/167/167 168/168/168 166/166/166
o gym_brick_8
usemtl brick
v 13 10.499999810010195 -4.774999952316286
v 13 10.499999810010195 -16.774999952316286
v 13 0.10000019147992134 -4.774999952316286
v 13 0.10000019147992134 -16.774999952316286
v -4 10.499999810010195 -16.774999952316286
v -4 10.499999810010195 -4.774999952316286
v -4 0.10000019147992134 -16.774999952316286
v -4 0.10000019147992134 -4.774999952316286
v -4 10.499999810010195 -16.774999952316286
v 13 10.499999810010195 -16.774999952316286
v -4 10.499999810010195 -4.774999952316286
v 13 10.499999810010195 -4.774999952316286
v -4 0.10000019147992134 -4.774999952316286
v 13 0.10000019147992134 -4.774999952316286
v -4 0.10000019147992134 -16.774999952316286
v 13 0.10000019147992134 -16.774999952316286
v -4 10.499999810010195 -4.774999952316286
v 13 10.499999810010195 -4.774999952316286
v -4 0.10000019147992134 -4.774999952316286
v 13 0.10000019147992134 -4.774999952316286
v 13 10.499999810010195 -16.774999952316286
v -4 10.499999810010195 -16.774999952316286
v 13 0.10000019147992134 -16.774999952316286
v -4 0.10000019147992134 -16.774999952316286
vt 0 1
vt 1 1
vt 0 0
vt 1 0
vt 0 1
vt 1 1
vt 0 0
vt 1 0
vt 0 1
vt 1 1
vt 0 0
vt 1 0
vt 0 1
vt 1 1
vt 0 0
vt 1 0
vt 0 1
vt 1 1
vt 0 0
vt 1 0
vt 0 1
vt 1 1
vt 0 0
vt 1 0
vn 1 0 0
vn 1 0 0
vn 1 0 0
vn 1 0 0
vn -1 0 0
vn -1 0 0
vn -1 0 0
vn -1 0 0
vn 0 1 0
vn 0 1 0
vn 0 1 0
vn 0 1 0
vn 0 -1 0
vn 0 -1 0
vn 0 -1 0
vn 0 -1 0
vn 0 0 1
vn 0 0 1
vn 0 0 1
vn 0 0 1
vn 0 0 -1
vn 0 0 -1
vn 0 0 -1
vn 0 0 -1
f 169/169/169 171/171/171 170/170/170
f 171/171/171 172/172/172 170/170/170
f 173/173/173 175/175/175 174/174/174
f 175/175/175 176/176/176 174/174/174
f 177/177/177 179/179/179 178/178/178
f 179/179/179 180/180/180 178/178/178
f 181/181/181 183/183/183 182/182/182
f 183/183/183 184/184/184 182/182/182
f 185/185/185 187/187/187 186/186/186
f 187/187/187 188/188/188 186/186/186
f 189/189/189 191/191/191 190/190/190
f 191/191/191 192/192/192 190/190/190
o gym_roof_9
usemtl roof_membrane
v 12.699999809265137 10.720000000149012 -5.075000143051149
v 12.699999809265137 10.720000000149012 -16.474999761581422
v 12.699999809265137 10.500000001341105 -5.075000143051149
v 12.699999809265137 10.500000001341105 -16.474999761581422
v -3.6999998092651367 10.720000000149012 -16.474999761581422
v -3.6999998092651367 10.720000000149012 -5.075000143051149
v -3.6999998092651367 10.500000001341105 -16.474999761581422
v -3.6999998092651367 10.500000001341105 -5.075000143051149
v -3.6999998092651367 10.720000000149012 -16.474999761581422
v 12.699999809265137 10.720000000149012 -16.474999761581422
v -3.6999998092651367 10.720000000149012 -5.075000143051149
v 12.699999809265137 10.720000000149012 -5.075000143051149
v -3.6999998092651367 10.500000001341105 -5.075000143051149
v 12.699999809265137 10.500000001341105 -5.075000143051149
v -3.6999998092651367 10.500000001341105 -16.474999761581422
v 12.699999809265137 10.500000001341105 -16.474999761581422
v -3.6999998092651367 10.720000000149012 -5.075000143051149
v 12.699999809265137 10.720000000149012 -5.075000143051149
v -3.6999998092651367 10.500000001341105 -5.075000143051149
v 12.699999809265137 10.500000001341105 -5.075000143051149
v 12.699999809265137 10.720000000149012 -16.474999761581422
v -3.6999998092651367 10.720000000149012 -16.474999761581422
v 12.699999809265137 10.500000001341105 -16.474999761581422
v -3.6999998092651367 10.500000001341105 -16.474999761581422
vt 0 1
vt 1 1
vt 0 0
vt 1 0
vt 0 1
vt 1 1
vt 0 0
vt 1 0
vt 0 1
vt 1 1
vt 0 0
vt 1 0
vt 0 1
vt 1 1
vt 0 0
vt 1 0
vt 0 1
vt 1 1
vt 0 0
vt 1 0
vt 0 1
vt 1 1
vt 0 0
vt 1 0
vn 1 0 0
vn 1 0 0
vn 1 0 0
vn 1 0 0
vn -1 0 0
vn -1 0 0
vn -1 0 0
vn -1 0 0
vn 0 1 0
vn 0 1 0
vn 0 1 0
vn 0 1 0
vn 0 -1 0
vn 0 -1 0
vn 0 -1 0
vn 0 -1 0
vn 0 0 1
vn 0 0 1
vn 0 0 1
vn 0 0 1
vn 0 0 -1
vn 0 0 -1
vn 0 0 -1
vn 0 0 -1
f 193/193/193 195/195/195 194/194/194
f 195/195/195 196/196/196 194/194/194
f 197/197/197 199/199/199 198/198/198
f 199/199/199 200/200/200 198/198/198
f 201/201/201 203/203/203 202/202/202
f 203/203/203 204/204/204 202/202/202
f 205/205/205 207/207/207 206/206/206
f 207/207/207 208/208/208 206/206/206
f 209/209/209 211/211/211 210/210/210
f 211/211/211 212/212/212 210/210/210
f 213/213/213 215/215/215 214/214/214
f 215/215/215 216/216/216 214/214/214
o gym_coping_front_10
usemtl coping_gray
v 13.149999618530273 10.81999999716878 -4.774999955892563
v 13.149999618530273 10.81999999716878 -5.094999948740005
v 13.149999618530273 10.500000004321338 -4.774999955892563
v 13.149999618530273 10.500000004321338 -5.094999948740005
v -4.149999618530273 10.81999999716878 -5.094999948740005
v -4.149999618530273 10.81999999716878 -4.774999955892563
v -4.149999618530273 10.500000004321338 -5.094999948740005
v -4.149999618530273 10.500000004321338 -4.774999955892563
v -4.149999618530273 10.81999999716878 -5.094999948740005
v 13.149999618530273 10.81999999716878 -5.094999948740005
v -4.149999618530273 10.81999999716878 -4.774999955892563
v 13.149999618530273 10.81999999716878 -4.774999955892563
v -4.149999618530273 10.500000004321338 -4.774999955892563
v 13.149999618530273 10.500000004321338 -4.774999955892563
v -4.149999618530273 10.500000004321338 -5.094999948740005
v 13.149999618530273 10.500000004321338 -5.094999948740005
v -4.149999618530273 10.81999999716878 -4.774999955892563
v 13.149999618530273 10.81999999716878 -4.774999955892563
v -4.149999618530273 10.500000004321338 -4.774999955892563
v 13.149999618530273 10.500000004321338 -4.774999955892563
v 13.149999618530273 10.81999999716878 -5.094999948740005
v -4.149999618530273 10.81999999716878 -5.094999948740005
v 13.149999618530273 10.500000004321338 -5.094999948740005
v -4.149999618530273 10.500000004321338 -5.094999948740005
vt 0 1
vt 1 1
vt 0 0
vt 1 0
vt 0 1
vt 1 1
vt 0 0
vt 1 0
vt 0 1
vt 1 1
vt 0 0
vt 1 0
vt 0 1
vt 1 1
vt 0 0
vt 1 0
vt 0 1
vt 1 1
vt 0 0
vt 1 0
vt 0 1
vt 1 1
vt 0 0
vt 1 0
vn 1 0 0
vn 1 0 0
vn 1 0 0
vn 1 0 0
vn -1 0 0
vn -1 0 0
vn -1 0 0
vn -1 0 0
vn 0 1 0
vn 0 1 0
vn 0 1 0
vn 0 1 0
vn 0 -1 0
vn 0 -1 0
vn 0 -1 0
vn 0 -1 0
vn 0 0 1
vn 0 0 1
vn 0 0 1
vn 0 0 1
vn 0 0 -1
vn 0 0 -1
vn 0 0 -1
vn 0 0 -1
f 217/217/217 219/219/219 218/218/218
f 219/219/219 220/220/220 218/218/218
f 221/221/221 223/223/223 222/222/222
f 223/223/223 224/224/224 222/222/222
f 225/225/225 227/227/227 226/226/226
f 227/227/227 228/228/228 226/226/226
f 229/229/229 231/231/231 230/230/230
f 231/231/231 232/232/232 230/230/230
f 233/233/233 235/235/235 234/234/234
f 235/235/235 236/236/236 234/234/234
f 237/237/237 239/239/239 238/238/238
f 239/239/239 240/240/240 238/238/238
o gym_coping_left_11
usemtl coping_gray
v -3.990000003576279 10.81999999716878 -4.624999856948854
v -3.990000003576279 10.81999999716878 -16.925000047683717
v -3.990000003576279 10.500000004321338 -4.624999856948854
v -3.990000003576279 10.500000004321338 -16.925000047683717
v -4.309999996423722 10.81999999716878 -16.925000047683717
v -4.309999996423722 10.81999999716878 -4.624999856948854
v -4.309999996423722 10.500000004321338 -16.925000047683717
v -4.309999996423722 10.500000004321338 -4.624999856948854
v -4.309999996423722 10.81999999716878 -16.925000047683717
v -3.990000003576279 10.81999999716878 -16.925000047683717
v -4.309999996423722 10.81999999716878 -4.624999856948854
v -3.990000003576279 10.81999999716878 -4.624999856948854
v -4.309999996423722 10.500000004321338 -4.624999856948854
v -3.990000003576279 10.500000004321338 -4.624999856948854
v -4.309999996423722 10.500000004321338 -16.925000047683717
v -3.990000003576279 10.500000004321338 -16.925000047683717
v -4.309999996423722 10.81999999716878 -4.624999856948854
v -3.990000003576279 10.81999999716878 -4.624999856948854
v -4.309999996423722 10.500000004321338 -4.624999856948854
v -3.990000003576279 10.500000004321338 -4.624999856948854
v -3.990000003576279 10.81999999716878 -16.925000047683717
v -4.309999996423722 10.81999999716878 -16.925000047683717
v -3.990000003576279 10.500000004321338 -16.925000047683717
v -4.309999996423722 10.500000004321338 -16.925000047683717
vt 0 1
vt 1 1
vt 0 0
vt 1 0
vt 0 1
vt 1 1
vt 0 0
vt 1 0
vt 0 1
vt 1 1
vt 0 0
vt 1 0
vt 0 1
vt 1 1
vt 0 0
vt 1 0
vt 0 1
vt 1 1
vt 0 0
vt 1 0
vt 0 1
vt 1 1
vt 0 0
vt 1 0
vn 1 0 0
vn 1 0 0
vn 1 0 0
vn 1 0 0
vn -1 0 0
vn -1 0 0
vn -1 0 0
vn -1 0 0
vn 0 1 0
vn 0 1 0
vn 0 1 0
vn 0 1 0
vn 0 -1 0
vn 0 -1 0
vn 0 -1 0
vn 0 -1 0
vn 0 0 1
vn 0 0 1
vn 0 0 1
vn 0 0 1
vn 0 0 -1
vn 0 0 -1
vn 0 0 -1
vn 0 0 -1
f 241/241/241 243/243/243 242/242/242
f 243/243/243 244/244/244 242/242/242
f 245/245/245 247/247/247 246/246/246
f 247/247/247 248/248/248 246/246/246
f 249/249/249 251/251/251 250/250/250
f 251/251/251 252/252/252 250/250/250
f 253/253/253 255/255/255 254/254/254
f 255/255/255 256/256/256 254/254/254
f 257/257/257 259/259/259 258/258/258
f 259/259/259 260/260/260 258/258/258
f 261/261/261 263/263/263 262/262/262
f 263/263/263 264/264/264 262/262/262
o gym_coping_right_12
usemtl coping_gray
v 13.309999996423722 10.81999999716878 -4.624999856948854
v 13.309999996423722 10.81999999716878 -16.925000047683717
v 13.309999996423722 10.500000004321338 -4.624999856948854
v 13.309999996423722 10.500000004321338 -16.925000047683717
v 12.990000003576279 10.81999999716878 -16.925000047683717
v 12.990000003576279 10.81999999716878 -4.624999856948854
v 12.990000003576279 10.500000004321338 -16.925000047683717
v 12.990000003576279 10.500000004321338 -4.624999856948854
v 12.990000003576279 10.81999999716878 -16.925000047683717
v 13.309999996423722 10.81999999716878 -16.925000047683717
v 12.990000003576279 10.81999999716878 -4.624999856948854
v 13.309999996423722 10.81999999716878 -4.624999856948854
v 12.990000003576279 10.500000004321338 -4.624999856948854
v 13.309999996423722 10.500000004321338 -4.624999856948854
v 12.990000003576279 10.500000004321338 -16.925000047683717
v 13.309999996423722 10.500000004321338 -16.925000047683717
v 12.990000003576279 10.81999999716878 -4.624999856948854
v 13.309999996423722 10.81999999716878 -4.624999856948854
v 12.990000003576279 10.500000004321338 -4.624999856948854
v 13.309999996423722 10.500000004321338 -4.624999856948854
v 13.309999996423722 10.81999999716878 -16.925000047683717
v 12.990000003576279 10.81999999716878 -16.925000047683717
v 13.309999996423722 10.500000004321338 -16.925000047683717
v 12.990000003576279 10.500000004321338 -16.925000047683717
vt 0 1
vt 1 1
vt 0 0
vt 1 0
vt 0 1
vt 1 1
vt 0 0
vt 1 0
vt 0 1
vt 1 1
vt 0 0
vt 1 0
vt 0 1
vt 1 1
vt 0 0
vt 1 0
vt 0 1
vt 1 1
vt 0 0
vt 1 0
vt 0 1
vt 1 1
vt 0 0
vt 1 0
vn 1 0 0
vn 1 0 0
vn 1 0 0
vn 1 0 0
vn -1 0 0
vn -1 0 0
vn -1 0 0
vn -1 0 0
vn 0 1 0
vn 0 1 0
vn 0 1 0
vn 0 1 0
vn 0 -1 0
vn 0 -1 0
vn 0 -1 0
vn 0 -1 0
vn 0 0 1
vn 0 0 1
vn 0 0 1
vn 0 0 1
vn 0 0 -1
vn 0 0 -1
vn 0 0 -1
vn 0 0 -1
f 265/265/265 267/267/267 266/266/266
f 267/267/267 268/268/268 266/266/266
f 269/269/269 271/271/271 270/270/270
f 271/271/271 272/272/272 270/270/270
f 273/273/273 275/275/275 274/274/274
f 275/275/275 276/276/276 274/274/274
f 277/277/277 279/279/279 278/278/278
f 279/279/279 280/280/280 278/278/278
f 281/281/281 283/283/283 282/282/282
f 283/283/283 284/284/284 282/282/282
f 285/285/285 287/287/287 286/286/286
f 287/287/287 288/288/288 286/286/286
o gym_coping_back_13
usemtl coping_gray
v 13.149999618530273 10.81999999716878 -16.45499995589256
v 13.149999618530273 10.81999999716878 -16.774999948740003
v 13.149999618530273 10.500000004321338 -16.45499995589256
v 13.149999618530273 10.500000004321338 -16.774999948740003
v -4.149999618530273 10.81999999716878 -16.774999948740003
v -4.149999618530273 10.81999999716878 -16.45499995589256
v -4.149999618530273 10.500000004321338 -16.774999948740003
v -4.149999618530273 10.500000004321338 -16.45499995589256
v -4.149999618530273 10.81999999716878 -16.774999948740003
v 13.149999618530273 10.81999999716878 -16.774999948740003
v -4.149999618530273 10.81999999716878 -16.45499995589256
v 13.149999618530273 10.81999999716878 -16.45499995589256
v -4.149999618530273 10.500000004321338 -16.45499995589256
v 13.149999618530273 10.500000004321338 -16.45499995589256
v -4.149999618530273 10.500000004321338 -16.774999948740003
v 13.149999618530273 10.500000004321338 -16.774999948740003
v -4.149999618530273 10.81999999716878 -16.45499995589256
v 13.149999618530273 10.81999999716878 -16.45499995589256
v -4.149999618530273 10.500000004321338 -16.45499995589256
v 13.149999618530273 10.500000004321338 -16.45499995589256
v 13.149999618530273 10.81999999716878 -16.774999948740003
v -4.149999618530273 10.81999999716878 -16.774999948740003
v 13.149999618530273 10.500000004321338 -16.774999948740003
v -4.149999618530273 10.500000004321338 -16.774999948740003
vt 0 1
vt 1 1
vt 0 0
vt 1 0
vt 0 1
vt 1 1
vt 0 0
vt 1 0
vt 0 1
vt 1 1
vt 0 0
vt 1 0
vt 0 1
vt 1 1
vt 0 0
vt 1 0
vt 0 1
vt 1 1
vt 0 0
vt 1 0
vt 0 1
vt 1 1
vt 0 0
vt 1 0
vn 1 0 0
vn 1 0 0
vn 1 0 0
vn 1 0 0
vn -1 0 0
vn -1 0 0
vn -1 0 0
vn -1 0 0
vn 0 1 0
vn 0 1 0
vn 0 1 0
vn 0 1 0
vn 0 -1 0
vn 0 -1 0
vn 0 -1 0
vn 0 -1 0
vn 0 0 1
vn 0 0 1
vn 0 0 1
vn 0 0 1
vn 0 0 -1
vn 0 0 -1
vn 0 0 -1
vn 0 0 -1
f 289/289/289 291/291/291 290/290/290
f 291/291/291 292/292/292 290/290/290
f 293/293/293 295/295/295 294/294/294
f 295/295/295 296/296/296 294/294/294
f 297/297/297 299/299/299 298/298/298
f 299/299/299 300/300/300 298/298/298
f 301/301/301 303/303/303 302/302/302
f 303/303/303 304/304/304 302/302/302
f 305/305/305 307/307/307 306/306/306
f 307/307/307 308/308/308 306/306/306
f 309/309/309 311/311/311 310/310/310
f 311/311/311 312/312/312 310/310/310
o gym_band_brick_14
usemtl brick_dark
v 13.024999618530273 9.00000000074506 -4.749999856948854
v 13.024999618530273 9.00000000074506 -16.800000047683717
v 13.024999618530273 8.50000000074506 -4.749999856948854
v 13.024999618530273 8.50000000074506 -16.800000047683717
v -4.024999618530273 9.00000000074506 -16.800000047683717
v -4.024999618530273 9.00000000074506 -4.749999856948854
v -4.024999618530273 8.50000000074506 -16.800000047683717
v -4.024999618530273 8.50000000074506 -4.749999856948854
v -4.024999618530273 9.00000000074506 -16.800000047683717
v 13.024999618530273 9.00000000074506 -16.800000047683717
v -4.024999618530273 9.00000000074506 -4.749999856948854
v 13.024999618530273 9.00000000074506 -4.749999856948854
v -4.024999618530273 8.50000000074506 -4.749999856948854
v 13.024999618530273 8.50000000074506 -4.749999856948854
v -4.024999618530273 8.50000000074506 -16.800000047683717
v 13.024999618530273 8.50000000074506 -16.800000047683717
v -4.024999618530273 9.00000000074506 -4.749999856948854
v 13.024999618530273 9.00000000074506 -4.749999856948854
v -4.024999618530273 8.50000000074506 -4.749999856948854
v 13.024999618530273 8.50000000074506 -4.749999856948854
v 13.024999618530273 9.00000000074506 -16.800000047683717
v -4.024999618530273 9.00000000074506 -16.800000047683717
v 13.024999618530273 8.50000000074506 -16.800000047683717
v -4.024999618530273 8.50000000074506 -16.800000047683717
vt 0 1
vt 1 1
vt 0 0
vt 1 0
vt 0 1
vt 1 1
vt 0 0
vt 1 0
vt 0 1
vt 1 1
vt 0 0
vt 1 0
vt 0 1
vt 1 1
vt 0 0
vt 1 0
vt 0 1
vt 1 1
vt 0 0
vt 1 0
vt 0 1
vt 1 1
vt 0 0
vt 1 0
vn 1 0 0
vn 1 0 0
vn 1 0 0
vn 1 0 0
vn -1 0 0
vn -1 0 0
vn -1 0 0
vn -1 0 0
vn 0 1 0
vn 0 1 0
vn 0 1 0
vn 0 1 0
vn 0 -1 0
vn 0 -1 0
vn 0 -1 0
vn 0 -1 0
vn 0 0 1
vn 0 0 1
vn 0 0 1
vn 0 0 1
vn 0 0 -1
vn 0 0 -1
vn 0 0 -1
vn 0 0 -1
f 313/313/313 315/315/315 314/314/314
f 315/315/315 316/316/316 314/314/314
f 317/317/317 319/319/319 318/318/318
f 319/319/319 320/320/320 318/318/318
f 321/321/321 323/323/323 322/322/322
f 323/323/323 324/324/324 322/322/322
f 325/325/325 327/327/327 326/326/326
f 327/327/327 328/328/328 326/326/326
f 329/329/329 331/331/331 330/330/330
f 331/331/331 332/332/332 330/330/330
f 333/333/333 335/335/335 334/334/334
f 335/335/335 336/336/336 334/334/334
o corner_pier_15
usemtl brick
v 14.500000047683717 7.699999953061342 9.125
v 14.500000047683717 7.699999953061342 4.525000095367432
v 14.500000047683717 0.10000004842877352 9.125
v 14.500000047683717 0.10000004842877352 4.525000095367432
v 10.099999952316285 7.699999953061342 4.525000095367432
v 10.099999952316285 7.699999953061342 9.125
v 10.099999952316285 0.10000004842877352 4.525000095367432
v 10.099999952316285 0.10000004842877352 9.125
v 10.099999952316285 7.699999953061342 4.525000095367432
v 14.500000047683717 7.699999953061342 4.525000095367432
v 10.099999952316285 7.699999953061342 9.125
v 14.500000047683717 7.699999953061342 9.125
v 10.099999952316285 0.10000004842877352 9.125
v 14.500000047683717 0.10000004842877352 9.125
v 10.099999952316285 0.10000004842877352 4.525000095367432
v 14.500000047683717 0.10000004842877352 4.525000095367432
v 10.099999952316285 7.699999953061342 9.125
v 14.500000047683717 7.699999953061342 9.125
v 10.099999952316285 0.10000004842877352 9.125
v 14.500000047683717 0.10000004842877352 9.125
v 14.500000047683717 7.699999953061342 4.525000095367432
v 10.099999952316285 7.699999953061342 4.525000095367432
v 14.500000047683717 0.10000004842877352 4.525000095367432
v 10.099999952316285 0.10000004842877352 4.525000095367432
vt 0 1
vt 1 1
vt 0 0
vt 1 0
vt 0 1
vt 1 1
vt 0 0
vt 1 0
vt 0 1
vt 1 1
vt 0 0
vt 1 0
vt 0 1
vt 1 1
vt 0 0
vt 1 0
vt 0 1
vt 1 1
vt 0 0
vt 1 0
vt 0 1
vt 1 1
vt 0 0
vt 1 0
vn 1 0 0
vn 1 0 0
vn 1 0 0
vn 1 0 0
vn -1 0 0
vn -1 0 0
vn -1 0 0
vn -1 0 0
vn 0 1 0
vn 0 1 0
vn 0 1 0
vn 0 1 0
vn 0 -1 0
vn 0 -1 0
vn 0 -1 0
vn 0 -1 0
vn 0 0 1
vn 0 0 1
vn 0 0 1
vn 0 0 1
vn 0 0 -1
vn 0 0 -1
vn 0 0 -1
vn 0 0 -1
f 337/337/337 339/339/339 338/338/338
f 339/339/339 340/340/340 338/338/338
f 341/341/341 343/343/343 342/342/342
f 343/343/343 344/344/344 342/342/342
f 345/345/345 347/347/347 346/346/346
f 347/347/347 348/348/348 346/346/346
f 349/349/349 351/351/351 350/350/350
f 351/351/351 352/352/352 350/350/350
f 353/353/353 355/355/355 354/354/354
f 355/355/355 356/356/356 354/354/354
f 357/357/357 359/359/359 358/358/358
f 359/359/359 360/360/360 358/358/358
o corner_pier_cap_16
usemtl coping_gray
v 14.649999904632569 8.040000002533198 9.275000095367432
v 14.649999904632569 8.040000002533198 4.375
v 14.649999904632569 7.699999998956918 9.275000095367432
v 14.649999904632569 7.699999998956918 4.375
v 9.950000095367432 8.040000002533198 4.375
v 9.950000095367432 8.040000002533198 9.275000095367432
v 9.950000095367432 7.699999998956918 4.375
v 9.950000095367432 7.699999998956918 9.275000095367432
v 9.950000095367432 8.040000002533198 4.375
v 14.649999904632569 8.040000002533198 4.375
v 9.950000095367432 8.040000002533198 9.275000095367432
v 14.649999904632569 8.040000002533198 9.275000095367432
v 9.950000095367432 7.699999998956918 9.275000095367432
v 14.649999904632569 7.699999998956918 9.275000095367432
v 9.950000095367432 7.699999998956918 4.375
v 14.649999904632569 7.699999998956918 4.375
v 9.950000095367432 8.040000002533198 9.275000095367432
v 14.649999904632569 8.040000002533198 9.275000095367432
v 9.950000095367432 7.699999998956918 9.275000095367432
v 14.649999904632569 7.699999998956918 9.275000095367432
v 14.649999904632569 8.040000002533198 4.375
v 9.950000095367432 8.040000002533198 4.375
v 14.649999904632569 7.699999998956918 4.375
v 9.950000095367432 7.699999998956918 4.375
vt 0 1
vt 1 1
vt 0 0
vt 1 0
vt 0 1
vt 1 1
vt 0 0
vt 1 0
vt 0 1
vt 1 1
vt 0 0
vt 1 0
vt 0 1
vt 1 1
vt 0 0
vt 1 0
vt 0 1
vt 1 1
vt 0 0
vt 1 0
vt 0 1
vt 1 1
vt 0 0
vt 1 0
vn 1 0 0
vn 1 0 0
vn 1 0 0
vn 1 0 0
vn -1 0 0
vn -1 0 0
vn -1 0 0
vn -1 0 0
vn 0 1 0
vn 0 1 0
vn 0 1 0
vn 0 1 0
vn 0 -1 0
vn 0 -1 0
vn 0 -1 0
vn 0 -1 0
vn 0 0 1
vn 0 0 1
vn 0 0 1
vn 0 0 1
vn 0 0 -1
vn 0 0 -1
vn 0 0 -1
vn 0 0 -1
f 361/361/361 363/363/363 362/362/362
f 363/363/363 364/364/364 362/362/362
f 365/365/365 367/367/367 366/366/366
f 367/367/367 368/368/368 366/366/366
f 369/369/369 371/371/371 370/370/370
f 371/371/371 372/372/372 370/370/370
f 373/373/373 375/375/375 374/374/374
f 375/375/375 376/376/376 374/374/374
f 377/377/377 379/379/379 378/378/378
f 379/379/379 380/380/380 378/378/378
f 381/381/381 383/383/383 382/382/382
f 383/383/383 384/384/384 382/382/382
o corner_pier_band_17
usemtl brick_dark
v 14.524999904632569 7.00000000372529 9.150000095367432
v 14.524999904632569 7.00000000372529 4.5
v 14.524999904632569 6.599999997764826 9.150000095367432
v 14.524999904632569 6.599999997764826 4.5
v 10.075000095367432 7.00000000372529 4.5
v 10.075000095367432 7.00000000372529 9.150000095367432
v 10.075000095367432 6.599999997764826 4.5
v 10.075000095367432 6.599999997764826 9.150000095367432
v 10.075000095367432 7.00000000372529 4.5
v 14.524999904632569 7.00000000372529 4.5
v 10.075000095367432 7.00000000372529 9.150000095367432
v 14.524999904632569 7.00000000372529 9.150000095367432
v 10.075000095367432 6.599999997764826 9.150000095367432
v 14.524999904632569 6.599999997764826 9.150000095367432
v 10.075000095367432 6.599999997764826 4.5
v 14.524999904632569 6.599999997764826 4.5
v 10.075000095367432 7.00000000372529 9.150000095367432
v 14.524999904632569 7.00000000372529 9.150000095367432
v 10.075000095367432 6.599999997764826 9.150000095367432
v 14.524999904632569 6.599999997764826 9.150000095367432
v 14.524999904632569 7.00000000372529 4.5
v 10.075000095367432 7.00000000372529 4.5
v 14.524999904632569 6.599999997764826 4.5
v 10.075000095367432 6.599999997764826 4.5
vt 0 1
vt 1 1
vt 0 0
vt 1 0
vt 0 1
vt 1 1
vt 0 0
vt 1 0
vt 0 1
vt 1 1
vt 0 0
vt 1 0
vt 0 1
vt 1 1
vt 0 0
vt 1 0
vt 0 1
vt 1 1
vt 0 0
vt 1 0
vt 0 1
vt 1 1
vt 0 0
vt 1 0
vn 1 0 0
vn 1 0 0
vn 1 0 0
vn 1 0 0
vn -1 0 0
vn -1 0 0
vn -1 0 0
vn -1 0 0
vn 0 1 0
vn 0 1 0
vn 0 1 0
vn 0 1 0
vn 0 -1 0
vn 0 -1 0
vn 0 -1 0
vn 0 -1 0
vn 0 0 1
vn 0 0 1
vn 0 0 1
vn 0 0 1
vn 0 0 -1
vn 0 0 -1
vn 0 0 -1
vn 0 0 -1
f 385/385/385 387/387/387 386/386/386
f 387/387/387 388/388/388 386/386/386
f 389/389/389 391/391/391 390/390/390
f 391/391/391 392/392/392 390/390/390
f 393/393/393 395/395/395 394/394/394
f 395/395/395 396/396/396 394/394/394
f 397/397/397 399/399/399 398/398/398
f 399/399/399 400/400/400 398/398/398
f 401/401/401 403/403/403 402/402/402
f 403/403/403 404/404/404 402/402/402
f 405/405/405 407/407/407 406/406/406
f 407/407/407 408/408/408 406/406/406
o base_course_front_18
usemtl brick_dark
v 15.050000190734863 0.6500000067055225 8.945000046342612
v 15.050000190734863 0.6500000067055225 8.82500004902482
v 15.050000190734863 0.0999999947845936 8.945000046342612
v 15.050000190734863 0.0999999947845936 8.82500004902482
v -15.050000190734863 0.6500000067055225 8.82500004902482
v -15.050000190734863 0.6500000067055225 8.945000046342612
v -15.050000190734863 0.0999999947845936 8.82500004902482
v -15.050000190734863 0.0999999947845936 8.945000046342612
v -15.050000190734863 0.6500000067055225 8.82500004902482
v 15.050000190734863 0.6500000067055225 8.82500004902482
v -15.050000190734863 0.6500000067055225 8.945000046342612
v 15.050000190734863 0.6500000067055225 8.945000046342612
v -15.050000190734863 0.0999999947845936 8.945000046342612
v 15.050000190734863 0.0999999947845936 8.945000046342612
v -15.050000190734863 0.0999999947845936 8.82500004902482
v 15.050000190734863 0.0999999947845936 8.82500004902482
v -15.050000190734863 0.6500000067055225 8.945000046342612
v 15.050000190734863 0.6500000067055225 8.945000046342612
v -15.050000190734863 0.0999999947845936 8.945000046342612
v 15.050000190734863 0.0999999947845936 8.945000046342612
v 15.050000190734863 0.6500000067055225 8.82500004902482
v -15.050000190734863 0.6500000067055225 8.82500004902482
v 15.050000190734863 0.0999999947845936 8.82500004902482
v -15.050000190734863 0.0999999947845936 8.82500004902482
vt 0 1
vt 1 1
vt 0 0
vt 1 0
vt 0 1
vt 1 1
vt 0 0
vt 1 0
vt 0 1
vt 1 1
vt 0 0
vt 1 0
vt 0 1
vt 1 1
vt 0 0
vt 1 0
vt 0 1
vt 1 1
vt 0 0
vt 1 0
vt 0 1
vt 1 1
vt 0 0
vt 1 0
vn 1 0 0
vn 1 0 0
vn 1 0 0
vn 1 0 0
vn -1 0 0
vn -1 0 0
vn -1 0 0
vn -1 0 0
vn 0 1 0
vn 0 1 0
vn 0 1 0
vn 0 1 0
vn 0 -1 0
vn 0 -1 0
vn 0 -1 0
vn 0 -1 0
vn 0 0 1
vn 0 0 1
vn 0 0 1
vn 0 0 1
vn 0 0 -1
vn 0 0 -1
vn 0 0 -1
vn 0 0 -1
f 409/409/409 411/411/411 410/410/410
f 411/411/411 412/412/412 410/410/410
f 413/413/413 415/415/415 414/414/414
f 415/415/415 416/416/416 414/414/414
f 417/417/417 419/419/419 418/418/418
f 419/419/419 420/420/420 418/418/418
f 421/421/421 423/423/423 422/422/422
f 423/423/423 424/424/424 422/422/422
f 425/425/425 427/427/427 426/426/426
f 427/427/427 428/428/428 426/426/426
f 429/429/429 431/431/431 430/430/430
f 431/431/431 432/432/432 430/430/430
o base_course_pier_19
usemtl brick_dark
v 14.524999904632569 0.6500000067055225 9.225000048428774
v 14.524999904632569 0.6500000067055225 9.125000046938657
v 14.524999904632569 0.0999999947845936 9.225000048428774
v 14.524999904632569 0.0999999947845936 9.125000046938657
v 10.075000095367432 0.6500000067055225 9.125000046938657
v 10.075000095367432 0.6500000067055225 9.225000048428774
v 10.075000095367432 0.0999999947845936 9.125000046938657
v 10.075000095367432 0.0999999947845936 9.225000048428774
v 10.075000095367432 0.6500000067055225 9.125000046938657
v 14.524999904632569 0.6500000067055225 9.125000046938657
v 10.075000095367432 0.6500000067055225 9.225000048428774
v 14.524999904632569 0.6500000067055225 9.225000048428774
v 10.075000095367432 0.0999999947845936 9.225000048428774
v 14.524999904632569 0.0999999947845936 9.225000048428774
v 10.075000095367432 0.0999999947845936 9.125000046938657
v 14.524999904632569 0.0999999947845936 9.125000046938657
v 10.075000095367432 0.6500000067055225 9.225000048428774
v 14.524999904632569 0.6500000067055225 9.225000048428774
v 10.075000095367432 0.0999999947845936 9.225000048428774
v 14.524999904632569 0.0999999947845936 9.225000048428774
v 14.524999904632569 0.6500000067055225 9.125000046938657
v 10.075000095367432 0.6500000067055225 9.125000046938657
v 14.524999904632569 0.0999999947845936 9.125000046938657
v 10.075000095367432 0.0999999947845936 9.125000046938657
vt 0 1
vt 1 1
vt 0 0
vt 1 0
vt 0 1
vt 1 1
vt 0 0
vt 1 0
vt 0 1
vt 1 1
vt 0 0
vt 1 0
vt 0 1
vt 1 1
vt 0 0
vt 1 0
vt 0 1
vt 1 1
vt 0 0
vt 1 0
vt 0 1
vt 1 1
vt 0 0
vt 1 0
vn 1 0 0
vn 1 0 0
vn 1 0 0
vn 1 0 0
vn -1 0 0
vn -1 0 0
vn -1 0 0
vn -1 0 0
vn 0 1 0
vn 0 1 0
vn 0 1 0
vn 0 1 0
vn 0 -1 0
vn 0 -1 0
vn 0 -1 0
vn 0 -1 0
vn 0 0 1
vn 0 0 1
vn 0 0 1
vn 0 0 1
vn 0 0 -1
vn 0 0 -1
vn 0 0 -1
vn 0 0 -1
f 433/433/433 435/435/435 434/434/434
f 435/435/435 436/436/436 434/434/434
f 437/437/437 439/439/439 438/438/438
f 439/439/439 440/440/440 438/438/438
f 441/441/441 443/443/443 442/442/442
f 443/443/443 444/444/444 442/442/442
f 445/445/445 447/447/447 446/446/446
f 447/447/447 448/448/448 446/446/446
f 449/449/449 451/451/451 450/450/450
f 451/451/451 452/452/452 450/450/450
f 453/453/453 455/455/455 454/454/454
f 455/455/455 456/456/456 454/454/454
o canopy_soffit_20
usemtl cream_band
v 8.05 4.300000000745058 13.024999952316284
v 8.05 4.300000000745058 8.825000143051147
v 8.05 3.800000000745058 13.024999952316284
v 8.05 3.800000000745058 8.825000143051147
v -12.45 4.300000000745058 8.825000143051147
v -12.45 4.300000000745058 13.024999952316284
v -12.45 3.800000000745058 8.825000143051147
v -12.45 3.800000000745058 13.024999952316284
v -12.45 4.300000000745058 8.825000143051147
v 8.05 4.300000000745058 8.825000143051147
v -12.45 4.300000000745058 13.024999952316284
v 8.05 4.300000000745058 13.024999952316284
v -12.45 3.800000000745058 13.024999952316284
v 8.05 3.800000000745058 13.024999952316284
v -12.45 3.800000000745058 8.825000143051147
v 8.05 3.800000000745058 8.825000143051147
v -12.45 4.300000000745058 13.024999952316284
v 8.05 4.300000000745058 13.024999952316284
v -12.45 3.800000000745058 13.024999952316284
v 8.05 3.800000000745058 13.024999952316284
v 8.05 4.300000000745058 8.825000143051147
v -12.45 4.300000000745058 8.825000143051147
v 8.05 3.800000000745058 8.825000143051147
v -12.45 3.800000000745058 8.825000143051147
vt 0 1
vt 1 1
vt 0 0
vt 1 0
vt 0 1
vt 1 1
vt 0 0
vt 1 0
vt 0 1
vt 1 1
vt 0 0
vt 1 0
vt 0 1
vt 1 1
vt 0 0
vt 1 0
vt 0 1
vt 1 1
vt 0 0
vt 1 0
vt 0 1
vt 1 1
vt 0 0
vt 1 0
vn 1 0 0
vn 1 0 0
vn 1 0 0
vn 1 0 0
vn -1 0 0
vn -1 0 0
vn -1 0 0
vn -1 0 0
vn 0 1 0
vn 0 1 0
vn 0 1 0
vn 0 1 0
vn 0 -1 0
vn 0 -1 0
vn 0 -1 0
vn 0 -1 0
vn 0 0 1
vn 0 0 1
vn 0 0 1
vn 0 0 1
vn 0 0 -1
vn 0 0 -1
vn 0 0 -1
vn 0 0 -1
f 457/457/457 459/459/459 458/458/458
f 459/459/459 460/460/460 458/458/458
f 461/461/461 463/463/463 462/462/462
f 463/463/463 464/464/464 462/462/462
f 465/465/465 467/467/467 466/466/466
f 467/467/467 468/468/468 466/466/466
f 469/469/469 471/471/471 470/470/470
f 471/471/471 472/472/472 470/470/470
f 473/473/473 475/475/475 474/474/474
f 475/475/475 476/476/476 474/474/474
f 477/477/477 479/479/479 478/478/478
f 479/479/479 480/480/480 478/478/478
o canopy_fascia_21
usemtl cream_band
v 8.05 5.800000000745058 13.025000044703484
v 8.05 5.800000000745058 12.675000050663948
v 8.05 4.300000000745058 13.025000044703484
v 8.05 4.300000000745058 12.675000050663948
v -12.45 5.800000000745058 12.675000050663948
v -12.45 5.800000000745058 13.025000044703484
v -12.45 4.300000000745058 12.675000050663948
v -12.45 4.300000000745058 13.025000044703484
v -12.45 5.800000000745058 12.675000050663948
v 8.05 5.800000000745058 12.675000050663948
v -12.45 5.800000000745058 13.025000044703484
v 8.05 5.800000000745058 13.025000044703484
v -12.45 4.300000000745058 13.025000044703484
v 8.05 4.300000000745058 13.025000044703484
v -12.45 4.300000000745058 12.675000050663948
v 8.05 4.300000000745058 12.675000050663948
v -12.45 5.800000000745058 13.025000044703484
v 8.05 5.800000000745058 13.025000044703484
v -12.45 4.300000000745058 13.025000044703484
v 8.05 4.300000000745058 13.025000044703484
v 8.05 5.800000000745058 12.675000050663948
v -12.45 5.800000000745058 12.675000050663948
v 8.05 4.300000000745058 12.675000050663948
v -12.45 4.300000000745058 12.675000050663948
vt 0 1
vt 1 1
vt 0 0
vt 1 0
vt 0 1
vt 1 1
vt 0 0
vt 1 0
vt 0 1
vt 1 1
vt 0 0
vt 1 0
vt 0 1
vt 1 1
vt 0 0
vt 1 0
vt 0 1
vt 1 1
vt 0 0
vt 1 0
vt 0 1
vt 1 1
vt 0 0
vt 1 0
vn 1 0 0
vn 1 0 0
vn 1 0 0
vn 1 0 0
vn -1 0 0
vn -1 0 0
vn -1 0 0
vn -1 0 0
vn 0 1 0
vn 0 1 0
vn 0 1 0
vn 0 1 0
vn 0 -1 0
vn 0 -1 0
vn 0 -1 0
vn 0 -1 0
vn 0 0 1
vn 0 0 1
vn 0 0 1
vn 0 0 1
vn 0 0 -1
vn 0 0 -1
vn 0 0 -1
vn 0 0 -1
f 481/481/481 483/483/483 482/482/482
f 483/483/483 484/484/484 482/482/482
f 485/485/485 487/487/487 486/486/486
f 487/487/487 488/488/488 486/486/486
f 489/489/489 491/491/491 490/490/490
f 491/491/491 492/492/492 490/490/490
f 493/493/493 495/495/495 494/494/494
f 495/495/495 496/496/496 494/494/494
f 497/497/497 499/499/499 498/498/498
f 499/499/499 500/500/500 498/498/498
f 501/501/501 503/503/503 502/502/502
f 503/503/503 504/504/504 502/502/502
o canopy_fascia_left_22
usemtl cream_band
v -12.10000000298023 5.800000000745058 13.024999952316284
v -12.10000000298023 5.800000000745058 8.825000143051147
v -12.10000000298023 4.300000000745058 13.024999952316284
v -12.10000000298023 4.300000000745058 8.825000143051147
v -12.449999997019766 5.800000000745058 8.825000143051147
v -12.449999997019766 5.800000000745058 13.024999952316284
v -12.449999997019766 4.300000000745058 8.825000143051147
v -12.449999997019766 4.300000000745058 13.024999952316284
v -12.449999997019766 5.800000000745058 8.825000143051147
v -12.10000000298023 5.800000000745058 8.825000143051147
v -12.449999997019766 5.800000000745058 13.024999952316284
v -12.10000000298023 5.800000000745058 13.024999952316284
v -12.449999997019766 4.300000000745058 13.024999952316284
v -12.10000000298023 4.300000000745058 13.024999952316284
v -12.449999997019766 4.300000000745058 8.825000143051147
v -12.10000000298023 4.300000000745058 8.825000143051147
v -12.449999997019766 5.800000000745058 13.024999952316284
v -12.10000000298023 5.800000000745058 13.024999952316284
v -12.449999997019766 4.300000000745058 13.024999952316284
v -12.10000000298023 4.300000000745058 13.024999952316284
v -12.10000000298023 5.800000000745058 8.825000143051147
v -12.449999997019766 5.800000000745058 8.825000143051147
v -12.10000000298023 4.300000000745058 8.825000143051147
v -12.449999997019766 4.300000000745058 8.825000143051147
vt 0 1
vt 1 1
vt 0 0
vt 1 0
vt 0 1
vt 1 1
vt 0 0
vt 1 0
vt 0 1
vt 1 1
vt 0 0
vt 1 0
vt 0 1
vt 1 1
vt 0 0
vt 1 0
vt 0 1
vt 1 1
vt 0 0
vt 1 0
vt 0 1
vt 1 1
vt 0 0
vt 1 0
vn 1 0 0
vn 1 0 0
vn 1 0 0
vn 1 0 0
vn -1 0 0
vn -1 0 0
vn -1 0 0
vn -1 0 0
vn 0 1 0
vn 0 1 0
vn 0 1 0
vn 0 1 0
vn 0 -1 0
vn 0 -1 0
vn 0 -1 0
vn 0 -1 0
vn 0 0 1
vn 0 0 1
vn 0 0 1
vn 0 0 1
vn 0 0 -1
vn 0 0 -1
vn 0 0 -1
vn 0 0 -1
f 505/505/505 507/507/507 506/506/506
f 507/507/507 508/508/508 506/506/506
f 509/509/509 511/511/511 510/510/510
f 511/511/511 512/512/512 510/510/510
f 513/513/513 515/515/515 514/514/514
f 515/515/515 516/516/516 514/514/514
f 517/517/517 519/519/519 518/518/518
f 519/519/519 520/520/520 518/518/518
f 521/521/521 523/523/523 522/522/522
f 523/523/523 524/524/524 522/522/522
f 525/525/525 527/527/527 526/526/526
f 527/527/527 528/528/528 526/526/526
o canopy_fascia_right_23
usemtl cream_band
v 8.049999997019768 5.800000000745058 13.024999952316284
v 8.049999997019768 5.800000000745058 8.825000143051147
v 8.049999997019768 4.300000000745058 13.024999952316284
v 8.049999997019768 4.300000000745058 8.825000143051147
v 7.700000002980233 5.800000000745058 8.825000143051147
v 7.700000002980233 5.800000000745058 13.024999952316284
v 7.700000002980233 4.300000000745058 8.825000143051147
v 7.700000002980233 4.300000000745058 13.024999952316284
v 7.700000002980233 5.800000000745058 8.825000143051147
v 8.049999997019768 5.800000000745058 8.825000143051147
v 7.700000002980233 5.800000000745058 13.024999952316284
v 8.049999997019768 5.800000000745058 13.024999952316284
v 7.700000002980233 4.300000000745058 13.024999952316284
v 8.049999997019768 4.300000000745058 13.024999952316284
v 7.700000002980233 4.300000000745058 8.825000143051147
v 8.049999997019768 4.300000000745058 8.825000143051147
v 7.700000002980233 5.800000000745058 13.024999952316284
v 8.049999997019768 5.800000000745058 13.024999952316284
v 7.700000002980233 4.300000000745058 13.024999952316284
v 8.049999997019768 4.300000000745058 13.024999952316284
v 8.049999997019768 5.800000000745058 8.825000143051147
v 7.700000002980233 5.800000000745058 8.825000143051147
v 8.049999997019768 4.300000000745058 8.825000143051147
v 7.700000002980233 4.300000000745058 8.825000143051147
vt 0 1
vt 1 1
vt 0 0
vt 1 0
vt 0 1
vt 1 1
vt 0 0
vt 1 0
vt 0 1
vt 1 1
vt 0 0
vt 1 0
vt 0 1
vt 1 1
vt 0 0
vt 1 0
vt 0 1
vt 1 1
vt 0 0
vt 1 0
vt 0 1
vt 1 1
vt 0 0
vt 1 0
vn 1 0 0
vn 1 0 0
vn 1 0 0
vn 1 0 0
vn -1 0 0
vn -1 0 0
vn -1 0 0
vn -1 0 0
vn 0 1 0
vn 0 1 0
vn 0 1 0
vn 0 1 0
vn 0 -1 0
vn 0 -1 0
vn 0 -1 0
vn 0 -1 0
vn 0 0 1
vn 0 0 1
vn 0 0 1
vn 0 0 1
vn 0 0 -1
vn 0 0 -1
vn 0 0 -1
vn 0 0 -1
f 529/529/529 531/531/531 530/530/530
f 531/531/531 532/532/532 530/530/530
f 533/533/533 535/535/535 534/534/534
f 535/535/535 536/536/536 534/534/534
f 537/537/537 539/539/539 538/538/538
f 539/539/539 540/540/540 538/538/538
f 541/541/541 543/543/543 542/542/542
f 543/543/543 544/544/544 542/542/542
f 545/545/545 547/547/547 546/546/546
f 547/547/547 548/548/548 546/546/546
f 549/549/549 551/551/551 550/550/550
f 551/551/551 552/552/552 550/550/550
o canopy_top_slab_24
usemtl coping_gray
v 8.100000190734864 6.020000000149012 13.024999952316284
v 8.100000190734864 6.020000000149012 8.825000143051147
v 8.100000190734864 5.800000001341105 13.024999952316284
v 8.100000190734864 5.800000001341105 8.825000143051147
v -12.500000190734863 6.020000000149012 8.825000143051147
v -12.500000190734863 6.020000000149012 13.024999952316284
v -12.500000190734863 5.800000001341105 8.825000143051147
v -12.500000190734863 5.800000001341105 13.024999952316284
v -12.500000190734863 6.020000000149012 8.825000143051147
v 8.100000190734864 6.020000000149012 8.825000143051147
v -12.500000190734863 6.020000000149012 13.024999952316284
v 8.100000190734864 6.020000000149012 13.024999952316284
v -12.500000190734863 5.800000001341105 13.024999952316284
v 8.100000190734864 5.800000001341105 13.024999952316284
v -12.500000190734863 5.800000001341105 8.825000143051147
v 8.100000190734864 5.800000001341105 8.825000143051147
v -12.500000190734863 6.020000000149012 13.024999952316284
v 8.100000190734864 6.020000000149012 13.024999952316284
v -12.500000190734863 5.800000001341105 13.024999952316284
v 8.100000190734864 5.800000001341105 13.024999952316284
v 8.100000190734864 6.020000000149012 8.825000143051147
v -12.500000190734863 6.020000000149012 8.825000143051147
v 8.100000190734864 5.800000001341105 8.825000143051147
v -12.500000190734863 5.800000001341105 8.825000143051147
vt 0 1
vt 1 1
vt 0 0
vt 1 0
vt 0 1
vt 1 1
vt 0 0
vt 1 0
vt 0 1
vt 1 1
vt 0 0
vt 1 0
vt 0 1
vt 1 1
vt 0 0
vt 1 0
vt 0 1
vt 1 1
vt 0 0
vt 1 0
vt 0 1
vt 1 1
vt 0 0
vt 1 0
vn 1 0 0
vn 1 0 0
vn 1 0 0
vn 1 0 0
vn -1 0 0
vn -1 0 0
vn -1 0 0
vn -1 0 0
vn 0 1 0
vn 0 1 0
vn 0 1 0
vn 0 1 0
vn 0 -1 0
vn 0 -1 0
vn 0 -1 0
vn 0 -1 0
vn 0 0 1
vn 0 0 1
vn 0 0 1
vn 0 0 1
vn 0 0 -1
vn 0 0 -1
vn 0 0 -1
vn 0 0 -1
f 553/553/553 555/555/555 554/554/554
f 555/555/555 556/556/556 554/554/554
f 557/557/557 559/559/559 558/558/558
f 559/559/559 560/560/560 558/558/558
f 561/561/561 563/563/563 562/562/562
f 563/563/563 564/564/564 562/562/562
f 565/565/565 567/567/567 566/566/566
f 567/567/567 568/568/568 566/566/566
f 569/569/569 571/571/571 570/570/570
f 571/571/571 572/572/572 570/570/570
f 573/573/573 575/575/575 574/574/574
f 575/575/575 576/576/576 574/574/574
o canopy_shadow_reveal_25
usemtl coping_gray
v 8.05 4.4000000043213365 13.095000046342612
v 8.05 4.4000000043213365 12.975000049024821
v 8.05 4.219999997168779 13.095000046342612
v 8.05 4.219999997168779 12.975000049024821
v -12.45 4.4000000043213365 12.975000049024821
v -12.45 4.4000000043213365 13.095000046342612
v -12.45 4.219999997168779 12.975000049024821
v -12.45 4.219999997168779 13.095000046342612
v -12.45 4.4000000043213365 12.975000049024821
v 8.05 4.4000000043213365 12.975000049024821
v -12.45 4.4000000043213365 13.095000046342612
v 8.05 4.4000000043213365 13.095000046342612
v -12.45 4.219999997168779 13.095000046342612
v 8.05 4.219999997168779 13.095000046342612
v -12.45 4.219999997168779 12.975000049024821
v 8.05 4.219999997168779 12.975000049024821
v -12.45 4.4000000043213365 13.095000046342612
v 8.05 4.4000000043213365 13.095000046342612
v -12.45 4.219999997168779 13.095000046342612
v 8.05 4.219999997168779 13.095000046342612
v 8.05 4.4000000043213365 12.975000049024821
v -12.45 4.4000000043213365 12.975000049024821
v 8.05 4.219999997168779 12.975000049024821
v -12.45 4.219999997168779 12.975000049024821
vt 0 1
vt 1 1
vt 0 0
vt 1 0
vt 0 1
vt 1 1
vt 0 0
vt 1 0
vt 0 1
vt 1 1
vt 0 0
vt 1 0
vt 0 1
vt 1 1
vt 0 0
vt 1 0
vt 0 1
vt 1 1
vt 0 0
vt 1 0
vt 0 1
vt 1 1
vt 0 0
vt 1 0
vn 1 0 0
vn 1 0 0
vn 1 0 0
vn 1 0 0
vn -1 0 0
vn -1 0 0
vn -1 0 0
vn -1 0 0
vn 0 1 0
vn 0 1 0
vn 0 1 0
vn 0 1 0
vn 0 -1 0
vn 0 -1 0
vn 0 -1 0
vn 0 -1 0
vn 0 0 1
vn 0 0 1
vn 0 0 1
vn 0 0 1
vn 0 0 -1
vn 0 0 -1
vn 0 0 -1
vn 0 0 -1
f 577/577/577 579/579/579 578/578/578
f 579/579/579 580/580/580 578/578/578
f 581/581/581 583/583/583 582/582/582
f 583/583/583 584/584/584 582/582/582
f 585/585/585 587/587/587 586/586/586
f 587/587/587 588/588/588 586/586/586
f 589/589/589 591/591/591 590/590/590
f 591/591/591 592/592/592 590/590/590
f 593/593/593 595/595/595 594/594/594
f 595/595/595 596/596/596 594/594/594
f 597/597/597 599/599/599 598/598/598
f 599/599/599 600/600/600 598/598/598
o sign_bobcats_26
usemtl maroon_sign
v -6.0000000476837165 5.550000000745058 13.065000047013164
v -6.0000000476837165 5.550000000745058 13.005000048354269
v -6.0000000476837165 4.550000000745058 13.065000047013164
v -6.0000000476837165 4.550000000745058 13.005000048354269
v -11.599999952316285 5.550000000745058 13.005000048354269
v -11.599999952316285 5.550000000745058 13.065000047013164
v -11.599999952316285 4.550000000745058 13.005000048354269
v -11.599999952316285 4.550000000745058 13.065000047013164
v -11.599999952316285 5.550000000745058 13.005000048354269
v -6.0000000476837165 5.550000000745058 13.005000048354269
v -11.599999952316285 5.550000000745058 13.065000047013164
v -6.0000000476837165 5.550000000745058 13.065000047013164
v -11.599999952316285 4.550000000745058 13.065000047013164
v -6.0000000476837165 4.550000000745058 13.065000047013164
v -11.599999952316285 4.550000000745058 13.005000048354269
v -6.0000000476837165 4.550000000745058 13.005000048354269
v -11.599999952316285 5.550000000745058 13.065000047013164
v -6.0000000476837165 5.550000000745058 13.065000047013164
v -11.599999952316285 4.550000000745058 13.065000047013164
v -6.0000000476837165 4.550000000745058 13.065000047013164
v -6.0000000476837165 5.550000000745058 13.005000048354269
v -11.599999952316285 5.550000000745058 13.005000048354269
v -6.0000000476837165 4.550000000745058 13.005000048354269
v -11.599999952316285 4.550000000745058 13.005000048354269
vt 0 1
vt 1 1
vt 0 0
vt 1 0
vt 0 1
vt 1 1
vt 0 0
vt 1 0
vt 0 1
vt 1 1
vt 0 0
vt 1 0
vt 0 1
vt 1 1
vt 0 0
vt 1 0
vt 0 1
vt 1 1
vt 0 0
vt 1 0
vt 0 1
vt 1 1
vt 0 0
vt 1 0
vn 1 0 0
vn 1 0 0
vn 1 0 0
vn 1 0 0
vn -1 0 0
vn -1 0 0
vn -1 0 0
vn -1 0 0
vn 0 1 0
vn 0 1 0
vn 0 1 0
vn 0 1 0
vn 0 -1 0
vn 0 -1 0
vn 0 -1 0
vn 0 -1 0
vn 0 0 1
vn 0 0 1
vn 0 0 1
vn 0 0 1
vn 0 0 -1
vn 0 0 -1
vn 0 0 -1
vn 0 0 -1
f 601/601/601 603/603/603 602/602/602
f 603/603/603 604/604/604 602/602/602
f 605/605/605 607/607/607 606/606/606
f 607/607/607 608/608/608 606/606/606
f 609/609/609 611/611/611 610/610/610
f 611/611/611 612/612/612 610/610/610
f 613/613/613 615/615/615 614/614/614
f 615/615/615 616/616/616 614/614/614
f 617/617/617 619/619/619 618/618/618
f 619/619/619 620/620/620 618/618/618
f 621/621/621 623/623/623 622/622/622
f 623/623/623 624/624/624 622/622/622
o sign_school_name_27
usemtl maroon_sign
v 7.199999952316284 5.550000000745058 13.065000047013164
v 7.199999952316284 5.550000000745058 13.005000048354269
v 7.199999952316284 4.550000000745058 13.065000047013164
v 7.199999952316284 4.550000000745058 13.005000048354269
v 1.6000000476837153 5.550000000745058 13.005000048354269
v 1.6000000476837153 5.550000000745058 13.065000047013164
v 1.6000000476837153 4.550000000745058 13.005000048354269
v 1.6000000476837153 4.550000000745058 13.065000047013164
v 1.6000000476837153 5.550000000745058 13.005000048354269
v 7.199999952316284 5.550000000745058 13.005000048354269
v 1.6000000476837153 5.550000000745058 13.065000047013164
v 7.199999952316284 5.550000000745058 13.065000047013164
v 1.6000000476837153 4.550000000745058 13.065000047013164
v 7.199999952316284 4.550000000745058 13.065000047013164
v 1.6000000476837153 4.550000000745058 13.005000048354269
v 7.199999952316284 4.550000000745058 13.005000048354269
v 1.6000000476837153 5.550000000745058 13.065000047013164
v 7.199999952316284 5.550000000745058 13.065000047013164
v 1.6000000476837153 4.550000000745058 13.065000047013164
v 7.199999952316284 4.550000000745058 13.065000047013164
v 7.199999952316284 5.550000000745058 13.005000048354269
v 1.6000000476837153 5.550000000745058 13.005000048354269
v 7.199999952316284 4.550000000745058 13.005000048354269
v 1.6000000476837153 4.550000000745058 13.005000048354269
vt 0 1
vt 1 1
vt 0 0
vt 1 0
vt 0 1
vt 1 1
vt 0 0
vt 1 0
vt 0 1
vt 1 1
vt 0 0
vt 1 0
vt 0 1
vt 1 1
vt 0 0
vt 1 0
vt 0 1
vt 1 1
vt 0 0
vt 1 0
vt 0 1
vt 1 1
vt 0 0
vt 1 0
vn 1 0 0
vn 1 0 0
vn 1 0 0
vn 1 0 0
vn -1 0 0
vn -1 0 0
vn -1 0 0
vn -1 0 0
vn 0 1 0
vn 0 1 0
vn 0 1 0
vn 0 1 0
vn 0 -1 0
vn 0 -1 0
vn 0 -1 0
vn 0 -1 0
vn 0 0 1
vn 0 0 1
vn 0 0 1
vn 0 0 1
vn 0 0 -1
vn 0 0 -1
vn 0 0 -1
vn 0 0 -1
f 625/625/625 627/627/627 626/626/626
f 627/627/627 628/628/628 626/626/626
f 629/629/629 631/631/631 630/630/630
f 631/631/631 632/632/632 630/630/630
f 633/633/633 635/635/635 634/634/634
f 635/635/635 636/636/636 634/634/634
f 637/637/637 639/639/639 638/638/638
f 639/639/639 640/640/640 638/638/638
f 641/641/641 643/643/643 642/642/642
f 643/643/643 644/644/644 642/642/642
f 645/645/645 647/647/647 646/646/646
f 647/647/647 648/648/648 646/646/646
o lettering_bobcats
usemtl lettering_bobcats_mat
v -11.500000047683717 5.499999988824129 13.075000047683716
v -6.099999952316285 5.499999988824129 13.075000047683716
v -11.500000047683717 4.600000012665987 13.075000047683716
v -6.099999952316285 4.600000012665987 13.075000047683716
vt 0 1
vt 1 1
vt 0 0
vt 1 0
vn 0 0 1
vn 0 0 1
vn 0 0 1
vn 0 0 1
f 649/649/649 651/651/651 650/650/650
f 651/651/651 652/652/652 650/650/650
o lettering_school_name
usemtl lettering_school_name_mat
v 1.6999999523162836 5.499999988824129 13.075000047683716
v 7.100000047683715 5.499999988824129 13.075000047683716
v 1.6999999523162836 4.600000012665987 13.075000047683716
v 7.100000047683715 4.600000012665987 13.075000047683716
vt 0 1
vt 1 1
vt 0 0
vt 1 0
vn 0 0 1
vn 0 0 1
vn 0 0 1
vn 0 0 1
f 653/653/653 655/655/655 654/654/654
f 655/655/655 656/656/656 654/654/654
o bobcat_medallion_ring
usemtl gold_trim
v -2.2 4.4299999959766865 13.095000046789647
v -2.119073760509491 4.4353042133152485 13.095000046789647
v -2.039532196521759 4.451125968247652 13.095000046789647
v -1.962736275792122 4.477194715291262 13.095000046789647
v -1.8899999976158144 4.513064254075289 13.095000046789647
v -1.8225679218769075 4.558120924979448 13.095000046789647
v -1.7615938007831575 4.611593801528215 13.095000046789647
v -1.7081209242343904 4.672567922621965 13.095000046789647
v -1.663064253330231 4.739999998360872 13.095000046789647
v -1.6271947145462038 4.81273627653718 13.095000046789647
v -1.6011259675025942 4.889532197266817 13.095000046789647
v -1.5853042125701906 4.969073761254549 13.095000046789647
v -1.5799999952316286 5.050000000745058 13.095000046789647
v -1.5853042125701906 5.130926240235567 13.095000046789647
v -1.6011259675025942 5.210467804223299 13.095000046789647
v -1.6271947145462038 5.287263724952936 13.095000046789647
v -1.663064253330231 5.360000003129244 13.095000046789647
v -1.7081209242343904 5.427432078868151 13.095000046789647
v -1.7615938007831575 5.488406199961901 13.095000046789647
v -1.8225679218769075 5.541879076510668 13.095000046789647
v -1.8899999976158144 5.586935747414827 13.095000046789647
v -1.962736275792122 5.6228052861988544 13.095000046789647
v -2.039532196521759 5.648874033242464 13.095000046789647
v -2.119073760509491 5.664695788174868 13.095000046789647
v -2.2 5.67000000551343 13.095000046789647
v -2.280926239490509 5.664695788174868 13.095000046789647
v -2.360467803478241 5.648874033242464 13.095000046789647
v -2.4372637242078783 5.6228052861988544 13.095000046789647
v -2.510000002384186 5.586935747414827 13.095000046789647
v -2.577432078123093 5.541879076510668 13.095000046789647
v -2.638406199216843 5.488406199961901 13.095000046789647
v -2.69187907576561 5.427432078868151 13.095000046789647
v -2.7369357466697695 5.360000003129244 13.095000046789647
v -2.7728052854537966 5.287263724952936 13.095000046789647
v -2.798874032497406 5.210467804223299 13.095000046789647
v -2.8146957874298097 5.130926240235567 13.095000046789647
v -2.8200000047683718 5.050000000745058 13.095000046789647
v -2.8146957874298097 4.969073761254549 13.095000046789647
v -2.798874032497406 4.889532197266817 13.095000046789647
v -2.7728052854537966 4.81273627653718 13.095000046789647
v -2.7369357466697695 4.739999998360872 13.095000046789647
v -2.69187907576561 4.672567922621965 13.095000046789647
v -2.638406199216843 4.611593801528215 13.095000046789647
v -2.577432078123093 4.558120924979448 13.095000046789647
v -2.510000002384186 4.513064254075289 13.095000046789647
v -2.4372637242078783 4.477194715291262 13.095000046789647
v -2.360467803478241 4.451125968247652 13.095000046789647
v -2.280926239490509 4.4353042133152485 13.095000046789647
v -2.2 4.4299999959766865 13.095000046789647
v -2.2 4.4299999959766865 13.015000048577786
v -2.119073760509491 4.4353042133152485 13.015000048577786
v -2.039532196521759 4.451125968247652 13.015000048577786
v -1.962736275792122 4.477194715291262 13.015000048577786
v -1.8899999976158144 4.513064254075289 13.015000048577786
v -1.8225679218769075 4.558120924979448 13.015000048577786
v -1.7615938007831575 4.611593801528215 13.015000048577786
v -1.7081209242343904 4.672567922621965 13.015000048577786
v -1.663064253330231 4.739999998360872 13.015000048577786
v -1.6271947145462038 4.81273627653718 13.015000048577786
v -1.6011259675025942 4.889532197266817 13.015000048577786
v -1.5853042125701906 4.969073761254549 13.015000048577786
v -1.5799999952316286 5.050000000745058 13.015000048577786
v -1.5853042125701906 5.130926240235567 13.015000048577786
v -1.6011259675025942 5.210467804223299 13.015000048577786
v -1.6271947145462038 5.287263724952936 13.015000048577786
v -1.663064253330231 5.360000003129244 13.015000048577786
v -1.7081209242343904 5.427432078868151 13.015000048577786
v -1.7615938007831575 5.488406199961901 13.015000048577786
v -1.8225679218769075 5.541879076510668 13.015000048577786
v -1.8899999976158144 5.586935747414827 13.015000048577786
v -1.962736275792122 5.6228052861988544 13.015000048577786
v -2.039532196521759 5.648874033242464 13.015000048577786
v -2.119073760509491 5.664695788174868 13.015000048577786
v -2.2 5.67000000551343 13.015000048577786
v -2.280926239490509 5.664695788174868 13.015000048577786
v -2.360467803478241 5.648874033242464 13.015000048577786
v -2.4372637242078783 5.6228052861988544 13.015000048577786
v -2.510000002384186 5.586935747414827 13.015000048577786
v -2.577432078123093 5.541879076510668 13.015000048577786
v -2.638406199216843 5.488406199961901 13.015000048577786
v -2.69187907576561 5.427432078868151 13.015000048577786
v -2.7369357466697695 5.360000003129244 13.015000048577786
v -2.7728052854537966 5.287263724952936 13.015000048577786
v -2.798874032497406 5.210467804223299 13.015000048577786
v -2.8146957874298097 5.130926240235567 13.015000048577786
v -2.8200000047683718 5.050000000745058 13.015000048577786
v -2.8146957874298097 4.969073761254549 13.015000048577786
v -2.798874032497406 4.889532197266817 13.015000048577786
v -2.7728052854537966 4.81273627653718 13.015000048577786
v -2.7369357466697695 4.739999998360872 13.015000048577786
v -2.69187907576561 4.672567922621965 13.015000048577786
v -2.638406199216843 4.611593801528215 13.015000048577786
v -2.577432078123093 4.558120924979448 13.015000048577786
v -2.510000002384186 4.513064254075289 13.015000048577786
v -2.4372637242078783 4.477194715291262 13.015000048577786
v -2.360467803478241 4.451125968247652 13.015000048577786
v -2.280926239490509 4.4353042133152485 13.015000048577786
v -2.2 4.4299999959766865 13.015000048577786
v -2.2 5.050000000745058 13.095000046789647
v -2.2 5.050000000745058 13.095000046789647
v -2.2 5.050000000745058 13.095000046789647
v -2.2 5.050000000745058 13.095000046789647
v -2.2 5.050000000745058 13.095000046789647
v -2.2 5.050000000745058 13.095000046789647
v -2.2 5.050000000745058 13.095000046789647
v -2.2 5.050000000745058 13.095000046789647
v -2.2 5.050000000745058 13.095000046789647
v -2.2 5.050000000745058 13.095000046789647
v -2.2 5.050000000745058 13.095000046789647
v -2.2 5.050000000745058 13.095000046789647
v -2.2 5.050000000745058 13.095000046789647
v -2.2 5.050000000745058 13.095000046789647
v -2.2 5.050000000745058 13.095000046789647
v -2.2 5.050000000745058 13.095000046789647
v -2.2 5.050000000745058 13.095000046789647
v -2.2 5.050000000745058 13.095000046789647
v -2.2 5.050000000745058 13.095000046789647
v -2.2 5.050000000745058 13.095000046789647
v -2.2 5.050000000745058 13.095000046789647
v -2.2 5.050000000745058 13.095000046789647
v -2.2 5.050000000745058 13.095000046789647
v -2.2 5.050000000745058 13.095000046789647
v -2.2 5.050000000745058 13.095000046789647
v -2.2 5.050000000745058 13.095000046789647
v -2.2 5.050000000745058 13.095000046789647
v -2.2 5.050000000745058 13.095000046789647
v -2.2 5.050000000745058 13.095000046789647
v -2.2 5.050000000745058 13.095000046789647
v -2.2 5.050000000745058 13.095000046789647
v -2.2 5.050000000745058 13.095000046789647
v -2.2 5.050000000745058 13.095000046789647
v -2.2 5.050000000745058 13.095000046789647
v -2.2 5.050000000745058 13.095000046789647
v -2.2 5.050000000745058 13.095000046789647
v -2.2 5.050000000745058 13.095000046789647
v -2.2 5.050000000745058 13.095000046789647
v -2.2 5.050000000745058 13.095000046789647
v -2.2 5.050000000745058 13.095000046789647
v -2.2 5.050000000745058 13.095000046789647
v -2.2 5.050000000745058 13.095000046789647
v -2.2 5.050000000745058 13.095000046789647
v -2.2 5.050000000745058 13.095000046789647
v -2.2 5.050000000745058 13.095000046789647
v -2.2 5.050000000745058 13.095000046789647
v -2.2 5.050000000745058 13.095000046789647
v -2.2 5.050000000745058 13.095000046789647
v -2.2 4.4299999959766865 13.095000046789647
v -2.119073760509491 4.4353042133152485 13.095000046789647
v -2.039532196521759 4.451125968247652 13.095000046789647
v -1.962736275792122 4.477194715291262 13.095000046789647
v -1.8899999976158144 4.513064254075289 13.095000046789647
v -1.8225679218769075 4.558120924979448 13.095000046789647
v -1.7615938007831575 4.611593801528215 13.095000046789647
v -1.7081209242343904 4.672567922621965 13.095000046789647
v -1.663064253330231 4.739999998360872 13.095000046789647
v -1.6271947145462038 4.81273627653718 13.095000046789647
v -1.6011259675025942 4.889532197266817 13.095000046789647
v -1.5853042125701906 4.969073761254549 13.095000046789647
v -1.5799999952316286 5.050000000745058 13.095000046789647
v -1.5853042125701906 5.130926240235567 13.095000046789647
v -1.6011259675025942 5.210467804223299 13.095000046789647
v -1.6271947145462038 5.287263724952936 13.095000046789647
v -1.663064253330231 5.360000003129244 13.095000046789647
v -1.7081209242343904 5.427432078868151 13.095000046789647
v -1.7615938007831575 5.488406199961901 13.095000046789647
v -1.8225679218769075 5.541879076510668 13.095000046789647
v -1.8899999976158144 5.586935747414827 13.095000046789647
v -1.962736275792122 5.6228052861988544 13.095000046789647
v -2.039532196521759 5.648874033242464 13.095000046789647
v -2.119073760509491 5.664695788174868 13.095000046789647
v -2.2 5.67000000551343 13.095000046789647
v -2.280926239490509 5.664695788174868 13.095000046789647
v -2.360467803478241 5.648874033242464 13.095000046789647
v -2.4372637242078783 5.6228052861988544 13.095000046789647
v -2.510000002384186 5.586935747414827 13.095000046789647
v -2.577432078123093 5.541879076510668 13.095000046789647
v -2.638406199216843 5.488406199961901 13.095000046789647
v -2.69187907576561 5.427432078868151 13.095000046789647
v -2.7369357466697695 5.360000003129244 13.095000046789647
v -2.7728052854537966 5.287263724952936 13.095000046789647
v -2.798874032497406 5.210467804223299 13.095000046789647
v -2.8146957874298097 5.130926240235567 13.095000046789647
v -2.8200000047683718 5.050000000745058 13.095000046789647
v -2.8146957874298097 4.969073761254549 13.095000046789647
v -2.798874032497406 4.889532197266817 13.095000046789647
v -2.7728052854537966 4.81273627653718 13.095000046789647
v -2.7369357466697695 4.739999998360872 13.095000046789647
v -2.69187907576561 4.672567922621965 13.095000046789647
v -2.638406199216843 4.611593801528215 13.095000046789647
v -2.577432078123093 4.558120924979448 13.095000046789647
v -2.510000002384186 4.513064254075289 13.095000046789647
v -2.4372637242078783 4.477194715291262 13.095000046789647
v -2.360467803478241 4.451125968247652 13.095000046789647
v -2.280926239490509 4.4353042133152485 13.095000046789647
v -2.2 4.4299999959766865 13.095000046789647
v -2.2 5.050000000745058 13.015000048577786
v -2.2 5.050000000745058 13.015000048577786
v -2.2 5.050000000745058 13.015000048577786
v -2.2 5.050000000745058 13.015000048577786
v -2.2 5.050000000745058 13.015000048577786
v -2.2 5.050000000745058 13.015000048577786
v -2.2 5.050000000745058 13.015000048577786
v -2.2 5.050000000745058 13.015000048577786
v -2.2 5.050000000745058 13.015000048577786
v -2.2 5.050000000745058 13.015000048577786
v -2.2 5.050000000745058 13.015000048577786
v -2.2 5.050000000745058 13.015000048577786
v -2.2 5.050000000745058 13.015000048577786
v -2.2 5.050000000745058 13.015000048577786
v -2.2 5.050000000745058 13.015000048577786
v -2.2 5.050000000745058 13.015000048577786
v -2.2 5.050000000745058 13.015000048577786
v -2.2 5.050000000745058 13.015000048577786
v -2.2 5.050000000745058 13.015000048577786
v -2.2 5.050000000745058 13.015000048577786
v -2.2 5.050000000745058 13.015000048577786
v -2.2 5.050000000745058 13.015000048577786
v -2.2 5.050000000745058 13.015000048577786
v -2.2 5.050000000745058 13.015000048577786
v -2.2 5.050000000745058 13.015000048577786
v -2.2 5.050000000745058 13.015000048577786
v -2.2 5.050000000745058 13.015000048577786
v -2.2 5.050000000745058 13.015000048577786
v -2.2 5.050000000745058 13.015000048577786
v -2.2 5.050000000745058 13.015000048577786
v -2.2 5.050000000745058 13.015000048577786
v -2.2 5.050000000745058 13.015000048577786
v -2.2 5.050000000745058 13.015000048577786
v -2.2 5.050000000745058 13.015000048577786
v -2.2 5.050000000745058 13.015000048577786
v -2.2 5.050000000745058 13.015000048577786
v -2.2 5.050000000745058 13.015000048577786
v -2.2 5.050000000745058 13.015000048577786
v -2.2 5.050000000745058 13.015000048577786
v -2.2 5.050000000745058 13.015000048577786
v -2.2 5.050000000745058 13.015000048577786
v -2.2 5.050000000745058 13.015000048577786
v -2.2 5.050000000745058 13.015000048577786
v -2.2 5.050000000745058 13.015000048577786
v -2.2 5.050000000745058 13.015000048577786
v -2.2 5.050000000745058 13.015000048577786
v -2.2 5.050000000745058 13.015000048577786
v -2.2 5.050000000745058 13.015000048577786
v -2.2 4.4299999959766865 13.015000048577786
v -2.119073760509491 4.4353042133152485 13.015000048577786
v -2.039532196521759 4.451125968247652 13.015000048577786
v -1.962736275792122 4.477194715291262 13.015000048577786
v -1.8899999976158144 4.513064254075289 13.015000048577786
v -1.8225679218769075 4.558120924979448 13.015000048577786
v -1.7615938007831575 4.611593801528215 13.015000048577786
v -1.7081209242343904 4.672567922621965 13.015000048577786
v -1.663064253330231 4.739999998360872 13.015000048577786
v -1.6271947145462038 4.81273627653718 13.015000048577786
v -1.6011259675025942 4.889532197266817 13.015000048577786
v -1.5853042125701906 4.969073761254549 13.015000048577786
v -1.5799999952316286 5.050000000745058 13.015000048577786
v -1.5853042125701906 5.130926240235567 13.015000048577786
v -1.6011259675025942 5.210467804223299 13.015000048577786
v -1.6271947145462038 5.287263724952936 13.015000048577786
v -1.663064253330231 5.360000003129244 13.015000048577786
v -1.7081209242343904 5.427432078868151 13.015000048577786
v -1.7615938007831575 5.488406199961901 13.015000048577786
v -1.8225679218769075 5.541879076510668 13.015000048577786
v -1.8899999976158144 5.586935747414827 13.015000048577786
v -1.962736275792122 5.6228052861988544 13.015000048577786
v -2.039532196521759 5.648874033242464 13.015000048577786
v -2.119073760509491 5.664695788174868 13.015000048577786
v -2.2 5.67000000551343 13.015000048577786
v -2.280926239490509 5.664695788174868 13.015000048577786
v -2.360467803478241 5.648874033242464 13.015000048577786
v -2.4372637242078783 5.6228052861988544 13.015000048577786
v -2.510000002384186 5.586935747414827 13.015000048577786
v -2.577432078123093 5.541879076510668 13.015000048577786
v -2.638406199216843 5.488406199961901 13.015000048577786
v -2.69187907576561 5.427432078868151 13.015000048577786
v -2.7369357466697695 5.360000003129244 13.015000048577786
v -2.7728052854537966 5.287263724952936 13.015000048577786
v -2.798874032497406 5.210467804223299 13.015000048577786
v -2.8146957874298097 5.130926240235567 13.015000048577786
v -2.8200000047683718 5.050000000745058 13.015000048577786
v -2.8146957874298097 4.969073761254549 13.015000048577786
v -2.798874032497406 4.889532197266817 13.015000048577786
v -2.7728052854537966 4.81273627653718 13.015000048577786
v -2.7369357466697695 4.739999998360872 13.015000048577786
v -2.69187907576561 4.672567922621965 13.015000048577786
v -2.638406199216843 4.611593801528215 13.015000048577786
v -2.577432078123093 4.558120924979448 13.015000048577786
v -2.510000002384186 4.513064254075289 13.015000048577786
v -2.4372637242078783 4.477194715291262 13.015000048577786
v -2.360467803478241 4.451125968247652 13.015000048577786
v -2.280926239490509 4.4353042133152485 13.015000048577786
v -2.2 4.4299999959766865 13.015000048577786
vt 0 1
vt 0.02083333395421505 1
vt 0.0416666679084301 1
vt 0.0625 1
vt 0.0833333358168602 1
vt 0.1041666641831398 1
vt 0.125 1
vt 0.1458333283662796 1
vt 0.1666666716337204 1
vt 0.1875 1
vt 0.2083333283662796 1
vt 0.2291666716337204 1
vt 0.25 1
vt 0.2708333432674408 1
vt 0.2916666567325592 1
vt 0.3125 1
vt 0.3333333432674408 1
vt 0.3541666567325592 1
vt 0.375 1
vt 0.3958333432674408 1
vt 0.4166666567325592 1
vt 0.4375 1
vt 0.4583333432674408 1
vt 0.4791666567325592 1
vt 0.5 1
vt 0.5208333134651184 1
vt 0.5416666865348816 1
vt 0.5625 1
vt 0.5833333134651184 1
vt 0.6041666865348816 1
vt 0.625 1
vt 0.6458333134651184 1
vt 0.6666666865348816 1
vt 0.6875 1
vt 0.7083333134651184 1
vt 0.7291666865348816 1
vt 0.75 1
vt 0.7708333134651184 1
vt 0.7916666865348816 1
vt 0.8125 1
vt 0.8333333134651184 1
vt 0.8541666865348816 1
vt 0.875 1
vt 0.8958333134651184 1
vt 0.9166666865348816 1
vt 0.9375 1
vt 0.9583333134651184 1
vt 0.9791666865348816 1
vt 1 1
vt 0 0
vt 0.02083333395421505 0
vt 0.0416666679084301 0
vt 0.0625 0
vt 0.0833333358168602 0
vt 0.1041666641831398 0
vt 0.125 0
vt 0.1458333283662796 0
vt 0.1666666716337204 0
vt 0.1875 0
vt 0.2083333283662796 0
vt 0.2291666716337204 0
vt 0.25 0
vt 0.2708333432674408 0
vt 0.2916666567325592 0
vt 0.3125 0
vt 0.3333333432674408 0
vt 0.3541666567325592 0
vt 0.375 0
vt 0.3958333432674408 0
vt 0.4166666567325592 0
vt 0.4375 0
vt 0.4583333432674408 0
vt 0.4791666567325592 0
vt 0.5 0
vt 0.5208333134651184 0
vt 0.5416666865348816 0
vt 0.5625 0
vt 0.5833333134651184 0
vt 0.6041666865348816 0
vt 0.625 0
vt 0.6458333134651184 0
vt 0.6666666865348816 0
vt 0.6875 0
vt 0.7083333134651184 0
vt 0.7291666865348816 0
vt 0.75 0
vt 0.7708333134651184 0
vt 0.7916666865348816 0
vt 0.8125 0
vt 0.8333333134651184 0
vt 0.8541666865348816 0
vt 0.875 0
vt 0.8958333134651184 0
vt 0.9166666865348816 0
vt 0.9375 0
vt 0.9583333134651184 0
vt 0.9791666865348816 0
vt 1 0
vt 0.5 0.5
vt 0.5 0.5
vt 0.5 0.5
vt 0.5 0.5
vt 0.5 0.5
vt 0.5 0.5
vt 0.5 0.5
vt 0.5 0.5
vt 0.5 0.5
vt 0.5 0.5
vt 0.5 0.5
vt 0.5 0.5
vt 0.5 0.5
vt 0.5 0.5
vt 0.5 0.5
vt 0.5 0.5
vt 0.5 0.5
vt 0.5 0.5
vt 0.5 0.5
vt 0.5 0.5
vt 0.5 0.5
vt 0.5 0.5
vt 0.5 0.5
vt 0.5 0.5
vt 0.5 0.5
vt 0.5 0.5
vt 0.5 0.5
vt 0.5 0.5
vt 0.5 0.5
vt 0.5 0.5
vt 0.5 0.5
vt 0.5 0.5
vt 0.5 0.5
vt 0.5 0.5
vt 0.5 0.5
vt 0.5 0.5
vt 0.5 0.5
vt 0.5 0.5
vt 0.5 0.5
vt 0.5 0.5
vt 0.5 0.5
vt 0.5 0.5
vt 0.5 0.5
vt 0.5 0.5
vt 0.5 0.5
vt 0.5 0.5
vt 0.5 0.5
vt 0.5 0.5
vt 1 0.5
vt 0.9957224130630493 0.5652630925178528
vt 0.9829629063606262 0.6294095516204834
vt 0.9619397521018982 0.6913416981697083
vt 0.9330127239227295 0.75
vt 0.8966766595840454 0.8043807148933411
vt 0.8535534143447876 0.8535534143447876
vt 0.8043807148933411 0.8966766595840454
vt 0.75 0.9330127239227295
vt 0.6913416981697083 0.9619397521018982
vt 0.6294095516204834 0.9829629063606262
vt 0.5652630925178528 0.9957224130630493
vt 0.5 1
vt 0.4347369074821472 0.9957224130630493
vt 0.370590478181839 0.9829629063606262
vt 0.30865827202796936 0.9619397521018982
vt 0.25 0.9330127239227295
vt 0.19561928510665894 0.8966766595840454
vt 0.1464466154575348 0.8535534143447876
vt 0.10332333296537399 0.8043807148933411
vt 0.0669872984290123 0.75
vt 0.03806023299694061 0.6913416981697083
vt 0.017037086188793182 0.6294095516204834
vt 0.004277569241821766 0.5652630925178528
vt 0 0.5
vt 0.004277569241821766 0.4347369074821472
vt 0.017037086188793182 0.370590478181839
vt 0.03806023299694061 0.30865827202796936
vt 0.0669872984290123 0.25
vt 0.10332333296537399 0.19561928510665894
vt 0.1464466154575348 0.1464466154575348
vt 0.19561928510665894 0.10332333296537399
vt 0.25 0.0669872984290123
vt 0.30865827202796936 0.03806023299694061
vt 0.370590478181839 0.017037086188793182
vt 0.4347369074821472 0.004277569241821766
vt 0.5 0
vt 0.5652630925178528 0.004277569241821766
vt 0.6294095516204834 0.017037086188793182
vt 0.6913416981697083 0.03806023299694061
vt 0.75 0.0669872984290123
vt 0.8043807148933411 0.10332333296537399
vt 0.8535534143447876 0.1464466154575348
vt 0.8966766595840454 0.19561928510665894
vt 0.9330127239227295 0.25
vt 0.9619397521018982 0.30865827202796936
vt 0.9829629063606262 0.370590478181839
vt 0.9957224130630493 0.4347369074821472
vt 1 0.5
vt 0.5 0.5
vt 0.5 0.5
vt 0.5 0.5
vt 0.5 0.5
vt 0.5 0.5
vt 0.5 0.5
vt 0.5 0.5
vt 0.5 0.5
vt 0.5 0.5
vt 0.5 0.5
vt 0.5 0.5
vt 0.5 0.5
vt 0.5 0.5
vt 0.5 0.5
vt 0.5 0.5
vt 0.5 0.5
vt 0.5 0.5
vt 0.5 0.5
vt 0.5 0.5
vt 0.5 0.5
vt 0.5 0.5
vt 0.5 0.5
vt 0.5 0.5
vt 0.5 0.5
vt 0.5 0.5
vt 0.5 0.5
vt 0.5 0.5
vt 0.5 0.5
vt 0.5 0.5
vt 0.5 0.5
vt 0.5 0.5
vt 0.5 0.5
vt 0.5 0.5
vt 0.5 0.5
vt 0.5 0.5
vt 0.5 0.5
vt 0.5 0.5
vt 0.5 0.5
vt 0.5 0.5
vt 0.5 0.5
vt 0.5 0.5
vt 0.5 0.5
vt 0.5 0.5
vt 0.5 0.5
vt 0.5 0.5
vt 0.5 0.5
vt 0.5 0.5
vt 0.5 0.5
vt 1 0.5
vt 0.9957224130630493 0.4347369074821472
vt 0.9829629063606262 0.370590478181839
vt 0.9619397521018982 0.30865827202796936
vt 0.9330127239227295 0.25
vt 0.8966766595840454 0.19561928510665894
vt 0.8535534143447876 0.1464466154575348
vt 0.8043807148933411 0.10332333296537399
vt 0.75 0.0669872984290123
vt 0.6913416981697083 0.03806023299694061
vt 0.6294095516204834 0.017037086188793182
vt 0.5652630925178528 0.004277569241821766
vt 0.5 0
vt 0.4347369074821472 0.004277569241821766
vt 0.370590478181839 0.017037086188793182
vt 0.30865827202796936 0.03806023299694061
vt 0.25 0.0669872984290123
vt 0.19561928510665894 0.10332333296537399
vt 0.1464466154575348 0.1464466154575348
vt 0.10332333296537399 0.19561928510665894
vt 0.0669872984290123 0.25
vt 0.03806023299694061 0.30865827202796936
vt 0.017037086188793182 0.370590478181839
vt 0.004277569241821766 0.4347369074821472
vt 0 0.5
vt 0.004277569241821766 0.5652630925178528
vt 0.017037086188793182 0.6294095516204834
vt 0.03806023299694061 0.6913416981697083
vt 0.0669872984290123 0.75
vt 0.10332333296537399 0.8043807148933411
vt 0.1464466154575348 0.8535534143447876
vt 0.19561928510665894 0.8966766595840454
vt 0.25 0.9330127239227295
vt 0.30865827202796936 0.9619397521018982
vt 0.370590478181839 0.9829629063606262
vt 0.4347369074821472 0.9957224130630493
vt 0.5 1
vt 0.5652630925178528 0.9957224130630493
vt 0.6294095516204834 0.9829629063606262
vt 0.6913416981697083 0.9619397521018982
vt 0.75 0.9330127239227295
vt 0.8043807148933411 0.8966766595840454
vt 0.8535534143447876 0.8535534143447876
vt 0.8966766595840454 0.8043807148933411
vt 0.9330127239227295 0.75
vt 0.9619397521018982 0.6913416981697083
vt 0.9829629063606262 0.6294095516204834
vt 0.9957224130630493 0.5652630925178528
vt 1 0.5
vn 0 -1 2.220446049250313e-16
vn 0.13052618200608704 -0.9914448627185043 2.2014498284728219e-16
vn 0.2588190471264927 -0.9659258257467466 2.1447861836482098e-16
vn 0.3826834370613369 -0.9238795305660377 2.0514246536285922e-16
vn 0.5000000067305869 -0.8660253998985324 1.9229626777551189e-16
vn 0.6087614397000725 -0.7933533320874723 1.7615982718931994e-16
vn 0.7071067811865476 -0.7071067811865476 1.5700924586837752e-16
vn 0.7933533320874723 -0.6087614397000725 1.3517219337179586e-16
vn 0.8660253998985324 -0.5000000067305869 1.1102230395700616e-16
vn 0.9238795305660377 -0.3826834370613369 8.497279259363763e-17
vn 0.9659258257467466 -0.2588190471264927 5.746937306627513e-17
vn 0.9914448627185043 -0.13052618200608704 2.8982634515914327e-17
vn 1 -6.123234262925839e-17 1.3596311327747833e-32
vn 0.9914448627185043 0.13052618200608704 -2.8982634515914327e-17
vn 0.9659258257467466 0.2588190471264927 -5.746937306627513e-17
vn 0.9238795305660377 0.3826834370613369 -8.497279259363763e-17
vn 0.8660253998985324 0.5000000067305869 -1.1102230395700616e-16
vn 0.7933533320874723 0.6087614397000725 -1.3517219337179586e-16
vn 0.7071067811865476 0.7071067811865476 -1.5700924586837752e-16
vn 0.6087614397000725 0.7933533320874723 -1.7615982718931994e-16
vn 0.5000000067305869 0.8660253998985324 -1.9229626777551189e-16
vn 0.3826834370613369 0.9238795305660377 -2.0514246536285922e-16
vn 0.2588190471264927 0.9659258257467466 -2.1447861836482098e-16
vn 0.13052618200608704 0.9914448627185043 -2.2014498284728219e-16
vn 1.2246468525851679e-16 1 -2.220446049250313e-16
vn -0.13052618200608704 0.9914448627185043 -2.2014498284728219e-16
vn -0.2588190471264927 0.9659258257467466 -2.1447861836482098e-16
vn -0.3826834370613369 0.9238795305660377 -2.0514246536285922e-16
vn -0.5000000067305869 0.8660253998985324 -1.9229626777551189e-16
vn -0.6087614397000725 0.7933533320874723 -1.7615982718931994e-16
vn -0.7071067811865476 0.7071067811865476 -1.5700924586837752e-16
vn -0.7933533320874723 0.6087614397000725 -1.3517219337179586e-16
vn -0.8660253998985324 0.5000000067305869 -1.1102230395700616e-16
vn -0.9238795305660377 0.3826834370613369 -8.497279259363763e-17
vn -0.9659258257467466 0.2588190471264927 -5.746937306627513e-17
vn -0.9914448627185043 0.13052618200608704 -2.8982634515914327e-17
vn -1 1.8369701465288538e-16 -4.078893104450762e-32
vn -0.9914448627185043 -0.13052618200608704 2.8982634515914327e-17
vn -0.9659258257467466 -0.2588190471264927 5.746937306627513e-17
vn -0.9238795305660377 -0.3826834370613369 8.497279259363763e-17
vn -0.8660253998985324 -0.5000000067305869 1.1102230395700616e-16
vn -0.7933533320874723 -0.6087614397000725 1.3517219337179586e-16
vn -0.7071067811865476 -0.7071067811865476 1.5700924586837752e-16
vn -0.6087614397000725 -0.7933533320874723 1.7615982718931994e-16
vn -0.5000000067305869 -0.8660253998985324 1.9229626777551189e-16
vn -0.3826834370613369 -0.9238795305660377 2.0514246536285922e-16
vn -0.2588190471264927 -0.9659258257467466 2.1447861836482098e-16
vn -0.13052618200608704 -0.9914448627185043 2.2014498284728219e-16
vn -2.4492937051703357e-16 -1 2.220446049250313e-16
vn 0 -1 2.220446049250313e-16
vn 0.13052618200608704 -0.9914448627185043 2.2014498284728219e-16
vn 0.2588190471264927 -0.9659258257467466 2.1447861836482098e-16
vn 0.3826834370613369 -0.9238795305660377 2.0514246536285922e-16
vn 0.5000000067305869 -0.8660253998985324 1.9229626777551189e-16
vn 0.6087614397000725 -0.7933533320874723 1.7615982718931994e-16
vn 0.7071067811865476 -0.7071067811865476 1.5700924586837752e-16
vn 0.7933533320874723 -0.6087614397000725 1.3517219337179586e-16
vn 0.8660253998985324 -0.5000000067305869 1.1102230395700616e-16
vn 0.9238795305660377 -0.3826834370613369 8.497279259363763e-17
vn 0.9659258257467466 -0.2588190471264927 5.746937306627513e-17
vn 0.9914448627185043 -0.13052618200608704 2.8982634515914327e-17
vn 1 -6.123234262925839e-17 1.3596311327747833e-32
vn 0.9914448627185043 0.13052618200608704 -2.8982634515914327e-17
vn 0.9659258257467466 0.2588190471264927 -5.746937306627513e-17
vn 0.9238795305660377 0.3826834370613369 -8.497279259363763e-17
vn 0.8660253998985324 0.5000000067305869 -1.1102230395700616e-16
vn 0.7933533320874723 0.6087614397000725 -1.3517219337179586e-16
vn 0.7071067811865476 0.7071067811865476 -1.5700924586837752e-16
vn 0.6087614397000725 0.7933533320874723 -1.7615982718931994e-16
vn 0.5000000067305869 0.8660253998985324 -1.9229626777551189e-16
vn 0.3826834370613369 0.9238795305660377 -2.0514246536285922e-16
vn 0.2588190471264927 0.9659258257467466 -2.1447861836482098e-16
vn 0.13052618200608704 0.9914448627185043 -2.2014498284728219e-16
vn 1.2246468525851679e-16 1 -2.220446049250313e-16
vn -0.13052618200608704 0.9914448627185043 -2.2014498284728219e-16
vn -0.2588190471264927 0.9659258257467466 -2.1447861836482098e-16
vn -0.3826834370613369 0.9238795305660377 -2.0514246536285922e-16
vn -0.5000000067305869 0.8660253998985324 -1.9229626777551189e-16
vn -0.6087614397000725 0.7933533320874723 -1.7615982718931994e-16
vn -0.7071067811865476 0.7071067811865476 -1.5700924586837752e-16
vn -0.7933533320874723 0.6087614397000725 -1.3517219337179586e-16
vn -0.8660253998985324 0.5000000067305869 -1.1102230395700616e-16
vn -0.9238795305660377 0.3826834370613369 -8.497279259363763e-17
vn -0.9659258257467466 0.2588190471264927 -5.746937306627513e-17
vn -0.9914448627185043 0.13052618200608704 -2.8982634515914327e-17
vn -1 1.8369701465288538e-16 -4.078893104450762e-32
vn -0.9914448627185043 -0.13052618200608704 2.8982634515914327e-17
vn -0.9659258257467466 -0.2588190471264927 5.746937306627513e-17
vn -0.9238795305660377 -0.3826834370613369 8.497279259363763e-17
vn -0.8660253998985324 -0.5000000067305869 1.1102230395700616e-16
vn -0.7933533320874723 -0.6087614397000725 1.3517219337179586e-16
vn -0.7071067811865476 -0.7071067811865476 1.5700924586837752e-16
vn -0.6087614397000725 -0.7933533320874723 1.7615982718931994e-16
vn -0.5000000067305869 -0.8660253998985324 1.9229626777551189e-16
vn -0.3826834370613369 -0.9238795305660377 2.0514246536285922e-16
vn -0.2588190471264927 -0.9659258257467466 2.1447861836482098e-16
vn -0.13052618200608704 -0.9914448627185043 2.2014498284728219e-16
vn -2.4492937051703357e-16 -1 2.220446049250313e-16
vn 0 2.220446049250313e-16 1
vn 0 2.220446049250313e-16 1
vn 0 2.220446049250313e-16 1
vn 0 2.220446049250313e-16 1
vn 0 2.220446049250313e-16 1
vn 0 2.220446049250313e-16 1
vn 0 2.220446049250313e-16 1
vn 0 2.220446049250313e-16 1
vn 0 2.220446049250313e-16 1
vn 0 2.220446049250313e-16 1
vn 0 2.220446049250313e-16 1
vn 0 2.220446049250313e-16 1
vn 0 2.220446049250313e-16 1
vn 0 2.220446049250313e-16 1
vn 0 2.220446049250313e-16 1
vn 0 2.220446049250313e-16 1
vn 0 2.220446049250313e-16 1
vn 0 2.220446049250313e-16 1
vn 0 2.220446049250313e-16 1
vn 0 2.220446049250313e-16 1
vn 0 2.220446049250313e-16 1
vn 0 2.220446049250313e-16 1
vn 0 2.220446049250313e-16 1
vn 0 2.220446049250313e-16 1
vn 0 2.220446049250313e-16 1
vn 0 2.220446049250313e-16 1
vn 0 2.220446049250313e-16 1
vn 0 2.220446049250313e-16 1
vn 0 2.220446049250313e-16 1
vn 0 2.220446049250313e-16 1
vn 0 2.220446049250313e-16 1
vn 0 2.220446049250313e-16 1
vn 0 2.220446049250313e-16 1
vn 0 2.220446049250313e-16 1
vn 0 2.220446049250313e-16 1
vn 0 2.220446049250313e-16 1
vn 0 2.220446049250313e-16 1
vn 0 2.220446049250313e-16 1
vn 0 2.220446049250313e-16 1
vn 0 2.220446049250313e-16 1
vn 0 2.220446049250313e-16 1
vn 0 2.220446049250313e-16 1
vn 0 2.220446049250313e-16 1
vn 0 2.220446049250313e-16 1
vn 0 2.220446049250313e-16 1
vn 0 2.220446049250313e-16 1
vn 0 2.220446049250313e-16 1
vn 0 2.220446049250313e-16 1
vn 0 2.220446049250313e-16 1
vn 0 2.220446049250313e-16 1
vn 0 2.220446049250313e-16 1
vn 0 2.220446049250313e-16 1
vn 0 2.220446049250313e-16 1
vn 0 2.220446049250313e-16 1
vn 0 2.220446049250313e-16 1
vn 0 2.220446049250313e-16 1
vn 0 2.220446049250313e-16 1
vn 0 2.220446049250313e-16 1
vn 0 2.220446049250313e-16 1
vn 0 2.220446049250313e-16 1
vn 0 2.220446049250313e-16 1
vn 0 2.220446049250313e-16 1
vn 0 2.220446049250313e-16 1
vn 0 2.220446049250313e-16 1
vn 0 2.220446049250313e-16 1
vn 0 2.220446049250313e-16 1
vn 0 2.220446049250313e-16 1
vn 0 2.220446049250313e-16 1
vn 0 2.220446049250313e-16 1
vn 0 2.220446049250313e-16 1
vn 0 2.220446049250313e-16 1
vn 0 2.220446049250313e-16 1
vn 0 2.220446049250313e-16 1
vn 0 2.220446049250313e-16 1
vn 0 2.220446049250313e-16 1
vn 0 2.220446049250313e-16 1
vn 0 2.220446049250313e-16 1
vn 0 2.220446049250313e-16 1
vn 0 2.220446049250313e-16 1
vn 0 2.220446049250313e-16 1
vn 0 2.220446049250313e-16 1
vn 0 2.220446049250313e-16 1
vn 0 2.220446049250313e-16 1
vn 0 2.220446049250313e-16 1
vn 0 2.220446049250313e-16 1
vn 0 2.220446049250313e-16 1
vn 0 2.220446049250313e-16 1
vn 0 2.220446049250313e-16 1
vn 0 2.220446049250313e-16 1
vn 0 2.220446049250313e-16 1
vn 0 2.220446049250313e-16 1
vn 0 2.220446049250313e-16 1
vn 0 2.220446049250313e-16 1
vn 0 2.220446049250313e-16 1
vn 0 2.220446049250313e-16 1
vn 0 2.220446049250313e-16 1
vn 0 2.220446049250313e-16 1
vn 0 -2.220446049250313e-16 -1
vn 0 -2.220446049250313e-16 -1
vn 0 -2.220446049250313e-16 -1
vn 0 -2.220446049250313e-16 -1
vn 0 -2.220446049250313e-16 -1
vn 0 -2.220446049250313e-16 -1
vn 0 -2.220446049250313e-16 -1
vn 0 -2.220446049250313e-16 -1
vn 0 -2.220446049250313e-16 -1
vn 0 -2.220446049250313e-16 -1
vn 0 -2.220446049250313e-16 -1
vn 0 -2.220446049250313e-16 -1
vn 0 -2.220446049250313e-16 -1
vn 0 -2.220446049250313e-16 -1
vn 0 -2.220446049250313e-16 -1
vn 0 -2.220446049250313e-16 -1
vn 0 -2.220446049250313e-16 -1
vn 0 -2.220446049250313e-16 -1
vn 0 -2.220446049250313e-16 -1
vn 0 -2.220446049250313e-16 -1
vn 0 -2.220446049250313e-16 -1
vn 0 -2.220446049250313e-16 -1
vn 0 -2.220446049250313e-16 -1
vn 0 -2.220446049250313e-16 -1
vn 0 -2.220446049250313e-16 -1
vn 0 -2.220446049250313e-16 -1
vn 0 -2.220446049250313e-16 -1
vn 0 -2.220446049250313e-16 -1
vn 0 -2.220446049250313e-16 -1
vn 0 -2.220446049250313e-16 -1
vn 0 -2.220446049250313e-16 -1
vn 0 -2.220446049250313e-16 -1
vn 0 -2.220446049250313e-16 -1
vn 0 -2.220446049250313e-16 -1
vn 0 -2.220446049250313e-16 -1
vn 0 -2.220446049250313e-16 -1
vn 0 -2.220446049250313e-16 -1
vn 0 -2.220446049250313e-16 -1
vn 0 -2.220446049250313e-16 -1
vn 0 -2.220446049250313e-16 -1
vn 0 -2.220446049250313e-16 -1
vn 0 -2.220446049250313e-16 -1
vn 0 -2.220446049250313e-16 -1
vn 0 -2.220446049250313e-16 -1
vn 0 -2.220446049250313e-16 -1
vn 0 -2.220446049250313e-16 -1
vn 0 -2.220446049250313e-16 -1
vn 0 -2.220446049250313e-16 -1
vn 0 -2.220446049250313e-16 -1
vn 0 -2.220446049250313e-16 -1
vn 0 -2.220446049250313e-16 -1
vn 0 -2.220446049250313e-16 -1
vn 0 -2.220446049250313e-16 -1
vn 0 -2.220446049250313e-16 -1
vn 0 -2.220446049250313e-16 -1
vn 0 -2.220446049250313e-16 -1
vn 0 -2.220446049250313e-16 -1
vn 0 -2.220446049250313e-16 -1
vn 0 -2.220446049250313e-16 -1
vn 0 -2.220446049250313e-16 -1
vn 0 -2.220446049250313e-16 -1
vn 0 -2.220446049250313e-16 -1
vn 0 -2.220446049250313e-16 -1
vn 0 -2.220446049250313e-16 -1
vn 0 -2.220446049250313e-16 -1
vn 0 -2.220446049250313e-16 -1
vn 0 -2.220446049250313e-16 -1
vn 0 -2.220446049250313e-16 -1
vn 0 -2.220446049250313e-16 -1
vn 0 -2.220446049250313e-16 -1
vn 0 -2.220446049250313e-16 -1
vn 0 -2.220446049250313e-16 -1
vn 0 -2.220446049250313e-16 -1
vn 0 -2.220446049250313e-16 -1
vn 0 -2.220446049250313e-16 -1
vn 0 -2.220446049250313e-16 -1
vn 0 -2.220446049250313e-16 -1
vn 0 -2.220446049250313e-16 -1
vn 0 -2.220446049250313e-16 -1
vn 0 -2.220446049250313e-16 -1
vn 0 -2.220446049250313e-16 -1
vn 0 -2.220446049250313e-16 -1
vn 0 -2.220446049250313e-16 -1
vn 0 -2.220446049250313e-16 -1
vn 0 -2.220446049250313e-16 -1
vn 0 -2.220446049250313e-16 -1
vn 0 -2.220446049250313e-16 -1
vn 0 -2.220446049250313e-16 -1
vn 0 -2.220446049250313e-16 -1
vn 0 -2.220446049250313e-16 -1
vn 0 -2.220446049250313e-16 -1
vn 0 -2.220446049250313e-16 -1
vn 0 -2.220446049250313e-16 -1
vn 0 -2.220446049250313e-16 -1
vn 0 -2.220446049250313e-16 -1
vn 0 -2.220446049250313e-16 -1
vn 0 -2.220446049250313e-16 -1
f 657/657/657 706/706/706 658/658/658
f 706/706/706 707/707/707 658/658/658
f 658/658/658 707/707/707 659/659/659
f 707/707/707 708/708/708 659/659/659
f 659/659/659 708/708/708 660/660/660
f 708/708/708 709/709/709 660/660/660
f 660/660/660 709/709/709 661/661/661
f 709/709/709 710/710/710 661/661/661
f 661/661/661 710/710/710 662/662/662
f 710/710/710 711/711/711 662/662/662
f 662/662/662 711/711/711 663/663/663
f 711/711/711 712/712/712 663/663/663
f 663/663/663 712/712/712 664/664/664
f 712/712/712 713/713/713 664/664/664
f 664/664/664 713/713/713 665/665/665
f 713/713/713 714/714/714 665/665/665
f 665/665/665 714/714/714 666/666/666
f 714/714/714 715/715/715 666/666/666
f 666/666/666 715/715/715 667/667/667
f 715/715/715 716/716/716 667/667/667
f 667/667/667 716/716/716 668/668/668
f 716/716/716 717/717/717 668/668/668
f 668/668/668 717/717/717 669/669/669
f 717/717/717 718/718/718 669/669/669
f 669/669/669 718/718/718 670/670/670
f 718/718/718 719/719/719 670/670/670
f 670/670/670 719/719/719 671/671/671
f 719/719/719 720/720/720 671/671/671
f 671/671/671 720/720/720 672/672/672
f 720/720/720 721/721/721 672/672/672
f 672/672/672 721/721/721 673/673/673
f 721/721/721 722/722/722 673/673/673
f 673/673/673 722/722/722 674/674/674
f 722/722/722 723/723/723 674/674/674
f 674/674/674 723/723/723 675/675/675
f 723/723/723 724/724/724 675/675/675
f 675/675/675 724/724/724 676/676/676
f 724/724/724 725/725/725 676/676/676
f 676/676/676 725/725/725 677/677/677
f 725/725/725 726/726/726 677/677/677
f 677/677/677 726/726/726 678/678/678
f 726/726/726 727/727/727 678/678/678
f 678/678/678 727/727/727 679/679/679
f 727/727/727 728/728/728 679/679/679
f 679/679/679 728/728/728 680/680/680
f 728/728/728 729/729/729 680/680/680
f 680/680/680 729/729/729 681/681/681
f 729/729/729 730/730/730 681/681/681
f 681/681/681 730/730/730 682/682/682
f 730/730/730 731/731/731 682/682/682
f 682/682/682 731/731/731 683/683/683
f 731/731/731 732/732/732 683/683/683
f 683/683/683 732/732/732 684/684/684
f 732/732/732 733/733/733 684/684/684
f 684/684/684 733/733/733 685/685/685
f 733/733/733 734/734/734 685/685/685
f 685/685/685 734/734/734 686/686/686
f 734/734/734 735/735/735 686/686/686
f 686/686/686 735/735/735 687/687/687
f 735/735/735 736/736/736 687/687/687
f 687/687/687 736/736/736 688/688/688
f 736/736/736 737/737/737 688/688/688
f 688/688/688 737/737/737 689/689/689
f 737/737/737 738/738/738 689/689/689
f 689/689/689 738/738/738 690/690/690
f 738/738/738 739/739/739 690/690/690
f 690/690/690 739/739/739 691/691/691
f 739/739/739 740/740/740 691/691/691
f 691/691/691 740/740/740 692/692/692
f 740/740/740 741/741/741 692/692/692
f 692/692/692 741/741/741 693/693/693
f 741/741/741 742/742/742 693/693/693
f 693/693/693 742/742/742 694/694/694
f 742/742/742 743/743/743 694/694/694
f 694/694/694 743/743/743 695/695/695
f 743/743/743 744/744/744 695/695/695
f 695/695/695 744/744/744 696/696/696
f 744/744/744 745/745/745 696/696/696
f 696/696/696 745/745/745 697/697/697
f 745/745/745 746/746/746 697/697/697
f 697/697/697 746/746/746 698/698/698
f 746/746/746 747/747/747 698/698/698
f 698/698/698 747/747/747 699/699/699
f 747/747/747 748/748/748 699/699/699
f 699/699/699 748/748/748 700/700/700
f 748/748/748 749/749/749 700/700/700
f 700/700/700 749/749/749 701/701/701
f 749/749/749 750/750/750 701/701/701
f 701/701/701 750/750/750 702/702/702
f 750/750/750 751/751/751 702/702/702
f 702/702/702 751/751/751 703/703/703
f 751/751/751 752/752/752 703/703/703
f 703/703/703 752/752/752 704/704/704
f 752/752/752 753/753/753 704/704/704
f 704/704/704 753/753/753 705/705/705
f 753/753/753 754/754/754 705/705/705
f 803/803/803 804/804/804 755/755/755
f 804/804/804 805/805/805 756/756/756
f 805/805/805 806/806/806 757/757/757
f 806/806/806 807/807/807 758/758/758
f 807/807/807 808/808/808 759/759/759
f 808/808/808 809/809/809 760/760/760
f 809/809/809 810/810/810 761/761/761
f 810/810/810 811/811/811 762/762/762
f 811/811/811 812/812/812 763/763/763
f 812/812/812 813/813/813 764/764/764
f 813/813/813 814/814/814 765/765/765
f 814/814/814 815/815/815 766/766/766
f 815/815/815 816/816/816 767/767/767
f 816/816/816 817/817/817 768/768/768
f 817/817/817 818/818/818 769/769/769
f 818/818/818 819/819/819 770/770/770
f 819/819/819 820/820/820 771/771/771
f 820/820/820 821/821/821 772/772/772
f 821/821/821 822/822/822 773/773/773
f 822/822/822 823/823/823 774/774/774
f 823/823/823 824/824/824 775/775/775
f 824/824/824 825/825/825 776/776/776
f 825/825/825 826/826/826 777/777/777
f 826/826/826 827/827/827 778/778/778
f 827/827/827 828/828/828 779/779/779
f 828/828/828 829/829/829 780/780/780
f 829/829/829 830/830/830 781/781/781
f 830/830/830 831/831/831 782/782/782
f 831/831/831 832/832/832 783/783/783
f 832/832/832 833/833/833 784/784/784
f 833/833/833 834/834/834 785/785/785
f 834/834/834 835/835/835 786/786/786
f 835/835/835 836/836/836 787/787/787
f 836/836/836 837/837/837 788/788/788
f 837/837/837 838/838/838 789/789/789
f 838/838/838 839/839/839 790/790/790
f 839/839/839 840/840/840 791/791/791
f 840/840/840 841/841/841 792/792/792
f 841/841/841 842/842/842 793/793/793
f 842/842/842 843/843/843 794/794/794
f 843/843/843 844/844/844 795/795/795
f 844/844/844 845/845/845 796/796/796
f 845/845/845 846/846/846 797/797/797
f 846/846/846 847/847/847 798/798/798
f 847/847/847 848/848/848 799/799/799
f 848/848/848 849/849/849 800/800/800
f 849/849/849 850/850/850 801/801/801
f 850/850/850 851/851/851 802/802/802
f 901/901/901 900/900/900 852/852/852
f 902/902/902 901/901/901 853/853/853
f 903/903/903 902/902/902 854/854/854
f 904/904/904 903/903/903 855/855/855
f 905/905/905 904/904/904 856/856/856
f 906/906/906 905/905/905 857/857/857
f 907/907/907 906/906/906 858/858/858
f 908/908/908 907/907/907 859/859/859
f 909/909/909 908/908/908 860/860/860
f 910/910/910 909/909/909 861/861/861
f 911/911/911 910/910/910 862/862/862
f 912/912/912 911/911/911 863/863/863
f 913/913/913 912/912/912 864/864/864
f 914/914/914 913/913/913 865/865/865
f 915/915/915 914/914/914 866/866/866
f 916/916/916 915/915/915 867/867/867
f 917/917/917 916/916/916 868/868/868
f 918/918/918 917/917/917 869/869/869
f 919/919/919 918/918/918 870/870/870
f 920/920/920 919/919/919 871/871/871
f 921/921/921 920/920/920 872/872/872
f 922/922/922 921/921/921 873/873/873
f 923/923/923 922/922/922 874/874/874
f 924/924/924 923/923/923 875/875/875
f 925/925/925 924/924/924 876/876/876
f 926/926/926 925/925/925 877/877/877
f 927/927/927 926/926/926 878/878/878
f 928/928/928 927/927/927 879/879/879
f 929/929/929 928/928/928 880/880/880
f 930/930/930 929/929/929 881/881/881
f 931/931/931 930/930/930 882/882/882
f 932/932/932 931/931/931 883/883/883
f 933/933/933 932/932/932 884/884/884
f 934/934/934 933/933/933 885/885/885
f 935/935/935 934/934/934 886/886/886
f 936/936/936 935/935/935 887/887/887
f 937/937/937 936/936/936 888/888/888
f 938/938/938 937/937/937 889/889/889
f 939/939/939 938/938/938 890/890/890
f 940/940/940 939/939/939 891/891/891
f 941/941/941 940/940/940 892/892/892
f 942/942/942 941/941/941 893/893/893
f 943/943/943 942/942/942 894/894/894
f 944/944/944 943/943/943 895/895/895
f 945/945/945 944/944/944 896/896/896
f 946/946/946 945/945/945 897/897/897
f 947/947/947 946/946/946 898/898/898
f 948/948/948 947/947/947 899/899/899
o bobcat_medallion_field
usemtl maroon_sign
v -2.2 4.550000000745058 13.125000048428774
v -2.1347369074821474 4.554277557879686 13.125000048428774
v -2.070590478181839 4.567037094384432 13.125000048428774
v -2.0086582869291307 4.58806024864316 13.125000048428774
v -1.9500000000000002 4.616987306624651 13.125000048428774
v -1.8956192851066591 4.653323341161013 13.125000048428774
v -1.846446615457535 4.696446616202593 13.125000048428774
v -1.8033233404159548 4.745619285851717 13.125000048428774
v -1.766987305879593 4.800000000745058 13.125000048428774
v -1.738060247898102 4.858658287674189 13.125000048428774
v -1.717037093639374 4.920590478926897 13.125000048428774
v -1.7042775571346285 4.984736908227205 13.125000048428774
v -1.7000000000000002 5.050000000745058 13.125000048428774
v -1.7042775571346285 5.115263093262911 13.125000048428774
v -1.717037093639374 5.179409522563219 13.125000048428774
v -1.738060247898102 5.2413417138159275 13.125000048428774
v -1.766987305879593 5.300000000745058 13.125000048428774
v -1.8033233404159548 5.354380715638399 13.125000048428774
v -1.846446615457535 5.403553385287523 13.125000048428774
v -1.8956192851066591 5.4466766603291035 13.125000048428774
v -1.9500000000000002 5.483012694865465 13.125000048428774
v -2.0086582869291307 5.511939752846956 13.125000048428774
v -2.070590478181839 5.532962907105684 13.125000048428774
v -2.1347369074821474 5.54572244361043 13.125000048428774
v -2.2 5.550000000745058 13.125000048428774
v -2.265263092517853 5.54572244361043 13.125000048428774
v -2.329409521818161 5.532962907105684 13.125000048428774
v -2.3913417130708696 5.511939752846956 13.125000048428774
v -2.45 5.483012694865465 13.125000048428774
v -2.5043807148933412 5.4466766603291035 13.125000048428774
v -2.5535533845424654 5.403553385287523 13.125000048428774
v -2.5966766595840456 5.354380715638399 13.125000048428774
v -2.6330126941204073 5.300000000745058 13.125000048428774
v -2.6619397521018984 5.2413417138159275 13.125000048428774
v -2.6829629063606264 5.179409522563219 13.125000048428774
v -2.695722442865372 5.115263093262911 13.125000048428774
v -2.7 5.050000000745058 13.125000048428774
v -2.695722442865372 4.984736908227205 13.125000048428774
v -2.6829629063606264 4.920590478926897 13.125000048428774
v -2.6619397521018984 4.858658287674189 13.125000048428774
v -2.6330126941204073 4.800000000745058 13.125000048428774
v -2.5966766595840456 4.745619285851717 13.125000048428774
v -2.5535533845424654 4.696446616202593 13.125000048428774
v -2.5043807148933412 4.653323341161013 13.125000048428774
v -2.45 4.616987306624651 13.125000048428774
v -2.3913417130708696 4.58806024864316 13.125000048428774
v -2.329409521818161 4.567037094384432 13.125000048428774
v -2.265263092517853 4.554277557879686 13.125000048428774
v -2.2 4.550000000745058 13.125000048428774
v -2.2 4.550000000745058 13.025000046938658
v -2.1347369074821474 4.554277557879686 13.025000046938658
v -2.070590478181839 4.567037094384432 13.025000046938658
v -2.0086582869291307 4.58806024864316 13.025000046938658
v -1.9500000000000002 4.616987306624651 13.025000046938658
v -1.8956192851066591 4.653323341161013 13.025000046938658
v -1.846446615457535 4.696446616202593 13.025000046938658
v -1.8033233404159548 4.745619285851717 13.025000046938658
v -1.766987305879593 4.800000000745058 13.025000046938658
v -1.738060247898102 4.858658287674189 13.025000046938658
v -1.717037093639374 4.920590478926897 13.025000046938658
v -1.7042775571346285 4.984736908227205 13.025000046938658
v -1.7000000000000002 5.050000000745058 13.025000046938658
v -1.7042775571346285 5.115263093262911 13.025000046938658
v -1.717037093639374 5.179409522563219 13.025000046938658
v -1.738060247898102 5.2413417138159275 13.025000046938658
v -1.766987305879593 5.300000000745058 13.025000046938658
v -1.8033233404159548 5.354380715638399 13.025000046938658
v -1.846446615457535 5.403553385287523 13.025000046938658
v -1.8956192851066591 5.4466766603291035 13.025000046938658
v -1.9500000000000002 5.483012694865465 13.025000046938658
v -2.0086582869291307 5.511939752846956 13.025000046938658
v -2.070590478181839 5.532962907105684 13.025000046938658
v -2.1347369074821474 5.54572244361043 13.025000046938658
v -2.2 5.550000000745058 13.025000046938658
v -2.265263092517853 5.54572244361043 13.025000046938658
v -2.329409521818161 5.532962907105684 13.025000046938658
v -2.3913417130708696 5.511939752846956 13.025000046938658
v -2.45 5.483012694865465 13.025000046938658
v -2.5043807148933412 5.4466766603291035 13.025000046938658
v -2.5535533845424654 5.403553385287523 13.025000046938658
v -2.5966766595840456 5.354380715638399 13.025000046938658
v -2.6330126941204073 5.300000000745058 13.025000046938658
v -2.6619397521018984 5.2413417138159275 13.025000046938658
v -2.6829629063606264 5.179409522563219 13.025000046938658
v -2.695722442865372 5.115263093262911 13.025000046938658
v -2.7 5.050000000745058 13.025000046938658
v -2.695722442865372 4.984736908227205 13.025000046938658
v -2.6829629063606264 4.920590478926897 13.025000046938658
v -2.6619397521018984 4.858658287674189 13.025000046938658
v -2.6330126941204073 4.800000000745058 13.025000046938658
v -2.5966766595840456 4.745619285851717 13.025000046938658
v -2.5535533845424654 4.696446616202593 13.025000046938658
v -2.5043807148933412 4.653323341161013 13.025000046938658
v -2.45 4.616987306624651 13.025000046938658
v -2.3913417130708696 4.58806024864316 13.025000046938658
v -2.329409521818161 4.567037094384432 13.025000046938658
v -2.265263092517853 4.554277557879686 13.025000046938658
v -2.2 4.550000000745058 13.025000046938658
v -2.2 5.050000000745058 13.125000048428774
v -2.2 5.050000000745058 13.125000048428774
v -2.2 5.050000000745058 13.125000048428774
v -2.2 5.050000000745058 13.125000048428774
v -2.2 5.050000000745058 13.125000048428774
v -2.2 5.050000000745058 13.125000048428774
v -2.2 5.050000000745058 13.125000048428774
v -2.2 5.050000000745058 13.125000048428774
v -2.2 5.050000000745058 13.125000048428774
v -2.2 5.050000000745058 13.125000048428774
v -2.2 5.050000000745058 13.125000048428774
v -2.2 5.050000000745058 13.125000048428774
v -2.2 5.050000000745058 13.125000048428774
v -2.2 5.050000000745058 13.125000048428774
v -2.2 5.050000000745058 13.125000048428774
v -2.2 5.050000000745058 13.125000048428774
v -2.2 5.050000000745058 13.125000048428774
v -2.2 5.050000000745058 13.125000048428774
v -2.2 5.050000000745058 13.125000048428774
v -2.2 5.050000000745058 13.125000048428774
v -2.2 5.050000000745058 13.125000048428774
v -2.2 5.050000000745058 13.125000048428774
v -2.2 5.050000000745058 13.125000048428774
v -2.2 5.050000000745058 13.125000048428774
v -2.2 5.050000000745058 13.125000048428774
v -2.2 5.050000000745058 13.125000048428774
v -2.2 5.050000000745058 13.125000048428774
v -2.2 5.050000000745058 13.125000048428774
v -2.2 5.050000000745058 13.125000048428774
v -2.2 5.050000000745058 13.125000048428774
v -2.2 5.050000000745058 13.125000048428774
v -2.2 5.050000000745058 13.125000048428774
v -2.2 5.050000000745058 13.125000048428774
v -2.2 5.050000000745058 13.125000048428774
v -2.2 5.050000000745058 13.125000048428774
v -2.2 5.050000000745058 13.125000048428774
v -2.2 5.050000000745058 13.125000048428774
v -2.2 5.050000000745058 13.125000048428774
v -2.2 5.050000000745058 13.125000048428774
v -2.2 5.050000000745058 13.125000048428774
v -2.2 5.050000000745058 13.125000048428774
v -2.2 5.050000000745058 13.125000048428774
v -2.2 5.050000000745058 13.125000048428774
v -2.2 5.050000000745058 13.125000048428774
v -2.2 5.050000000745058 13.125000048428774
v -2.2 5.050000000745058 13.125000048428774
v -2.2 5.050000000745058 13.125000048428774
v -2.2 5.050000000745058 13.125000048428774
v -2.2 4.550000000745058 13.125000048428774
v -2.1347369074821474 4.554277557879686 13.125000048428774
v -2.070590478181839 4.567037094384432 13.125000048428774
v -2.0086582869291307 4.58806024864316 13.125000048428774
v -1.9500000000000002 4.616987306624651 13.125000048428774
v -1.8956192851066591 4.653323341161013 13.125000048428774
v -1.846446615457535 4.696446616202593 13.125000048428774
v -1.8033233404159548 4.745619285851717 13.125000048428774
v -1.766987305879593 4.800000000745058 13.125000048428774
v -1.738060247898102 4.858658287674189 13.125000048428774
v -1.717037093639374 4.920590478926897 13.125000048428774
v -1.7042775571346285 4.984736908227205 13.125000048428774
v -1.7000000000000002 5.050000000745058 13.125000048428774
v -1.7042775571346285 5.115263093262911 13.125000048428774
v -1.717037093639374 5.179409522563219 13.125000048428774
v -1.738060247898102 5.2413417138159275 13.125000048428774
v -1.766987305879593 5.300000000745058 13.125000048428774
v -1.8033233404159548 5.354380715638399 13.125000048428774
v -1.846446615457535 5.403553385287523 13.125000048428774
v -1.8956192851066591 5.4466766603291035 13.125000048428774
v -1.9500000000000002 5.483012694865465 13.125000048428774
v -2.0086582869291307 5.511939752846956 13.125000048428774
v -2.070590478181839 5.532962907105684 13.125000048428774
v -2.1347369074821474 5.54572244361043 13.125000048428774
v -2.2 5.550000000745058 13.125000048428774
v -2.265263092517853 5.54572244361043 13.125000048428774
v -2.329409521818161 5.532962907105684 13.125000048428774
v -2.3913417130708696 5.511939752846956 13.125000048428774
v -2.45 5.483012694865465 13.125000048428774
v -2.5043807148933412 5.4466766603291035 13.125000048428774
v -2.5535533845424654 5.403553385287523 13.125000048428774
v -2.5966766595840456 5.354380715638399 13.125000048428774
v -2.6330126941204073 5.300000000745058 13.125000048428774
v -2.6619397521018984 5.2413417138159275 13.125000048428774
v -2.6829629063606264 5.179409522563219 13.125000048428774
v -2.695722442865372 5.115263093262911 13.125000048428774
v -2.7 5.050000000745058 13.125000048428774
v -2.695722442865372 4.984736908227205 13.125000048428774
v -2.6829629063606264 4.920590478926897 13.125000048428774
v -2.6619397521018984 4.858658287674189 13.125000048428774
v -2.6330126941204073 4.800000000745058 13.125000048428774
v -2.5966766595840456 4.745619285851717 13.125000048428774
v -2.5535533845424654 4.696446616202593 13.125000048428774
v -2.5043807148933412 4.653323341161013 13.125000048428774
v -2.45 4.616987306624651 13.125000048428774
v -2.3913417130708696 4.58806024864316 13.125000048428774
v -2.329409521818161 4.567037094384432 13.125000048428774
v -2.265263092517853 4.554277557879686 13.125000048428774
v -2.2 4.550000000745058 13.125000048428774
v -2.2 5.050000000745058 13.025000046938658
v -2.2 5.050000000745058 13.025000046938658
v -2.2 5.050000000745058 13.025000046938658
v -2.2 5.050000000745058 13.025000046938658
v -2.2 5.050000000745058 13.025000046938658
v -2.2 5.050000000745058 13.025000046938658
v -2.2 5.050000000745058 13.025000046938658
v -2.2 5.050000000745058 13.025000046938658
v -2.2 5.050000000745058 13.025000046938658
v -2.2 5.050000000745058 13.025000046938658
v -2.2 5.050000000745058 13.025000046938658
v -2.2 5.050000000745058 13.025000046938658
v -2.2 5.050000000745058 13.025000046938658
v -2.2 5.050000000745058 13.025000046938658
v -2.2 5.050000000745058 13.025000046938658
v -2.2 5.050000000745058 13.025000046938658
v -2.2 5.050000000745058 13.025000046938658
v -2.2 5.050000000745058 13.025000046938658
v -2.2 5.050000000745058 13.025000046938658
v -2.2 5.050000000745058 13.025000046938658
v -2.2 5.050000000745058 13.025000046938658
v -2.2 5.050000000745058 13.025000046938658
v -2.2 5.050000000745058 13.025000046938658
v -2.2 5.050000000745058 13.025000046938658
v -2.2 5.050000000745058 13.025000046938658
v -2.2 5.050000000745058 13.025000046938658
v -2.2 5.050000000745058 13.025000046938658
v -2.2 5.050000000745058 13.025000046938658
v -2.2 5.050000000745058 13.025000046938658
v -2.2 5.050000000745058 13.025000046938658
v -2.2 5.050000000745058 13.025000046938658
v -2.2 5.050000000745058 13.025000046938658
v -2.2 5.050000000745058 13.025000046938658
v -2.2 5.050000000745058 13.025000046938658
v -2.2 5.050000000745058 13.025000046938658
v -2.2 5.050000000745058 13.025000046938658
v -2.2 5.050000000745058 13.025000046938658
v -2.2 5.050000000745058 13.025000046938658
v -2.2 5.050000000745058 13.025000046938658
v -2.2 5.050000000745058 13.025000046938658
v -2.2 5.050000000745058 13.025000046938658
v -2.2 5.050000000745058 13.025000046938658
v -2.2 5.050000000745058 13.025000046938658
v -2.2 5.050000000745058 13.025000046938658
v -2.2 5.050000000745058 13.025000046938658
v -2.2 5.050000000745058 13.025000046938658
v -2.2 5.050000000745058 13.025000046938658
v -2.2 5.050000000745058 13.025000046938658
v -2.2 4.550000000745058 13.025000046938658
v -2.1347369074821474 4.554277557879686 13.025000046938658
v -2.070590478181839 4.567037094384432 13.025000046938658
v -2.0086582869291307 4.58806024864316 13.025000046938658
v -1.9500000000000002 4.616987306624651 13.025000046938658
v -1.8956192851066591 4.653323341161013 13.025000046938658
v -1.846446615457535 4.696446616202593 13.025000046938658
v -1.8033233404159548 4.745619285851717 13.025000046938658
v -1.766987305879593 4.800000000745058 13.025000046938658
v -1.738060247898102 4.858658287674189 13.025000046938658
v -1.717037093639374 4.920590478926897 13.025000046938658
v -1.7042775571346285 4.984736908227205 13.025000046938658
v -1.7000000000000002 5.050000000745058 13.025000046938658
v -1.7042775571346285 5.115263093262911 13.025000046938658
v -1.717037093639374 5.179409522563219 13.025000046938658
v -1.738060247898102 5.2413417138159275 13.025000046938658
v -1.766987305879593 5.300000000745058 13.025000046938658
v -1.8033233404159548 5.354380715638399 13.025000046938658
v -1.846446615457535 5.403553385287523 13.025000046938658
v -1.8956192851066591 5.4466766603291035 13.025000046938658
v -1.9500000000000002 5.483012694865465 13.025000046938658
v -2.0086582869291307 5.511939752846956 13.025000046938658
v -2.070590478181839 5.532962907105684 13.025000046938658
v -2.1347369074821474 5.54572244361043 13.025000046938658
v -2.2 5.550000000745058 13.025000046938658
v -2.265263092517853 5.54572244361043 13.025000046938658
v -2.329409521818161 5.532962907105684 13.025000046938658
v -2.3913417130708696 5.511939752846956 13.025000046938658
v -2.45 5.483012694865465 13.025000046938658
v -2.5043807148933412 5.4466766603291035 13.025000046938658
v -2.5535533845424654 5.403553385287523 13.025000046938658
v -2.5966766595840456 5.354380715638399 13.025000046938658
v -2.6330126941204073 5.300000000745058 13.025000046938658
v -2.6619397521018984 5.2413417138159275 13.025000046938658
v -2.6829629063606264 5.179409522563219 13.025000046938658
v -2.695722442865372 5.115263093262911 13.025000046938658
v -2.7 5.050000000745058 13.025000046938658
v -2.695722442865372 4.984736908227205 13.025000046938658
v -2.6829629063606264 4.920590478926897 13.025000046938658
v -2.6619397521018984 4.858658287674189 13.025000046938658
v -2.6330126941204073 4.800000000745058 13.025000046938658
v -2.5966766595840456 4.745619285851717 13.025000046938658
v -2.5535533845424654 4.696446616202593 13.025000046938658
v -2.5043807148933412 4.653323341161013 13.025000046938658
v -2.45 4.616987306624651 13.025000046938658
v -2.3913417130708696 4.58806024864316 13.025000046938658
v -2.329409521818161 4.567037094384432 13.025000046938658
v -2.265263092517853 4.554277557879686 13.025000046938658
v -2.2 4.550000000745058 13.025000046938658
vt 0 1
vt 0.02083333395421505 1
vt 0.0416666679084301 1
vt 0.0625 1
vt 0.0833333358168602 1
vt 0.1041666641831398 1
vt 0.125 1
vt 0.1458333283662796 1
vt 0.1666666716337204 1
vt 0.1875 1
vt 0.2083333283662796 1
vt 0.2291666716337204 1
vt 0.25 1
vt 0.2708333432674408 1
vt 0.2916666567325592 1
vt 0.3125 1
vt 0.3333333432674408 1
vt 0.3541666567325592 1
vt 0.375 1
vt 0.3958333432674408 1
vt 0.4166666567325592 1
vt 0.4375 1
vt 0.4583333432674408 1
vt 0.4791666567325592 1
vt 0.5 1
vt 0.5208333134651184 1
vt 0.5416666865348816 1
vt 0.5625 1
vt 0.5833333134651184 1
vt 0.6041666865348816 1
vt 0.625 1
vt 0.6458333134651184 1
vt 0.6666666865348816 1
vt 0.6875 1
vt 0.7083333134651184 1
vt 0.7291666865348816 1
vt 0.75 1
vt 0.7708333134651184 1
vt 0.7916666865348816 1
vt 0.8125 1
vt 0.8333333134651184 1
vt 0.8541666865348816 1
vt 0.875 1
vt 0.8958333134651184 1
vt 0.9166666865348816 1
vt 0.9375 1
vt 0.9583333134651184 1
vt 0.9791666865348816 1
vt 1 1
vt 0 0
vt 0.02083333395421505 0
vt 0.0416666679084301 0
vt 0.0625 0
vt 0.0833333358168602 0
vt 0.1041666641831398 0
vt 0.125 0
vt 0.1458333283662796 0
vt 0.1666666716337204 0
vt 0.1875 0
vt 0.2083333283662796 0
vt 0.2291666716337204 0
vt 0.25 0
vt 0.2708333432674408 0
vt 0.2916666567325592 0
vt 0.3125 0
vt 0.3333333432674408 0
vt 0.3541666567325592 0
vt 0.375 0
vt 0.3958333432674408 0
vt 0.4166666567325592 0
vt 0.4375 0
vt 0.4583333432674408 0
vt 0.4791666567325592 0
vt 0.5 0
vt 0.5208333134651184 0
vt 0.5416666865348816 0
vt 0.5625 0
vt 0.5833333134651184 0
vt 0.6041666865348816 0
vt 0.625 0
vt 0.6458333134651184 0
vt 0.6666666865348816 0
vt 0.6875 0
vt 0.7083333134651184 0
vt 0.7291666865348816 0
vt 0.75 0
vt 0.7708333134651184 0
vt 0.7916666865348816 0
vt 0.8125 0
vt 0.8333333134651184 0
vt 0.8541666865348816 0
vt 0.875 0
vt 0.8958333134651184 0
vt 0.9166666865348816 0
vt 0.9375 0
vt 0.9583333134651184 0
vt 0.9791666865348816 0
vt 1 0
vt 0.5 0.5
vt 0.5 0.5
vt 0.5 0.5
vt 0.5 0.5
vt 0.5 0.5
vt 0.5 0.5
vt 0.5 0.5
vt 0.5 0.5
vt 0.5 0.5
vt 0.5 0.5
vt 0.5 0.5
vt 0.5 0.5
vt 0.5 0.5
vt 0.5 0.5
vt 0.5 0.5
vt 0.5 0.5
vt 0.5 0.5
vt 0.5 0.5
vt 0.5 0.5
vt 0.5 0.5
vt 0.5 0.5
vt 0.5 0.5
vt 0.5 0.5
vt 0.5 0.5
vt 0.5 0.5
vt 0.5 0.5
vt 0.5 0.5
vt 0.5 0.5
vt 0.5 0.5
vt 0.5 0.5
vt 0.5 0.5
vt 0.5 0.5
vt 0.5 0.5
vt 0.5 0.5
vt 0.5 0.5
vt 0.5 0.5
vt 0.5 0.5
vt 0.5 0.5
vt 0.5 0.5
vt 0.5 0.5
vt 0.5 0.5
vt 0.5 0.5
vt 0.5 0.5
vt 0.5 0.5
vt 0.5 0.5
vt 0.5 0.5
vt 0.5 0.5
vt 0.5 0.5
vt 1 0.5
vt 0.9957224130630493 0.5652630925178528
vt 0.9829629063606262 0.6294095516204834
vt 0.9619397521018982 0.6913416981697083
vt 0.9330127239227295 0.75
vt 0.8966766595840454 0.8043807148933411
vt 0.8535534143447876 0.8535534143447876
vt 0.8043807148933411 0.8966766595840454
vt 0.75 0.9330127239227295
vt 0.6913416981697083 0.9619397521018982
vt 0.6294095516204834 0.9829629063606262
vt 0.5652630925178528 0.9957224130630493
vt 0.5 1
vt 0.4347369074821472 0.9957224130630493
vt 0.370590478181839 0.9829629063606262
vt 0.30865827202796936 0.9619397521018982
vt 0.25 0.9330127239227295
vt 0.19561928510665894 0.8966766595840454
vt 0.1464466154575348 0.8535534143447876
vt 0.10332333296537399 0.8043807148933411
vt 0.0669872984290123 0.75
vt 0.03806023299694061 0.6913416981697083
vt 0.017037086188793182 0.6294095516204834
vt 0.004277569241821766 0.5652630925178528
vt 0 0.5
vt 0.004277569241821766 0.4347369074821472
vt 0.017037086188793182 0.370590478181839
vt 0.03806023299694061 0.30865827202796936
vt 0.0669872984290123 0.25
vt 0.10332333296537399 0.19561928510665894
vt 0.1464466154575348 0.1464466154575348
vt 0.19561928510665894 0.10332333296537399
vt 0.25 0.0669872984290123
vt 0.30865827202796936 0.03806023299694061
vt 0.370590478181839 0.017037086188793182
vt 0.4347369074821472 0.004277569241821766
vt 0.5 0
vt 0.5652630925178528 0.004277569241821766
vt 0.6294095516204834 0.017037086188793182
vt 0.6913416981697083 0.03806023299694061
vt 0.75 0.0669872984290123
vt 0.8043807148933411 0.10332333296537399
vt 0.8535534143447876 0.1464466154575348
vt 0.8966766595840454 0.19561928510665894
vt 0.9330127239227295 0.25
vt 0.9619397521018982 0.30865827202796936
vt 0.9829629063606262 0.370590478181839
vt 0.9957224130630493 0.4347369074821472
vt 1 0.5
vt 0.5 0.5
vt 0.5 0.5
vt 0.5 0.5
vt 0.5 0.5
vt 0.5 0.5
vt 0.5 0.5
vt 0.5 0.5
vt 0.5 0.5
vt 0.5 0.5
vt 0.5 0.5
vt 0.5 0.5
vt 0.5 0.5
vt 0.5 0.5
vt 0.5 0.5
vt 0.5 0.5
vt 0.5 0.5
vt 0.5 0.5
vt 0.5 0.5
vt 0.5 0.5
vt 0.5 0.5
vt 0.5 0.5
vt 0.5 0.5
vt 0.5 0.5
vt 0.5 0.5
vt 0.5 0.5
vt 0.5 0.5
vt 0.5 0.5
vt 0.5 0.5
vt 0.5 0.5
vt 0.5 0.5
vt 0.5 0.5
vt 0.5 0.5
vt 0.5 0.5
vt 0.5 0.5
vt 0.5 0.5
vt 0.5 0.5
vt 0.5 0.5
vt 0.5 0.5
vt 0.5 0.5
vt 0.5 0.5
vt 0.5 0.5
vt 0.5 0.5
vt 0.5 0.5
vt 0.5 0.5
vt 0.5 0.5
vt 0.5 0.5
vt 0.5 0.5
vt 0.5 0.5
vt 1 0.5
vt 0.9957224130630493 0.4347369074821472
vt 0.9829629063606262 0.370590478181839
vt 0.9619397521018982 0.30865827202796936
vt 0.9330127239227295 0.25
vt 0.8966766595840454 0.19561928510665894
vt 0.8535534143447876 0.1464466154575348
vt 0.8043807148933411 0.10332333296537399
vt 0.75 0.0669872984290123
vt 0.6913416981697083 0.03806023299694061
vt 0.6294095516204834 0.017037086188793182
vt 0.5652630925178528 0.004277569241821766
vt 0.5 0
vt 0.4347369074821472 0.004277569241821766
vt 0.370590478181839 0.017037086188793182
vt 0.30865827202796936 0.03806023299694061
vt 0.25 0.0669872984290123
vt 0.19561928510665894 0.10332333296537399
vt 0.1464466154575348 0.1464466154575348
vt 0.10332333296537399 0.19561928510665894
vt 0.0669872984290123 0.25
vt 0.03806023299694061 0.30865827202796936
vt 0.017037086188793182 0.370590478181839
vt 0.004277569241821766 0.4347369074821472
vt 0 0.5
vt 0.004277569241821766 0.5652630925178528
vt 0.017037086188793182 0.6294095516204834
vt 0.03806023299694061 0.6913416981697083
vt 0.0669872984290123 0.75
vt 0.10332333296537399 0.8043807148933411
vt 0.1464466154575348 0.8535534143447876
vt 0.19561928510665894 0.8966766595840454
vt 0.25 0.9330127239227295
vt 0.30865827202796936 0.9619397521018982
vt 0.370590478181839 0.9829629063606262
vt 0.4347369074821472 0.9957224130630493
vt 0.5 1
vt 0.5652630925178528 0.9957224130630493
vt 0.6294095516204834 0.9829629063606262
vt 0.6913416981697083 0.9619397521018982
vt 0.75 0.9330127239227295
vt 0.8043807148933411 0.8966766595840454
vt 0.8535534143447876 0.8535534143447876
vt 0.8966766595840454 0.8043807148933411
vt 0.9330127239227295 0.75
vt 0.9619397521018982 0.6913416981697083
vt 0.9829629063606262 0.6294095516204834
vt 0.9957224130630493 0.5652630925178528
vt 1 0.5
vn 0 -1 2.220446049250313e-16
vn 0.13052618200608704 -0.9914448627185043 2.2014498284728219e-16
vn 0.2588190471264927 -0.9659258257467466 2.1447861836482098e-16
vn 0.3826834370613369 -0.9238795305660377 2.0514246536285922e-16
vn 0.5000000067305869 -0.8660253998985324 1.9229626777551189e-16
vn 0.6087614397000725 -0.7933533320874723 1.7615982718931994e-16
vn 0.7071067811865476 -0.7071067811865476 1.5700924586837752e-16
vn 0.7933533320874723 -0.6087614397000725 1.3517219337179586e-16
vn 0.8660253998985324 -0.5000000067305869 1.1102230395700616e-16
vn 0.9238795305660377 -0.3826834370613369 8.497279259363763e-17
vn 0.9659258257467466 -0.2588190471264927 5.746937306627513e-17
vn 0.9914448627185043 -0.13052618200608704 2.8982634515914327e-17
vn 1 -6.123234262925839e-17 1.3596311327747833e-32
vn 0.9914448627185043 0.13052618200608704 -2.8982634515914327e-17
vn 0.9659258257467466 0.2588190471264927 -5.746937306627513e-17
vn 0.9238795305660377 0.3826834370613369 -8.497279259363763e-17
vn 0.8660253998985324 0.5000000067305869 -1.1102230395700616e-16
vn 0.7933533320874723 0.6087614397000725 -1.3517219337179586e-16
vn 0.7071067811865476 0.7071067811865476 -1.5700924586837752e-16
vn 0.6087614397000725 0.7933533320874723 -1.7615982718931994e-16
vn 0.5000000067305869 0.8660253998985324 -1.9229626777551189e-16
vn 0.3826834370613369 0.9238795305660377 -2.0514246536285922e-16
vn 0.2588190471264927 0.9659258257467466 -2.1447861836482098e-16
vn 0.13052618200608704 0.9914448627185043 -2.2014498284728219e-16
vn 1.2246468525851679e-16 1 -2.220446049250313e-16
vn -0.13052618200608704 0.9914448627185043 -2.2014498284728219e-16
vn -0.2588190471264927 0.9659258257467466 -2.1447861836482098e-16
vn -0.3826834370613369 0.9238795305660377 -2.0514246536285922e-16
vn -0.5000000067305869 0.8660253998985324 -1.9229626777551189e-16
vn -0.6087614397000725 0.7933533320874723 -1.7615982718931994e-16
vn -0.7071067811865476 0.7071067811865476 -1.5700924586837752e-16
vn -0.7933533320874723 0.6087614397000725 -1.3517219337179586e-16
vn -0.8660253998985324 0.5000000067305869 -1.1102230395700616e-16
vn -0.9238795305660377 0.3826834370613369 -8.497279259363763e-17
vn -0.9659258257467466 0.2588190471264927 -5.746937306627513e-17
vn -0.9914448627185043 0.13052618200608704 -2.8982634515914327e-17
vn -1 1.8369701465288538e-16 -4.078893104450762e-32
vn -0.9914448627185043 -0.13052618200608704 2.8982634515914327e-17
vn -0.9659258257467466 -0.2588190471264927 5.746937306627513e-17
vn -0.9238795305660377 -0.3826834370613369 8.497279259363763e-17
vn -0.8660253998985324 -0.5000000067305869 1.1102230395700616e-16
vn -0.7933533320874723 -0.6087614397000725 1.3517219337179586e-16
vn -0.7071067811865476 -0.7071067811865476 1.5700924586837752e-16
vn -0.6087614397000725 -0.7933533320874723 1.7615982718931994e-16
vn -0.5000000067305869 -0.8660253998985324 1.9229626777551189e-16
vn -0.3826834370613369 -0.9238795305660377 2.0514246536285922e-16
vn -0.2588190471264927 -0.9659258257467466 2.1447861836482098e-16
vn -0.13052618200608704 -0.9914448627185043 2.2014498284728219e-16
vn -2.4492937051703357e-16 -1 2.220446049250313e-16
vn 0 -1 2.220446049250313e-16
vn 0.13052618200608704 -0.9914448627185043 2.2014498284728219e-16
vn 0.2588190471264927 -0.9659258257467466 2.1447861836482098e-16
vn 0.3826834370613369 -0.9238795305660377 2.0514246536285922e-16
vn 0.5000000067305869 -0.8660253998985324 1.9229626777551189e-16
vn 0.6087614397000725 -0.7933533320874723 1.7615982718931994e-16
vn 0.7071067811865476 -0.7071067811865476 1.5700924586837752e-16
vn 0.7933533320874723 -0.6087614397000725 1.3517219337179586e-16
vn 0.8660253998985324 -0.5000000067305869 1.1102230395700616e-16
vn 0.9238795305660377 -0.3826834370613369 8.497279259363763e-17
vn 0.9659258257467466 -0.2588190471264927 5.746937306627513e-17
vn 0.9914448627185043 -0.13052618200608704 2.8982634515914327e-17
vn 1 -6.123234262925839e-17 1.3596311327747833e-32
vn 0.9914448627185043 0.13052618200608704 -2.8982634515914327e-17
vn 0.9659258257467466 0.2588190471264927 -5.746937306627513e-17
vn 0.9238795305660377 0.3826834370613369 -8.497279259363763e-17
vn 0.8660253998985324 0.5000000067305869 -1.1102230395700616e-16
vn 0.7933533320874723 0.6087614397000725 -1.3517219337179586e-16
vn 0.7071067811865476 0.7071067811865476 -1.5700924586837752e-16
vn 0.6087614397000725 0.7933533320874723 -1.7615982718931994e-16
vn 0.5000000067305869 0.8660253998985324 -1.9229626777551189e-16
vn 0.3826834370613369 0.9238795305660377 -2.0514246536285922e-16
vn 0.2588190471264927 0.9659258257467466 -2.1447861836482098e-16
vn 0.13052618200608704 0.9914448627185043 -2.2014498284728219e-16
vn 1.2246468525851679e-16 1 -2.220446049250313e-16
vn -0.13052618200608704 0.9914448627185043 -2.2014498284728219e-16
vn -0.2588190471264927 0.9659258257467466 -2.1447861836482098e-16
vn -0.3826834370613369 0.9238795305660377 -2.0514246536285922e-16
vn -0.5000000067305869 0.8660253998985324 -1.9229626777551189e-16
vn -0.6087614397000725 0.7933533320874723 -1.7615982718931994e-16
vn -0.7071067811865476 0.7071067811865476 -1.5700924586837752e-16
vn -0.7933533320874723 0.6087614397000725 -1.3517219337179586e-16
vn -0.8660253998985324 0.5000000067305869 -1.1102230395700616e-16
vn -0.9238795305660377 0.3826834370613369 -8.497279259363763e-17
vn -0.9659258257467466 0.2588190471264927 -5.746937306627513e-17
vn -0.9914448627185043 0.13052618200608704 -2.8982634515914327e-17
vn -1 1.8369701465288538e-16 -4.078893104450762e-32
vn -0.9914448627185043 -0.13052618200608704 2.8982634515914327e-17
vn -0.9659258257467466 -0.2588190471264927 5.746937306627513e-17
vn -0.9238795305660377 -0.3826834370613369 8.497279259363763e-17
vn -0.8660253998985324 -0.5000000067305869 1.1102230395700616e-16
vn -0.7933533320874723 -0.6087614397000725 1.3517219337179586e-16
vn -0.7071067811865476 -0.7071067811865476 1.5700924586837752e-16
vn -0.6087614397000725 -0.7933533320874723 1.7615982718931994e-16
vn -0.5000000067305869 -0.8660253998985324 1.9229626777551189e-16
vn -0.3826834370613369 -0.9238795305660377 2.0514246536285922e-16
vn -0.2588190471264927 -0.9659258257467466 2.1447861836482098e-16
vn -0.13052618200608704 -0.9914448627185043 2.2014498284728219e-16
vn -2.4492937051703357e-16 -1 2.220446049250313e-16
vn 0 2.220446049250313e-16 1
vn 0 2.220446049250313e-16 1
vn 0 2.220446049250313e-16 1
vn 0 2.220446049250313e-16 1
vn 0 2.220446049250313e-16 1
vn 0 2.220446049250313e-16 1
vn 0 2.220446049250313e-16 1
vn 0 2.220446049250313e-16 1
vn 0 2.220446049250313e-16 1
vn 0 2.220446049250313e-16 1
vn 0 2.220446049250313e-16 1
vn 0 2.220446049250313e-16 1
vn 0 2.220446049250313e-16 1
vn 0 2.220446049250313e-16 1
vn 0 2.220446049250313e-16 1
vn 0 2.220446049250313e-16 1
vn 0 2.220446049250313e-16 1
vn 0 2.220446049250313e-16 1
vn 0 2.220446049250313e-16 1
vn 0 2.220446049250313e-16 1
vn 0 2.220446049250313e-16 1
vn 0 2.220446049250313e-16 1
vn 0 2.220446049250313e-16 1
vn 0 2.220446049250313e-16 1
vn 0 2.220446049250313e-16 1
vn 0 2.220446049250313e-16 1
vn 0 2.220446049250313e-16 1
vn 0 2.220446049250313e-16 1
vn 0 2.220446049250313e-16 1
vn 0 2.220446049250313e-16 1
vn 0 2.220446049250313e-16 1
vn 0 2.220446049250313e-16 1
vn 0 2.220446049250313e-16 1
vn 0 2.220446049250313e-16 1
vn 0 2.220446049250313e-16 1
vn 0 2.220446049250313e-16 1
vn 0 2.220446049250313e-16 1
vn 0 2.220446049250313e-16 1
vn 0 2.220446049250313e-16 1
vn 0 2.220446049250313e-16 1
vn 0 2.220446049250313e-16 1
vn 0 2.220446049250313e-16 1
vn 0 2.220446049250313e-16 1
vn 0 2.220446049250313e-16 1
vn 0 2.220446049250313e-16 1
vn 0 2.220446049250313e-16 1
vn 0 2.220446049250313e-16 1
vn 0 2.220446049250313e-16 1
vn 0 2.220446049250313e-16 1
vn 0 2.220446049250313e-16 1
vn 0 2.220446049250313e-16 1
vn 0 2.220446049250313e-16 1
vn 0 2.220446049250313e-16 1
vn 0 2.220446049250313e-16 1
vn 0 2.220446049250313e-16 1
vn 0 2.220446049250313e-16 1
vn 0 2.220446049250313e-16 1
vn 0 2.220446049250313e-16 1
vn 0 2.220446049250313e-16 1
vn 0 2.220446049250313e-16 1
vn 0 2.220446049250313e-16 1
vn 0 2.220446049250313e-16 1
vn 0 2.220446049250313e-16 1
vn 0 2.220446049250313e-16 1
vn 0 2.220446049250313e-16 1
vn 0 2.220446049250313e-16 1
vn 0 2.220446049250313e-16 1
vn 0 2.220446049250313e-16 1
vn 0 2.220446049250313e-16 1
vn 0 2.220446049250313e-16 1
vn 0 2.220446049250313e-16 1
vn 0 2.220446049250313e-16 1
vn 0 2.220446049250313e-16 1
vn 0 2.220446049250313e-16 1
vn 0 2.220446049250313e-16 1
vn 0 2.220446049250313e-16 1
vn 0 2.220446049250313e-16 1
vn 0 2.220446049250313e-16 1
vn 0 2.220446049250313e-16 1
vn 0 2.220446049250313e-16 1
vn 0 2.220446049250313e-16 1
vn 0 2.220446049250313e-16 1
vn 0 2.220446049250313e-16 1
vn 0 2.220446049250313e-16 1
vn 0 2.220446049250313e-16 1
vn 0 2.220446049250313e-16 1
vn 0 2.220446049250313e-16 1
vn 0 2.220446049250313e-16 1
vn 0 2.220446049250313e-16 1
vn 0 2.220446049250313e-16 1
vn 0 2.220446049250313e-16 1
vn 0 2.220446049250313e-16 1
vn 0 2.220446049250313e-16 1
vn 0 2.220446049250313e-16 1
vn 0 2.220446049250313e-16 1
vn 0 2.220446049250313e-16 1
vn 0 2.220446049250313e-16 1
vn 0 -2.220446049250313e-16 -1
vn 0 -2.220446049250313e-16 -1
vn 0 -2.220446049250313e-16 -1
vn 0 -2.220446049250313e-16 -1
vn 0 -2.220446049250313e-16 -1
vn 0 -2.220446049250313e-16 -1
vn 0 -2.220446049250313e-16 -1
vn 0 -2.220446049250313e-16 -1
vn 0 -2.220446049250313e-16 -1
vn 0 -2.220446049250313e-16 -1
vn 0 -2.220446049250313e-16 -1
vn 0 -2.220446049250313e-16 -1
vn 0 -2.220446049250313e-16 -1
vn 0 -2.220446049250313e-16 -1
vn 0 -2.220446049250313e-16 -1
vn 0 -2.220446049250313e-16 -1
vn 0 -2.220446049250313e-16 -1
vn 0 -2.220446049250313e-16 -1
vn 0 -2.220446049250313e-16 -1
vn 0 -2.220446049250313e-16 -1
vn 0 -2.220446049250313e-16 -1
vn 0 -2.220446049250313e-16 -1
vn 0 -2.220446049250313e-16 -1
vn 0 -2.220446049250313e-16 -1
vn 0 -2.220446049250313e-16 -1
vn 0 -2.220446049250313e-16 -1
vn 0 -2.220446049250313e-16 -1
vn 0 -2.220446049250313e-16 -1
vn 0 -2.220446049250313e-16 -1
vn 0 -2.220446049250313e-16 -1
vn 0 -2.220446049250313e-16 -1
vn 0 -2.220446049250313e-16 -1
vn 0 -2.220446049250313e-16 -1
vn 0 -2.220446049250313e-16 -1
vn 0 -2.220446049250313e-16 -1
vn 0 -2.220446049250313e-16 -1
vn 0 -2.220446049250313e-16 -1
vn 0 -2.220446049250313e-16 -1
vn 0 -2.220446049250313e-16 -1
vn 0 -2.220446049250313e-16 -1
vn 0 -2.220446049250313e-16 -1
vn 0 -2.220446049250313e-16 -1
vn 0 -2.220446049250313e-16 -1
vn 0 -2.220446049250313e-16 -1
vn 0 -2.220446049250313e-16 -1
vn 0 -2.220446049250313e-16 -1
vn 0 -2.220446049250313e-16 -1
vn 0 -2.220446049250313e-16 -1
vn 0 -2.220446049250313e-16 -1
vn 0 -2.220446049250313e-16 -1
vn 0 -2.220446049250313e-16 -1
vn 0 -2.220446049250313e-16 -1
vn 0 -2.220446049250313e-16 -1
vn 0 -2.220446049250313e-16 -1
vn 0 -2.220446049250313e-16 -1
vn 0 -2.220446049250313e-16 -1
vn 0 -2.220446049250313e-16 -1
vn 0 -2.220446049250313e-16 -1
vn 0 -2.220446049250313e-16 -1
vn 0 -2.220446049250313e-16 -1
vn 0 -2.220446049250313e-16 -1
vn 0 -2.220446049250313e-16 -1
vn 0 -2.220446049250313e-16 -1
vn 0 -2.220446049250313e-16 -1
vn 0 -2.220446049250313e-16 -1
vn 0 -2.220446049250313e-16 -1
vn 0 -2.220446049250313e-16 -1
vn 0 -2.220446049250313e-16 -1
vn 0 -2.220446049250313e-16 -1
vn 0 -2.220446049250313e-16 -1
vn 0 -2.220446049250313e-16 -1
vn 0 -2.220446049250313e-16 -1
vn 0 -2.220446049250313e-16 -1
vn 0 -2.220446049250313e-16 -1
vn 0 -2.220446049250313e-16 -1
vn 0 -2.220446049250313e-16 -1
vn 0 -2.220446049250313e-16 -1
vn 0 -2.220446049250313e-16 -1
vn 0 -2.220446049250313e-16 -1
vn 0 -2.220446049250313e-16 -1
vn 0 -2.220446049250313e-16 -1
vn 0 -2.220446049250313e-16 -1
vn 0 -2.220446049250313e-16 -1
vn 0 -2.220446049250313e-16 -1
vn 0 -2.220446049250313e-16 -1
vn 0 -2.220446049250313e-16 -1
vn 0 -2.220446049250313e-16 -1
vn 0 -2.220446049250313e-16 -1
vn 0 -2.220446049250313e-16 -1
vn 0 -2.220446049250313e-16 -1
vn 0 -2.220446049250313e-16 -1
vn 0 -2.220446049250313e-16 -1
vn 0 -2.220446049250313e-16 -1
vn 0 -2.220446049250313e-16 -1
vn 0 -2.220446049250313e-16 -1
vn 0 -2.220446049250313e-16 -1
vn 0 -2.220446049250313e-16 -1
f 949/949/949 998/998/998 950/950/950
f 998/998/998 999/999/999 950/950/950
f 950/950/950 999/999/999 951/951/951
f 999/999/999 1000/1000/1000 951/951/951
f 951/951/951 1000/1000/1000 952/952/952
f 1000/1000/1000 1001/1001/1001 952/952/952
f 952/952/952 1001/1001/1001 953/953/953
f 1001/1001/1001 1002/1002/1002 953/953/953
f 953/953/953 1002/1002/1002 954/954/954
f 1002/1002/1002 1003/1003/1003 954/954/954
f 954/954/954 1003/1003/1003 955/955/955
f 1003/1003/1003 1004/1004/1004 955/955/955
f 955/955/955 1004/1004/1004 956/956/956
f 1004/1004/1004 1005/1005/1005 956/956/956
f 956/956/956 1005/1005/1005 957/957/957
f 1005/1005/1005 1006/1006/1006 957/957/957
f 957/957/957 1006/1006/1006 958/958/958
f 1006/1006/1006 1007/1007/1007 958/958/958
f 958/958/958 1007/1007/1007 959/959/959
f 1007/1007/1007 1008/1008/1008 959/959/959
f 959/959/959 1008/1008/1008 960/960/960
f 1008/1008/1008 1009/1009/1009 960/960/960
f 960/960/960 1009/1009/1009 961/961/961
f 1009/1009/1009 1010/1010/1010 961/961/961
f 961/961/961 1010/1010/1010 962/962/962
f 1010/1010/1010 1011/1011/1011 962/962/962
f 962/962/962 1011/1011/1011 963/963/963
f 1011/1011/1011 1012/1012/1012 963/963/963
f 963/963/963 1012/1012/1012 964/964/964
f 1012/1012/1012 1013/1013/1013 964/964/964
f 964/964/964 1013/1013/1013 965/965/965
f 1013/1013/1013 1014/1014/1014 965/965/965
f 965/965/965 1014/1014/1014 966/966/966
f 1014/1014/1014 1015/1015/1015 966/966/966
f 966/966/966 1015/1015/1015 967/967/967
f 1015/1015/1015 1016/1016/1016 967/967/967
f 967/967/967 1016/1016/1016 968/968/968
f 1016/1016/1016 1017/1017/1017 968/968/968
f 968/968/968 1017/1017/1017 969/969/969
f 1017/1017/1017 1018/1018/1018 969/969/969
f 969/969/969 1018/1018/1018 970/970/970
f 1018/1018/1018 1019/1019/1019 970/970/970
f 970/970/970 1019/1019/1019 971/971/971
f 1019/1019/1019 1020/1020/1020 971/971/971
f 971/971/971 1020/1020/1020 972/972/972
f 1020/1020/1020 1021/1021/1021 972/972/972
f 972/972/972 1021/1021/1021 973/973/973
f 1021/1021/1021 1022/1022/1022 973/973/973
f 973/973/973 1022/1022/1022 974/974/974
f 1022/1022/1022 1023/1023/1023 974/974/974
f 974/974/974 1023/1023/1023 975/975/975
f 1023/1023/1023 1024/1024/1024 975/975/975
f 975/975/975 1024/1024/1024 976/976/976
f 1024/1024/1024 1025/1025/1025 976/976/976
f 976/976/976 1025/1025/1025 977/977/977
f 1025/1025/1025 1026/1026/1026 977/977/977
f 977/977/977 1026/1026/1026 978/978/978
f 1026/1026/1026 1027/1027/1027 978/978/978
f 978/978/978 1027/1027/1027 979/979/979
f 1027/1027/1027 1028/1028/1028 979/979/979
f 979/979/979 1028/1028/1028 980/980/980
f 1028/1028/1028 1029/1029/1029 980/980/980
f 980/980/980 1029/1029/1029 981/981/981
f 1029/1029/1029 1030/1030/1030 981/981/981
f 981/981/981 1030/1030/1030 982/982/982
f 1030/1030/1030 1031/1031/1031 982/982/982
f 982/982/982 1031/1031/1031 983/983/983
f 1031/1031/1031 1032/1032/1032 983/983/983
f 983/983/983 1032/1032/1032 984/984/984
f 1032/1032/1032 1033/1033/1033 984/984/984
f 984/984/984 1033/1033/1033 985/985/985
f 1033/1033/1033 1034/1034/1034 985/985/985
f 985/985/985 1034/1034/1034 986/986/986
f 1034/1034/1034 1035/1035/1035 986/986/986
f 986/986/986 1035/1035/1035 987/987/987
f 1035/1035/1035 1036/1036/1036 987/987/987
f 987/987/987 1036/1036/1036 988/988/988
f 1036/1036/1036 1037/1037/1037 988/988/988
f 988/988/988 1037/1037/1037 989/989/989
f 1037/1037/1037 1038/1038/1038 989/989/989
f 989/989/989 1038/1038/1038 990/990/990
f 1038/1038/1038 1039/1039/1039 990/990/990
f 990/990/990 1039/1039/1039 991/991/991
f 1039/1039/1039 1040/1040/1040 991/991/991
f 991/991/991 1040/1040/1040 992/992/992
f 1040/1040/1040 1041/1041/1041 992/992/992
f 992/992/992 1041/1041/1041 993/993/993
f 1041/1041/1041 1042/1042/1042 993/993/993
f 993/993/993 1042/1042/1042 994/994/994
f 1042/1042/1042 1043/1043/1043 994/994/994
f 994/994/994 1043/1043/1043 995/995/995
f 1043/1043/1043 1044/1044/1044 995/995/995
f 995/995/995 1044/1044/1044 996/996/996
f 1044/1044/1044 1045/1045/1045 996/996/996
f 996/996/996 1045/1045/1045 997/997/997
f 1045/1045/1045 1046/1046/1046 997/997/997
f 1095/1095/1095 1096/1096/1096 1047/1047/1047
f 1096/1096/1096 1097/1097/1097 1048/1048/1048
f 1097/1097/1097 1098/1098/1098 1049/1049/1049
f 1098/1098/1098 1099/1099/1099 1050/1050/1050
f 1099/1099/1099 1100/1100/1100 1051/1051/1051
f 1100/1100/1100 1101/1101/1101 1052/1052/1052
f 1101/1101/1101 1102/1102/1102 1053/1053/1053
f 1102/1102/1102 1103/1103/1103 1054/1054/1054
f 1103/1103/1103 1104/1104/1104 1055/1055/1055
f 1104/1104/1104 1105/1105/1105 1056/1056/1056
f 1105/1105/1105 1106/1106/1106 1057/1057/1057
f 1106/1106/1106 1107/1107/1107 1058/1058/1058
f 1107/1107/1107 1108/1108/1108 1059/1059/1059
f 1108/1108/1108 1109/1109/1109 1060/1060/1060
f 1109/1109/1109 1110/1110/1110 1061/1061/1061
f 1110/1110/1110 1111/1111/1111 1062/1062/1062
f 1111/1111/1111 1112/1112/1112 1063/1063/1063
f 1112/1112/1112 1113/1113/1113 1064/1064/1064
f 1113/1113/1113 1114/1114/1114 1065/1065/1065
f 1114/1114/1114 1115/1115/1115 1066/1066/1066
f 1115/1115/1115 1116/1116/1116 1067/1067/1067
f 1116/1116/1116 1117/1117/1117 1068/1068/1068
f 1117/1117/1117 1118/1118/1118 1069/1069/1069
f 1118/1118/1118 1119/1119/1119 1070/1070/1070
f 1119/1119/1119 1120/1120/1120 1071/1071/1071
f 1120/1120/1120 1121/1121/1121 1072/1072/1072
f 1121/1121/1121 1122/1122/1122 1073/1073/1073
f 1122/1122/1122 1123/1123/1123 1074/1074/1074
f 1123/1123/1123 1124/1124/1124 1075/1075/1075
f 1124/1124/1124 1125/1125/1125 1076/1076/1076
f 1125/1125/1125 1126/1126/1126 1077/1077/1077
f 1126/1126/1126 1127/1127/1127 1078/1078/1078
f 1127/1127/1127 1128/1128/1128 1079/1079/1079
f 1128/1128/1128 1129/1129/1129 1080/1080/1080
f 1129/1129/1129 1130/1130/1130 1081/1081/1081
f 1130/1130/1130 1131/1131/1131 1082/1082/1082
f 1131/1131/1131 1132/1132/1132 1083/1083/1083
f 1132/1132/1132 1133/1133/1133 1084/1084/1084
f 1133/1133/1133 1134/1134/1134 1085/1085/1085
f 1134/1134/1134 1135/1135/1135 1086/1086/1086
f 1135/1135/1135 1136/1136/1136 1087/1087/1087
f 1136/1136/1136 1137/1137/1137 1088/1088/1088
f 1137/1137/1137 1138/1138/1138 1089/1089/1089
f 1138/1138/1138 1139/1139/1139 1090/1090/1090
f 1139/1139/1139 1140/1140/1140 1091/1091/1091
f 1140/1140/1140 1141/1141/1141 1092/1092/1092
f 1141/1141/1141 1142/1142/1142 1093/1093/1093
f 1142/1142/1142 1143/1143/1143 1094/1094/1094
f 1193/1193/1193 1192/1192/1192 1144/1144/1144
f 1194/1194/1194 1193/1193/1193 1145/1145/1145
f 1195/1195/1195 1194/1194/1194 1146/1146/1146
f 1196/1196/1196 1195/1195/1195 1147/1147/1147
f 1197/1197/1197 1196/1196/1196 1148/1148/1148
f 1198/1198/1198 1197/1197/1197 1149/1149/1149
f 1199/1199/1199 1198/1198/1198 1150/1150/1150
f 1200/1200/1200 1199/1199/1199 1151/1151/1151
f 1201/1201/1201 1200/1200/1200 1152/1152/1152
f 1202/1202/1202 1201/1201/1201 1153/1153/1153
f 1203/1203/1203 1202/1202/1202 1154/1154/1154
f 1204/1204/1204 1203/1203/1203 1155/1155/1155
f 1205/1205/1205 1204/1204/1204 1156/1156/1156
f 1206/1206/1206 1205/1205/1205 1157/1157/1157
f 1207/1207/1207 1206/1206/1206 1158/1158/1158
f 1208/1208/1208 1207/1207/1207 1159/1159/1159
f 1209/1209/1209 1208/1208/1208 1160/1160/1160
f 1210/1210/1210 1209/1209/1209 1161/1161/1161
f 1211/1211/1211 1210/1210/1210 1162/1162/1162
f 1212/1212/1212 1211/1211/1211 1163/1163/1163
f 1213/1213/1213 1212/1212/1212 1164/1164/1164
f 1214/1214/1214 1213/1213/1213 1165/1165/1165
f 1215/1215/1215 1214/1214/1214 1166/1166/1166
f 1216/1216/1216 1215/1215/1215 1167/1167/1167
f 1217/1217/1217 1216/1216/1216 1168/1168/1168
f 1218/1218/1218 1217/1217/1217 1169/1169/1169
f 1219/1219/1219 1218/1218/1218 1170/1170/1170
f 1220/1220/1220 1219/1219/1219 1171/1171/1171
f 1221/1221/1221 1220/1220/1220 1172/1172/1172
f 1222/1222/1222 1221/1221/1221 1173/1173/1173
f 1223/1223/1223 1222/1222/1222 1174/1174/1174
f 1224/1224/1224 1223/1223/1223 1175/1175/1175
f 1225/1225/1225 1224/1224/1224 1176/1176/1176
f 1226/1226/1226 1225/1225/1225 1177/1177/1177
f 1227/1227/1227 1226/1226/1226 1178/1178/1178
f 1228/1228/1228 1227/1227/1227 1179/1179/1179
f 1229/1229/1229 1228/1228/1228 1180/1180/1180
f 1230/1230/1230 1229/1229/1229 1181/1181/1181
f 1231/1231/1231 1230/1230/1230 1182/1182/1182
f 1232/1232/1232 1231/1231/1231 1183/1183/1183
f 1233/1233/1233 1232/1232/1232 1184/1184/1184
f 1234/1234/1234 1233/1233/1233 1185/1185/1185
f 1235/1235/1235 1234/1234/1234 1186/1186/1186
f 1236/1236/1236 1235/1235/1235 1187/1187/1187
f 1237/1237/1237 1236/1236/1236 1188/1188/1188
f 1238/1238/1238 1237/1237/1237 1189/1189/1189
f 1239/1239/1239 1238/1238/1238 1190/1190/1190
f 1240/1240/1240 1239/1239/1239 1191/1191/1191
o medallion_mark
usemtl medallion_mark_mat
v -2.6499999880790712 5.499999988824129 13.135000047683716
v -1.7500000119209291 5.499999988824129 13.135000047683716
v -2.6499999880790712 4.600000012665987 13.135000047683716
v -1.7500000119209291 4.600000012665987 13.135000047683716
vt 0 1
vt 1 1
vt 0 0
vt 1 0
vn 0 0 1
vn 0 0 1
vn 0 0 1
vn 0 0 1
f 1241/1241/1241 1243/1243/1243 1242/1242/1242
f 1243/1243/1243 1244/1244/1244 1242/1242/1242
o entry_column_1
usemtl column_white
v -9.4 3.8000000245869163 12.465000051259995
v -9.34681228324771 3.8000000245869163 12.460814076662064
v -9.294934222102166 3.8000000245869163 12.448359268903733
v -9.245643237233162 3.8000000245869163 12.427942264080048
v -9.200153017044068 3.8000000245869163 12.40006582736969
v -9.159583696722985 3.8000000245869163 12.365416350960732
v -9.124934220314026 3.8000000245869163 12.32484703063965
v -9.097057783603669 3.8000000245869163 12.279356810450555
v -9.076640778779984 3.8000000245869163 12.230065825581551
v -9.064185971021653 3.8000000245869163 12.178187764436007
v -9.059999996423722 3.8000000245869163 12.125000047683717
v -9.064185971021653 3.8000000245869163 12.071812330931426
v -9.076640778779984 3.8000000245869163 12.019934269785882
v -9.097057783603669 3.8000000245869163 11.970643284916878
v -9.124934220314026 3.8000000245869163 11.925153064727784
v -9.159583696722985 3.8000000245869163 11.8845837444067
v -9.200153017044068 3.8000000245869163 11.849934267997742
v -9.245643237233162 3.8000000245869163 11.822057831287385
v -9.294934222102166 3.8000000245869163 11.8016408264637
v -9.34681228324771 3.8000000245869163 11.789186018705369
v -9.4 3.8000000245869163 11.785000044107438
v -9.453187716752291 3.8000000245869163 11.789186018705369
v -9.505065777897835 3.8000000245869163 11.8016408264637
v -9.554356762766838 3.8000000245869163 11.822057831287385
v -9.599846982955933 3.8000000245869163 11.849934267997742
v -9.640416303277016 3.8000000245869163 11.8845837444067
v -9.675065779685974 3.8000000245869163 11.925153064727784
v -9.702942216396332 3.8000000245869163 11.970643284916878
v -9.723359221220017 3.8000000245869163 12.019934269785882
v -9.735814028978348 3.8000000245869163 12.071812330931426
v -9.740000003576279 3.8000000245869163 12.125000047683717
v -9.735814028978348 3.8000000245869163 12.178187764436007
v -9.723359221220017 3.8000000245869163 12.230065825581551
v -9.702942216396332 3.8000000245869163 12.279356810450555
v -9.675065779685974 3.8000000245869163 12.32484703063965
v -9.640416303277016 3.8000000245869163 12.365416350960732
v -9.599846982955933 3.8000000245869163 12.40006582736969
v -9.554356762766838 3.8000000245869163 12.427942264080048
v -9.505065777897835 3.8000000245869163 12.448359268903733
v -9.453187716752291 3.8000000245869163 12.460814076662064
v -9.4 3.8000000245869163 12.465000051259995
v -9.4 0.09999997690320028 12.465000051259995
v -9.34681228324771 0.09999997690320028 12.460814076662064
v -9.294934222102166 0.09999997690320028 12.448359268903733
v -9.245643237233162 0.09999997690320028 12.427942264080048
v -9.200153017044068 0.09999997690320028 12.40006582736969
v -9.159583696722985 0.09999997690320028 12.365416350960732
v -9.124934220314026 0.09999997690320028 12.32484703063965
v -9.097057783603669 0.09999997690320028 12.279356810450555
v -9.076640778779984 0.09999997690320028 12.230065825581551
v -9.064185971021653 0.09999997690320028 12.178187764436007
v -9.059999996423722 0.09999997690320028 12.125000047683717
v -9.064185971021653 0.09999997690320028 12.071812330931426
v -9.076640778779984 0.09999997690320028 12.019934269785882
v -9.097057783603669 0.09999997690320028 11.970643284916878
v -9.124934220314026 0.09999997690320028 11.925153064727784
v -9.159583696722985 0.09999997690320028 11.8845837444067
v -9.200153017044068 0.09999997690320028 11.849934267997742
v -9.245643237233162 0.09999997690320028 11.822057831287385
v -9.294934222102166 0.09999997690320028 11.8016408264637
v -9.34681228324771 0.09999997690320028 11.789186018705369
v -9.4 0.09999997690320028 11.785000044107438
v -9.453187716752291 0.09999997690320028 11.789186018705369
v -9.505065777897835 0.09999997690320028 11.8016408264637
v -9.554356762766838 0.09999997690320028 11.822057831287385
v -9.599846982955933 0.09999997690320028 11.849934267997742
v -9.640416303277016 0.09999997690320028 11.8845837444067
v -9.675065779685974 0.09999997690320028 11.925153064727784
v -9.702942216396332 0.09999997690320028 11.970643284916878
v -9.723359221220017 0.09999997690320028 12.019934269785882
v -9.735814028978348 0.09999997690320028 12.071812330931426
v -9.740000003576279 0.09999997690320028 12.125000047683717
v -9.735814028978348 0.09999997690320028 12.178187764436007
v -9.723359221220017 0.09999997690320028 12.230065825581551
v -9.702942216396332 0.09999997690320028 12.279356810450555
v -9.675065779685974 0.09999997690320028 12.32484703063965
v -9.640416303277016 0.09999997690320028 12.365416350960732
v -9.599846982955933 0.09999997690320028 12.40006582736969
v -9.554356762766838 0.09999997690320028 12.427942264080048
v -9.505065777897835 0.09999997690320028 12.448359268903733
v -9.453187716752291 0.09999997690320028 12.460814076662064
v -9.4 0.09999997690320028 12.465000051259995
v -9.4 3.8000000245869163 12.125000047683717
v -9.4 3.8000000245869163 12.125000047683717
v -9.4 3.8000000245869163 12.125000047683717
v -9.4 3.8000000245869163 12.125000047683717
v -9.4 3.8000000245869163 12.125000047683717
v -9.4 3.8000000245869163 12.125000047683717
v -9.4 3.8000000245869163 12.125000047683717
v -9.4 3.8000000245869163 12.125000047683717
v -9.4 3.8000000245869163 12.125000047683717
v -9.4 3.8000000245869163 12.125000047683717
v -9.4 3.8000000245869163 12.125000047683717
v -9.4 3.8000000245869163 12.125000047683717
v -9.4 3.8000000245869163 12.125000047683717
v -9.4 3.8000000245869163 12.125000047683717
v -9.4 3.8000000245869163 12.125000047683717
v -9.4 3.8000000245869163 12.125000047683717
v -9.4 3.8000000245869163 12.125000047683717
v -9.4 3.8000000245869163 12.125000047683717
v -9.4 3.8000000245869163 12.125000047683717
v -9.4 3.8000000245869163 12.125000047683717
v -9.4 3.8000000245869163 12.125000047683717
v -9.4 3.8000000245869163 12.125000047683717
v -9.4 3.8000000245869163 12.125000047683717
v -9.4 3.8000000245869163 12.125000047683717
v -9.4 3.8000000245869163 12.125000047683717
v -9.4 3.8000000245869163 12.125000047683717
v -9.4 3.8000000245869163 12.125000047683717
v -9.4 3.8000000245869163 12.125000047683717
v -9.4 3.8000000245869163 12.125000047683717
v -9.4 3.8000000245869163 12.125000047683717
v -9.4 3.8000000245869163 12.125000047683717
v -9.4 3.8000000245869163 12.125000047683717
v -9.4 3.8000000245869163 12.125000047683717
v -9.4 3.8000000245869163 12.125000047683717
v -9.4 3.8000000245869163 12.125000047683717
v -9.4 3.8000000245869163 12.125000047683717
v -9.4 3.8000000245869163 12.125000047683717
v -9.4 3.8000000245869163 12.125000047683717
v -9.4 3.8000000245869163 12.125000047683717
v -9.4 3.8000000245869163 12.125000047683717
v -9.4 3.8000000245869163 12.465000051259995
v -9.34681228324771 3.8000000245869163 12.460814076662064
v -9.294934222102166 3.8000000245869163 12.448359268903733
v -9.245643237233162 3.8000000245869163 12.427942264080048
v -9.200153017044068 3.8000000245869163 12.40006582736969
v -9.159583696722985 3.8000000245869163 12.365416350960732
v -9.124934220314026 3.8000000245869163 12.32484703063965
v -9.097057783603669 3.8000000245869163 12.279356810450555
v -9.076640778779984 3.8000000245869163 12.230065825581551
v -9.064185971021653 3.8000000245869163 12.178187764436007
v -9.059999996423722 3.8000000245869163 12.125000047683717
v -9.064185971021653 3.8000000245869163 12.071812330931426
v -9.076640778779984 3.8000000245869163 12.019934269785882
v -9.097057783603669 3.8000000245869163 11.970643284916878
v -9.124934220314026 3.8000000245869163 11.925153064727784
v -9.159583696722985 3.8000000245869163 11.8845837444067
v -9.200153017044068 3.8000000245869163 11.849934267997742
v -9.245643237233162 3.8000000245869163 11.822057831287385
v -9.294934222102166 3.8000000245869163 11.8016408264637
v -9.34681228324771 3.8000000245869163 11.789186018705369
v -9.4 3.8000000245869163 11.785000044107438
v -9.453187716752291 3.8000000245869163 11.789186018705369
v -9.505065777897835 3.8000000245869163 11.8016408264637
v -9.554356762766838 3.8000000245869163 11.822057831287385
v -9.599846982955933 3.8000000245869163 11.849934267997742
v -9.640416303277016 3.8000000245869163 11.8845837444067
v -9.675065779685974 3.8000000245869163 11.925153064727784
v -9.702942216396332 3.8000000245869163 11.970643284916878
v -9.723359221220017 3.8000000245869163 12.019934269785882
v -9.735814028978348 3.8000000245869163 12.071812330931426
v -9.740000003576279 3.8000000245869163 12.125000047683717
v -9.735814028978348 3.8000000245869163 12.178187764436007
v -9.723359221220017 3.8000000245869163 12.230065825581551
v -9.702942216396332 3.8000000245869163 12.279356810450555
v -9.675065779685974 3.8000000245869163 12.32484703063965
v -9.640416303277016 3.8000000245869163 12.365416350960732
v -9.599846982955933 3.8000000245869163 12.40006582736969
v -9.554356762766838 3.8000000245869163 12.427942264080048
v -9.505065777897835 3.8000000245869163 12.448359268903733
v -9.453187716752291 3.8000000245869163 12.460814076662064
v -9.4 3.8000000245869163 12.465000051259995
v -9.4 0.09999997690320028 12.125000047683717
v -9.4 0.09999997690320028 12.125000047683717
v -9.4 0.09999997690320028 12.125000047683717
v -9.4 0.09999997690320028 12.125000047683717
v -9.4 0.09999997690320028 12.125000047683717
v -9.4 0.09999997690320028 12.125000047683717
v -9.4 0.09999997690320028 12.125000047683717
v -9.4 0.09999997690320028 12.125000047683717
v -9.4 0.09999997690320028 12.125000047683717
v -9.4 0.09999997690320028 12.125000047683717
v -9.4 0.09999997690320028 12.125000047683717
v -9.4 0.09999997690320028 12.125000047683717
v -9.4 0.09999997690320028 12.125000047683717
v -9.4 0.09999997690320028 12.125000047683717
v -9.4 0.09999997690320028 12.125000047683717
v -9.4 0.09999997690320028 12.125000047683717
v -9.4 0.09999997690320028 12.125000047683717
v -9.4 0.09999997690320028 12.125000047683717
v -9.4 0.09999997690320028 12.125000047683717
v -9.4 0.09999997690320028 12.125000047683717
v -9.4 0.09999997690320028 12.125000047683717
v -9.4 0.09999997690320028 12.125000047683717
v -9.4 0.09999997690320028 12.125000047683717
v -9.4 0.09999997690320028 12.125000047683717
v -9.4 0.09999997690320028 12.125000047683717
v -9.4 0.09999997690320028 12.125000047683717
v -9.4 0.09999997690320028 12.125000047683717
v -9.4 0.09999997690320028 12.125000047683717
v -9.4 0.09999997690320028 12.125000047683717
v -9.4 0.09999997690320028 12.125000047683717
v -9.4 0.09999997690320028 12.125000047683717
v -9.4 0.09999997690320028 12.125000047683717
v -9.4 0.09999997690320028 12.125000047683717
v -9.4 0.09999997690320028 12.125000047683717
v -9.4 0.09999997690320028 12.125000047683717
v -9.4 0.09999997690320028 12.125000047683717
v -9.4 0.09999997690320028 12.125000047683717
v -9.4 0.09999997690320028 12.125000047683717
v -9.4 0.09999997690320028 12.125000047683717
v -9.4 0.09999997690320028 12.125000047683717
v -9.4 0.09999997690320028 12.465000051259995
v -9.34681228324771 0.09999997690320028 12.460814076662064
v -9.294934222102166 0.09999997690320028 12.448359268903733
v -9.245643237233162 0.09999997690320028 12.427942264080048
v -9.200153017044068 0.09999997690320028 12.40006582736969
v -9.159583696722985 0.09999997690320028 12.365416350960732
v -9.124934220314026 0.09999997690320028 12.32484703063965
v -9.097057783603669 0.09999997690320028 12.279356810450555
v -9.076640778779984 0.09999997690320028 12.230065825581551
v -9.064185971021653 0.09999997690320028 12.178187764436007
v -9.059999996423722 0.09999997690320028 12.125000047683717
v -9.064185971021653 0.09999997690320028 12.071812330931426
v -9.076640778779984 0.09999997690320028 12.019934269785882
v -9.097057783603669 0.09999997690320028 11.970643284916878
v -9.124934220314026 0.09999997690320028 11.925153064727784
v -9.159583696722985 0.09999997690320028 11.8845837444067
v -9.200153017044068 0.09999997690320028 11.849934267997742
v -9.245643237233162 0.09999997690320028 11.822057831287385
v -9.294934222102166 0.09999997690320028 11.8016408264637
v -9.34681228324771 0.09999997690320028 11.789186018705369
v -9.4 0.09999997690320028 11.785000044107438
v -9.453187716752291 0.09999997690320028 11.789186018705369
v -9.505065777897835 0.09999997690320028 11.8016408264637
v -9.554356762766838 0.09999997690320028 11.822057831287385
v -9.599846982955933 0.09999997690320028 11.849934267997742
v -9.640416303277016 0.09999997690320028 11.8845837444067
v -9.675065779685974 0.09999997690320028 11.925153064727784
v -9.702942216396332 0.09999997690320028 11.970643284916878
v -9.723359221220017 0.09999997690320028 12.019934269785882
v -9.735814028978348 0.09999997690320028 12.071812330931426
v -9.740000003576279 0.09999997690320028 12.125000047683717
v -9.735814028978348 0.09999997690320028 12.178187764436007
v -9.723359221220017 0.09999997690320028 12.230065825581551
v -9.702942216396332 0.09999997690320028 12.279356810450555
v -9.675065779685974 0.09999997690320028 12.32484703063965
v -9.640416303277016 0.09999997690320028 12.365416350960732
v -9.599846982955933 0.09999997690320028 12.40006582736969
v -9.554356762766838 0.09999997690320028 12.427942264080048
v -9.505065777897835 0.09999997690320028 12.448359268903733
v -9.453187716752291 0.09999997690320028 12.460814076662064
v -9.4 0.09999997690320028 12.465000051259995
vt 0 1
vt 0.02500000037252903 1
vt 0.05000000074505806 1
vt 0.07500000298023224 1
vt 0.10000000149011612 1
vt 0.125 1
vt 0.15000000596046448 1
vt 0.17499999701976776 1
vt 0.20000000298023224 1
vt 0.22499999403953552 1
vt 0.25 1
vt 0.2750000059604645 1
vt 0.30000001192092896 1
vt 0.32499998807907104 1
vt 0.3499999940395355 1
vt 0.375 1
vt 0.4000000059604645 1
vt 0.42500001192092896 1
vt 0.44999998807907104 1
vt 0.4749999940395355 1
vt 0.5 1
vt 0.5249999761581421 1
vt 0.550000011920929 1
vt 0.574999988079071 1
vt 0.6000000238418579 1
vt 0.625 1
vt 0.6499999761581421 1
vt 0.675000011920929 1
vt 0.699999988079071 1
vt 0.7250000238418579 1
vt 0.75 1
vt 0.7749999761581421 1
vt 0.800000011920929 1
vt 0.824999988079071 1
vt 0.8500000238418579 1
vt 0.875 1
vt 0.8999999761581421 1
vt 0.925000011920929 1
vt 0.949999988079071 1
vt 0.9750000238418579 1
vt 1 1
vt 0 0
vt 0.02500000037252903 0
vt 0.05000000074505806 0
vt 0.07500000298023224 0
vt 0.10000000149011612 0
vt 0.125 0
vt 0.15000000596046448 0
vt 0.17499999701976776 0
vt 0.20000000298023224 0
vt 0.22499999403953552 0
vt 0.25 0
vt 0.2750000059604645 0
vt 0.30000001192092896 0
vt 0.32499998807907104 0
vt 0.3499999940395355 0
vt 0.375 0
vt 0.4000000059604645 0
vt 0.42500001192092896 0
vt 0.44999998807907104 0
vt 0.4749999940395355 0
vt 0.5 0
vt 0.5249999761581421 0
vt 0.550000011920929 0
vt 0.574999988079071 0
vt 0.6000000238418579 0
vt 0.625 0
vt 0.6499999761581421 0
vt 0.675000011920929 0
vt 0.699999988079071 0
vt 0.7250000238418579 0
vt 0.75 0
vt 0.7749999761581421 0
vt 0.800000011920929 0
vt 0.824999988079071 0
vt 0.8500000238418579 0
vt 0.875 0
vt 0.8999999761581421 0
vt 0.925000011920929 0
vt 0.949999988079071 0
vt 0.9750000238418579 0
vt 1 0
vt 0.5 0.5
vt 0.5 0.5
vt 0.5 0.5
vt 0.5 0.5
vt 0.5 0.5
vt 0.5 0.5
vt 0.5 0.5
vt 0.5 0.5
vt 0.5 0.5
vt 0.5 0.5
vt 0.5 0.5
vt 0.5 0.5
vt 0.5 0.5
vt 0.5 0.5
vt 0.5 0.5
vt 0.5 0.5
vt 0.5 0.5
vt 0.5 0.5
vt 0.5 0.5
vt 0.5 0.5
vt 0.5 0.5
vt 0.5 0.5
vt 0.5 0.5
vt 0.5 0.5
vt 0.5 0.5
vt 0.5 0.5
vt 0.5 0.5
vt 0.5 0.5
vt 0.5 0.5
vt 0.5 0.5
vt 0.5 0.5
vt 0.5 0.5
vt 0.5 0.5
vt 0.5 0.5
vt 0.5 0.5
vt 0.5 0.5
vt 0.5 0.5
vt 0.5 0.5
vt 0.5 0.5
vt 0.5 0.5
vt 1 0.5
vt 0.9938441514968872 0.5782172083854675
vt 0.9755282402038574 0.6545084714889526
vt 0.9455032348632812 0.7269952297210693
vt 0.9045084714889526 0.7938926219940186
vt 0.8535534143447876 0.8535534143447876
vt 0.7938926219940186 0.9045084714889526
vt 0.7269952297210693 0.9455032348632812
vt 0.6545084714889526 0.9755282402038574
vt 0.5782172083854675 0.9938441514968872
vt 0.5 1
vt 0.4217827618122101 0.9938441514968872
vt 0.345491498708725 0.9755282402038574
vt 0.2730047404766083 0.9455032348632812
vt 0.20610737800598145 0.9045084714889526
vt 0.1464466154575348 0.8535534143447876
vt 0.09549150615930557 0.7938926219940186
vt 0.05449673905968666 0.7269952297210693
vt 0.024471741169691086 0.6545084714889526
vt 0.006155829876661301 0.5782172083854675
vt 0 0.5
vt 0.006155829876661301 0.4217827618122101
vt 0.024471741169691086 0.345491498708725
vt 0.05449673905968666 0.2730047404766083
vt 0.09549150615930557 0.20610737800598145
vt 0.1464466154575348 0.1464466154575348
vt 0.20610737800598145 0.09549150615930557
vt 0.2730047404766083 0.05449673905968666
vt 0.345491498708725 0.024471741169691086
vt 0.4217827618122101 0.006155829876661301
vt 0.5 0
vt 0.5782172083854675 0.006155829876661301
vt 0.6545084714889526 0.024471741169691086
vt 0.7269952297210693 0.05449673905968666
vt 0.7938926219940186 0.09549150615930557
vt 0.8535534143447876 0.1464466154575348
vt 0.9045084714889526 0.20610737800598145
vt 0.9455032348632812 0.2730047404766083
vt 0.9755282402038574 0.345491498708725
vt 0.9938441514968872 0.4217827618122101
vt 1 0.5
vt 0.5 0.5
vt 0.5 0.5
vt 0.5 0.5
vt 0.5 0.5
vt 0.5 0.5
vt 0.5 0.5
vt 0.5 0.5
vt 0.5 0.5
vt 0.5 0.5
vt 0.5 0.5
vt 0.5 0.5
vt 0.5 0.5
vt 0.5 0.5
vt 0.5 0.5
vt 0.5 0.5
vt 0.5 0.5
vt 0.5 0.5
vt 0.5 0.5
vt 0.5 0.5
vt 0.5 0.5
vt 0.5 0.5
vt 0.5 0.5
vt 0.5 0.5
vt 0.5 0.5
vt 0.5 0.5
vt 0.5 0.5
vt 0.5 0.5
vt 0.5 0.5
vt 0.5 0.5
vt 0.5 0.5
vt 0.5 0.5
vt 0.5 0.5
vt 0.5 0.5
vt 0.5 0.5
vt 0.5 0.5
vt 0.5 0.5
vt 0.5 0.5
vt 0.5 0.5
vt 0.5 0.5
vt 0.5 0.5
vt 1 0.5
vt 0.9938441514968872 0.4217827618122101
vt 0.9755282402038574 0.345491498708725
vt 0.9455032348632812 0.2730047404766083
vt 0.9045084714889526 0.20610737800598145
vt 0.8535534143447876 0.1464466154575348
vt 0.7938926219940186 0.09549150615930557
vt 0.7269952297210693 0.05449673905968666
vt 0.6545084714889526 0.024471741169691086
vt 0.5782172083854675 0.006155829876661301
vt 0.5 0
vt 0.4217827618122101 0.006155829876661301
vt 0.345491498708725 0.024471741169691086
vt 0.2730047404766083 0.05449673905968666
vt 0.20610737800598145 0.09549150615930557
vt 0.1464466154575348 0.1464466154575348
vt 0.09549150615930557 0.20610737800598145
vt 0.05449673905968666 0.2730047404766083
vt 0.024471741169691086 0.345491498708725
vt 0.006155829876661301 0.4217827618122101
vt 0 0.5
vt 0.006155829876661301 0.5782172083854675
vt 0.024471741169691086 0.6545084714889526
vt 0.05449673905968666 0.7269952297210693
vt 0.09549150615930557 0.7938926219940186
vt 0.1464466154575348 0.8535534143447876
vt 0.20610737800598145 0.9045084714889526
vt 0.2730047404766083 0.9455032348632812
vt 0.345491498708725 0.9755282402038574
vt 0.4217827618122101 0.9938441514968872
vt 0.5 1
vt 0.5782172083854675 0.9938441514968872
vt 0.6545084714889526 0.9755282402038574
vt 0.7269952297210693 0.9455032348632812
vt 0.7938926219940186 0.9045084714889526
vt 0.8535534143447876 0.8535534143447876
vt 0.9045084714889526 0.7938926219940186
vt 0.9455032348632812 0.7269952297210693
vt 0.9755282402038574 0.6545084714889526
vt 0.9938441514968872 0.5782172083854675
vt 1 0.5
vn 0 0 1
vn 0.15643445816198648 0 0.9876883416845447
vn 0.3090169948284817 0 0.9510565161477913
vn 0.45399048932725333 0 0.8910065294936963
vn 0.5877852429542022 0 0.8090170011595983
vn 0.7071067811865476 0 0.7071067811865476
vn 0.8090170011595983 0 0.5877852429542022
vn 0.8910065294936963 0 0.45399048932725333
vn 0.9510565161477913 0 0.3090169948284817
vn 0.9876883416845447 0 0.15643445816198648
vn 1 0 6.123234262925839e-17
vn 0.9876883416845447 0 -0.15643445816198648
vn 0.9510565161477913 0 -0.3090169948284817
vn 0.8910065294936963 0 -0.45399048932725333
vn 0.8090170011595983 0 -0.5877852429542022
vn 0.7071067811865476 0 -0.7071067811865476
vn 0.5877852429542022 0 -0.8090170011595983
vn 0.45399048932725333 0 -0.8910065294936963
vn 0.3090169948284817 0 -0.9510565161477913
vn 0.15643445816198648 0 -0.9876883416845447
vn 1.2246468525851679e-16 0 -1
vn -0.15643445816198648 0 -0.9876883416845447
vn -0.3090169948284817 0 -0.9510565161477913
vn -0.45399048932725333 0 -0.8910065294936963
vn -0.5877852429542022 0 -0.8090170011595983
vn -0.7071067811865476 0 -0.7071067811865476
vn -0.8090170011595983 0 -0.5877852429542022
vn -0.8910065294936963 0 -0.45399048932725333
vn -0.9510565161477913 0 -0.3090169948284817
vn -0.9876883416845447 0 -0.15643445816198648
vn -1 0 -1.8369701465288538e-16
vn -0.9876883416845447 0 0.15643445816198648
vn -0.9510565161477913 0 0.3090169948284817
vn -0.8910065294936963 0 0.45399048932725333
vn -0.8090170011595983 0 0.5877852429542022
vn -0.7071067811865476 0 0.7071067811865476
vn -0.5877852429542022 0 0.8090170011595983
vn -0.45399048932725333 0 0.8910065294936963
vn -0.3090169948284817 0 0.9510565161477913
vn -0.15643445816198648 0 0.9876883416845447
vn -2.4492937051703357e-16 0 1
vn 0 0 1
vn 0.15643445816198648 0 0.9876883416845447
vn 0.3090169948284817 0 0.9510565161477913
vn 0.45399048932725333 0 0.8910065294936963
vn 0.5877852429542022 0 0.8090170011595983
vn 0.7071067811865476 0 0.7071067811865476
vn 0.8090170011595983 0 0.5877852429542022
vn 0.8910065294936963 0 0.45399048932725333
vn 0.9510565161477913 0 0.3090169948284817
vn 0.9876883416845447 0 0.15643445816198648
vn 1 0 6.123234262925839e-17
vn 0.9876883416845447 0 -0.15643445816198648
vn 0.9510565161477913 0 -0.3090169948284817
vn 0.8910065294936963 0 -0.45399048932725333
vn 0.8090170011595983 0 -0.5877852429542022
vn 0.7071067811865476 0 -0.7071067811865476
vn 0.5877852429542022 0 -0.8090170011595983
vn 0.45399048932725333 0 -0.8910065294936963
vn 0.3090169948284817 0 -0.9510565161477913
vn 0.15643445816198648 0 -0.9876883416845447
vn 1.2246468525851679e-16 0 -1
vn -0.15643445816198648 0 -0.9876883416845447
vn -0.3090169948284817 0 -0.9510565161477913
vn -0.45399048932725333 0 -0.8910065294936963
vn -0.5877852429542022 0 -0.8090170011595983
vn -0.7071067811865476 0 -0.7071067811865476
vn -0.8090170011595983 0 -0.5877852429542022
vn -0.8910065294936963 0 -0.45399048932725333
vn -0.9510565161477913 0 -0.3090169948284817
vn -0.9876883416845447 0 -0.15643445816198648
vn -1 0 -1.8369701465288538e-16
vn -0.9876883416845447 0 0.15643445816198648
vn -0.9510565161477913 0 0.3090169948284817
vn -0.8910065294936963 0 0.45399048932725333
vn -0.8090170011595983 0 0.5877852429542022
vn -0.7071067811865476 0 0.7071067811865476
vn -0.5877852429542022 0 0.8090170011595983
vn -0.45399048932725333 0 0.8910065294936963
vn -0.3090169948284817 0 0.9510565161477913
vn -0.15643445816198648 0 0.9876883416845447
vn -2.4492937051703357e-16 0 1
vn 0 1 0
vn 0 1 0
vn 0 1 0
vn 0 1 0
vn 0 1 0
vn 0 1 0
vn 0 1 0
vn 0 1 0
vn 0 1 0
vn 0 1 0
vn 0 1 0
vn 0 1 0
vn 0 1 0
vn 0 1 0
vn 0 1 0
vn 0 1 0
vn 0 1 0
vn 0 1 0
vn 0 1 0
vn 0 1 0
vn 0 1 0
vn 0 1 0
vn 0 1 0
vn 0 1 0
vn 0 1 0
vn 0 1 0
vn 0 1 0
vn 0 1 0
vn 0 1 0
vn 0 1 0
vn 0 1 0
vn 0 1 0
vn 0 1 0
vn 0 1 0
vn 0 1 0
vn 0 1 0
vn 0 1 0
vn 0 1 0
vn 0 1 0
vn 0 1 0
vn 0 1 0
vn 0 1 0
vn 0 1 0
vn 0 1 0
vn 0 1 0
vn 0 1 0
vn 0 1 0
vn 0 1 0
vn 0 1 0
vn 0 1 0
vn 0 1 0
vn 0 1 0
vn 0 1 0
vn 0 1 0
vn 0 1 0
vn 0 1 0
vn 0 1 0
vn 0 1 0
vn 0 1 0
vn 0 1 0
vn 0 1 0
vn 0 1 0
vn 0 1 0
vn 0 1 0
vn 0 1 0
vn 0 1 0
vn 0 1 0
vn 0 1 0
vn 0 1 0
vn 0 1 0
vn 0 1 0
vn 0 1 0
vn 0 1 0
vn 0 1 0
vn 0 1 0
vn 0 1 0
vn 0 1 0
vn 0 1 0
vn 0 1 0
vn 0 1 0
vn 0 1 0
vn 0 -1 0
vn 0 -1 0
vn 0 -1 0
vn 0 -1 0
vn 0 -1 0
vn 0 -1 0
vn 0 -1 0
vn 0 -1 0
vn 0 -1 0
vn 0 -1 0
vn 0 -1 0
vn 0 -1 0
vn 0 -1 0
vn 0 -1 0
vn 0 -1 0
vn 0 -1 0
vn 0 -1 0
vn 0 -1 0
vn 0 -1 0
vn 0 -1 0
vn 0 -1 0
vn 0 -1 0
vn 0 -1 0
vn 0 -1 0
vn 0 -1 0
vn 0 -1 0
vn 0 -1 0
vn 0 -1 0
vn 0 -1 0
vn 0 -1 0
vn 0 -1 0
vn 0 -1 0
vn 0 -1 0
vn 0 -1 0
vn 0 -1 0
vn 0 -1 0
vn 0 -1 0
vn 0 -1 0
vn 0 -1 0
vn 0 -1 0
vn 0 -1 0
vn 0 -1 0
vn 0 -1 0
vn 0 -1 0
vn 0 -1 0
vn 0 -1 0
vn 0 -1 0
vn 0 -1 0
vn 0 -1 0
vn 0 -1 0
vn 0 -1 0
vn 0 -1 0
vn 0 -1 0
vn 0 -1 0
vn 0 -1 0
vn 0 -1 0
vn 0 -1 0
vn 0 -1 0
vn 0 -1 0
vn 0 -1 0
vn 0 -1 0
vn 0 -1 0
vn 0 -1 0
vn 0 -1 0
vn 0 -1 0
vn 0 -1 0
vn 0 -1 0
vn 0 -1 0
vn 0 -1 0
vn 0 -1 0
vn 0 -1 0
vn 0 -1 0
vn 0 -1 0
vn 0 -1 0
vn 0 -1 0
vn 0 -1 0
vn 0 -1 0
vn 0 -1 0
vn 0 -1 0
vn 0 -1 0
vn 0 -1 0
f 1245/1245/1245 1286/1286/1286 1246/1246/1246
f 1286/1286/1286 1287/1287/1287 1246/1246/1246
f 1246/1246/1246 1287/1287/1287 1247/1247/1247
f 1287/1287/1287 1288/1288/1288 1247/1247/1247
f 1247/1247/1247 1288/1288/1288 1248/1248/1248
f 1288/1288/1288 1289/1289/1289 1248/1248/1248
f 1248/1248/1248 1289/1289/1289 1249/1249/1249
f 1289/1289/1289 1290/1290/1290 1249/1249/1249
f 1249/1249/1249 1290/1290/1290 1250/1250/1250
f 1290/1290/1290 1291/1291/1291 1250/1250/1250
f 1250/1250/1250 1291/1291/1291 1251/1251/1251
f 1291/1291/1291 1292/1292/1292 1251/1251/1251
f 1251/1251/1251 1292/1292/1292 1252/1252/1252
f 1292/1292/1292 1293/1293/1293 1252/1252/1252
f 1252/1252/1252 1293/1293/1293 1253/1253/1253
f 1293/1293/1293 1294/1294/1294 1253/1253/1253
f 1253/1253/1253 1294/1294/1294 1254/1254/1254
f 1294/1294/1294 1295/1295/1295 1254/1254/1254
f 1254/1254/1254 1295/1295/1295 1255/1255/1255
f 1295/1295/1295 1296/1296/1296 1255/1255/1255
f 1255/1255/1255 1296/1296/1296 1256/1256/1256
f 1296/1296/1296 1297/1297/1297 1256/1256/1256
f 1256/1256/1256 1297/1297/1297 1257/1257/1257
f 1297/1297/1297 1298/1298/1298 1257/1257/1257
f 1257/1257/1257 1298/1298/1298 1258/1258/1258
f 1298/1298/1298 1299/1299/1299 1258/1258/1258
f 1258/1258/1258 1299/1299/1299 1259/1259/1259
f 1299/1299/1299 1300/1300/1300 1259/1259/1259
f 1259/1259/1259 1300/1300/1300 1260/1260/1260
f 1300/1300/1300 1301/1301/1301 1260/1260/1260
f 1260/1260/1260 1301/1301/1301 1261/1261/1261
f 1301/1301/1301 1302/1302/1302 1261/1261/1261
f 1261/1261/1261 1302/1302/1302 1262/1262/1262
f 1302/1302/1302 1303/1303/1303 1262/1262/1262
f 1262/1262/1262 1303/1303/1303 1263/1263/1263
f 1303/1303/1303 1304/1304/1304 1263/1263/1263
f 1263/1263/1263 1304/1304/1304 1264/1264/1264
f 1304/1304/1304 1305/1305/1305 1264/1264/1264
f 1264/1264/1264 1305/1305/1305 1265/1265/1265
f 1305/1305/1305 1306/1306/1306 1265/1265/1265
f 1265/1265/1265 1306/1306/1306 1266/1266/1266
f 1306/1306/1306 1307/1307/1307 1266/1266/1266
f 1266/1266/1266 1307/1307/1307 1267/1267/1267
f 1307/1307/1307 1308/1308/1308 1267/1267/1267
f 1267/1267/1267 1308/1308/1308 1268/1268/1268
f 1308/1308/1308 1309/1309/1309 1268/1268/1268
f 1268/1268/1268 1309/1309/1309 1269/1269/1269
f 1309/1309/1309 1310/1310/1310 1269/1269/1269
f 1269/1269/1269 1310/1310/1310 1270/1270/1270
f 1310/1310/1310 1311/1311/1311 1270/1270/1270
f 1270/1270/1270 1311/1311/1311 1271/1271/1271
f 1311/1311/1311 1312/1312/1312 1271/1271/1271
f 1271/1271/1271 1312/1312/1312 1272/1272/1272
f 1312/1312/1312 1313/1313/1313 1272/1272/1272
f 1272/1272/1272 1313/1313/1313 1273/1273/1273
f 1313/1313/1313 1314/1314/1314 1273/1273/1273
f 1273/1273/1273 1314/1314/1314 1274/1274/1274
f 1314/1314/1314 1315/1315/1315 1274/1274/1274
f 1274/1274/1274 1315/1315/1315 1275/1275/1275
f 1315/1315/1315 1316/1316/1316 1275/1275/1275
f 1275/1275/1275 1316/1316/1316 1276/1276/1276
f 1316/1316/1316 1317/1317/1317 1276/1276/1276
f 1276/1276/1276 1317/1317/1317 1277/1277/1277
f 1317/1317/1317 1318/1318/1318 1277/1277/1277
f 1277/1277/1277 1318/1318/1318 1278/1278/1278
f 1318/1318/1318 1319/1319/1319 1278/1278/1278
f 1278/1278/1278 1319/1319/1319 1279/1279/1279
f 1319/1319/1319 1320/1320/1320 1279/1279/1279
f 1279/1279/1279 1320/1320/1320 1280/1280/1280
f 1320/1320/1320 1321/1321/1321 1280/1280/1280
f 1280/1280/1280 1321/1321/1321 1281/1281/1281
f 1321/1321/1321 1322/1322/1322 1281/1281/1281
f 1281/1281/1281 1322/1322/1322 1282/1282/1282
f 1322/1322/1322 1323/1323/1323 1282/1282/1282
f 1282/1282/1282 1323/1323/1323 1283/1283/1283
f 1323/1323/1323 1324/1324/1324 1283/1283/1283
f 1283/1283/1283 1324/1324/1324 1284/1284/1284
f 1324/1324/1324 1325/1325/1325 1284/1284/1284
f 1284/1284/1284 1325/1325/1325 1285/1285/1285
f 1325/1325/1325 1326/1326/1326 1285/1285/1285
f 1367/1367/1367 1368/1368/1368 1327/1327/1327
f 1368/1368/1368 1369/1369/1369 1328/1328/1328
f 1369/1369/1369 1370/1370/1370 1329/1329/1329
f 1370/1370/1370 1371/1371/1371 1330/1330/1330
f 1371/1371/1371 1372/1372/1372 1331/1331/1331
f 1372/1372/1372 1373/1373/1373 1332/1332/1332
f 1373/1373/1373 1374/1374/1374 1333/1333/1333
f 1374/1374/1374 1375/1375/1375 1334/1334/1334
f 1375/1375/1375 1376/1376/1376 1335/1335/1335
f 1376/1376/1376 1377/1377/1377 1336/1336/1336
f 1377/1377/1377 1378/1378/1378 1337/1337/1337
f 1378/1378/1378 1379/1379/1379 1338/1338/1338
f 1379/1379/1379 1380/1380/1380 1339/1339/1339
f 1380/1380/1380 1381/1381/1381 1340/1340/1340
f 1381/1381/1381 1382/1382/1382 1341/1341/1341
f 1382/1382/1382 1383/1383/1383 1342/1342/1342
f 1383/1383/1383 1384/1384/1384 1343/1343/1343
f 1384/1384/1384 1385/1385/1385 1344/1344/1344
f 1385/1385/1385 1386/1386/1386 1345/1345/1345
f 1386/1386/1386 1387/1387/1387 1346/1346/1346
f 1387/1387/1387 1388/1388/1388 1347/1347/1347
f 1388/1388/1388 1389/1389/1389 1348/1348/1348
f 1389/1389/1389 1390/1390/1390 1349/1349/1349
f 1390/1390/1390 1391/1391/1391 1350/1350/1350
f 1391/1391/1391 1392/1392/1392 1351/1351/1351
f 1392/1392/1392 1393/1393/1393 1352/1352/1352
f 1393/1393/1393 1394/1394/1394 1353/1353/1353
f 1394/1394/1394 1395/1395/1395 1354/1354/1354
f 1395/1395/1395 1396/1396/1396 1355/1355/1355
f 1396/1396/1396 1397/1397/1397 1356/1356/1356
f 1397/1397/1397 1398/1398/1398 1357/1357/1357
f 1398/1398/1398 1399/1399/1399 1358/1358/1358
f 1399/1399/1399 1400/1400/1400 1359/1359/1359
f 1400/1400/1400 1401/1401/1401 1360/1360/1360
f 1401/1401/1401 1402/1402/1402 1361/1361/1361
f 1402/1402/1402 1403/1403/1403 1362/1362/1362
f 1403/1403/1403 1404/1404/1404 1363/1363/1363
f 1404/1404/1404 1405/1405/1405 1364/1364/1364
f 1405/1405/1405 1406/1406/1406 1365/1365/1365
f 1406/1406/1406 1407/1407/1407 1366/1366/1366
f 1449/1449/1449 1448/1448/1448 1408/1408/1408
f 1450/1450/1450 1449/1449/1449 1409/1409/1409
f 1451/1451/1451 1450/1450/1450 1410/1410/1410
f 1452/1452/1452 1451/1451/1451 1411/1411/1411
f 1453/1453/1453 1452/1452/1452 1412/1412/1412
f 1454/1454/1454 1453/1453/1453 1413/1413/1413
f 1455/1455/1455 1454/1454/1454 1414/1414/1414
f 1456/1456/1456 1455/1455/1455 1415/1415/1415
f 1457/1457/1457 1456/1456/1456 1416/1416/1416
f 1458/1458/1458 1457/1457/1457 1417/1417/1417
f 1459/1459/1459 1458/1458/1458 1418/1418/1418
f 1460/1460/1460 1459/1459/1459 1419/1419/1419
f 1461/1461/1461 1460/1460/1460 1420/1420/1420
f 1462/1462/1462 1461/1461/1461 1421/1421/1421
f 1463/1463/1463 1462/1462/1462 1422/1422/1422
f 1464/1464/1464 1463/1463/1463 1423/1423/1423
f 1465/1465/1465 1464/1464/1464 1424/1424/1424
f 1466/1466/1466 1465/1465/1465 1425/1425/1425
f 1467/1467/1467 1466/1466/1466 1426/1426/1426
f 1468/1468/1468 1467/1467/1467 1427/1427/1427
f 1469/1469/1469 1468/1468/1468 1428/1428/1428
f 1470/1470/1470 1469/1469/1469 1429/1429/1429
f 1471/1471/1471 1470/1470/1470 1430/1430/1430
f 1472/1472/1472 1471/1471/1471 1431/1431/1431
f 1473/1473/1473 1472/1472/1472 1432/1432/1432
f 1474/1474/1474 1473/1473/1473 1433/1433/1433
f 1475/1475/1475 1474/1474/1474 1434/1434/1434
f 1476/1476/1476 1475/1475/1475 1435/1435/1435
f 1477/1477/1477 1476/1476/1476 1436/1436/1436
f 1478/1478/1478 1477/1477/1477 1437/1437/1437
f 1479/1479/1479 1478/1478/1478 1438/1438/1438
f 1480/1480/1480 1479/1479/1479 1439/1439/1439
f 1481/1481/1481 1480/1480/1480 1440/1440/1440
f 1482/1482/1482 1481/1481/1481 1441/1441/1441
f 1483/1483/1483 1482/1482/1482 1442/1442/1442
f 1484/1484/1484 1483/1483/1483 1443/1443/1443
f 1485/1485/1485 1484/1484/1484 1444/1444/1444
f 1486/1486/1486 1485/1485/1485 1445/1445/1445
f 1487/1487/1487 1486/1486/1486 1446/1446/1446
f 1488/1488/1488 1487/1487/1487 1447/1447/1447
o column_plaque_1
usemtl maroon_sign
v -9.190000006556511 2.925000006705522 12.500000048056245
v -9.190000006556511 2.925000006705522 12.450000047311187
v -9.190000006556511 2.3749999947845932 12.500000048056245
v -9.190000006556511 2.3749999947845932 12.450000047311187
v -9.60999999344349 2.925000006705522 12.450000047311187
v -9.60999999344349 2.925000006705522 12.500000048056245
v -9.60999999344349 2.3749999947845932 12.450000047311187
v -9.60999999344349 2.3749999947845932 12.500000048056245
v -9.60999999344349 2.925000006705522 12.450000047311187
v -9.190000006556511 2.925000006705522 12.450000047311187
v -9.60999999344349 2.925000006705522 12.500000048056245
v -9.190000006556511 2.925000006705522 12.500000048056245
v -9.60999999344349 2.3749999947845932 12.500000048056245
v -9.190000006556511 2.3749999947845932 12.500000048056245
v -9.60999999344349 2.3749999947845932 12.450000047311187
v -9.190000006556511 2.3749999947845932 12.450000047311187
v -9.60999999344349 2.925000006705522 12.500000048056245
v -9.190000006556511 2.925000006705522 12.500000048056245
v -9.60999999344349 2.3749999947845932 12.500000048056245
v -9.190000006556511 2.3749999947845932 12.500000048056245
v -9.190000006556511 2.925000006705522 12.450000047311187
v -9.60999999344349 2.925000006705522 12.450000047311187
v -9.190000006556511 2.3749999947845932 12.450000047311187
v -9.60999999344349 2.3749999947845932 12.450000047311187
vt 0 1
vt 1 1
vt 0 0
vt 1 0
vt 0 1
vt 1 1
vt 0 0
vt 1 0
vt 0 1
vt 1 1
vt 0 0
vt 1 0
vt 0 1
vt 1 1
vt 0 0
vt 1 0
vt 0 1
vt 1 1
vt 0 0
vt 1 0
vt 0 1
vt 1 1
vt 0 0
vt 1 0
vn 1 0 0
vn 1 0 0
vn 1 0 0
vn 1 0 0
vn -1 0 0
vn -1 0 0
vn -1 0 0
vn -1 0 0
vn 0 1 0
vn 0 1 0
vn 0 1 0
vn 0 1 0
vn 0 -1 0
vn 0 -1 0
vn 0 -1 0
vn 0 -1 0
vn 0 0 1
vn 0 0 1
vn 0 0 1
vn 0 0 1
vn 0 0 -1
vn 0 0 -1
vn 0 0 -1
vn 0 0 -1
f 1489/1489/1489 1491/1491/1491 1490/1490/1490
f 1491/1491/1491 1492/1492/1492 1490/1490/1490
f 1493/1493/1493 1495/1495/1495 1494/1494/1494
f 1495/1495/1495 1496/1496/1496 1494/1494/1494
f 1497/1497/1497 1499/1499/1499 1498/1498/1498
f 1499/1499/1499 1500/1500/1500 1498/1498/1498
f 1501/1501/1501 1503/1503/1503 1502/1502/1502
f 1503/1503/1503 1504/1504/1504 1502/1502/1502
f 1505/1505/1505 1507/1507/1507 1506/1506/1506
f 1507/1507/1507 1508/1508/1508 1506/1506/1506
f 1509/1509/1509 1511/1511/1511 1510/1510/1510
f 1511/1511/1511 1512/1512/1512 1510/1510/1510
o entry_column_2
usemtl column_white
v -3.6 3.8000000245869163 12.465000051259995
v -3.5468122832477094 3.8000000245869163 12.460814076662064
v -3.4949342221021653 3.8000000245869163 12.448359268903733
v -3.445643237233162 3.8000000245869163 12.427942264080048
v -3.4001530170440675 3.8000000245869163 12.40006582736969
v -3.3595836967229844 3.8000000245869163 12.365416350960732
v -3.324934220314026 3.8000000245869163 12.32484703063965
v -3.2970577836036683 3.8000000245869163 12.279356810450555
v -3.2766407787799836 3.8000000245869163 12.230065825581551
v -3.2641859710216523 3.8000000245869163 12.178187764436007
v -3.2599999964237214 3.8000000245869163 12.125000047683717
v -3.2641859710216523 3.8000000245869163 12.071812330931426
v -3.2766407787799836 3.8000000245869163 12.019934269785882
v -3.2970577836036683 3.8000000245869163 11.970643284916878
v -3.324934220314026 3.8000000245869163 11.925153064727784
v -3.3595836967229844 3.8000000245869163 11.8845837444067
v -3.4001530170440675 3.8000000245869163 11.849934267997742
v -3.445643237233162 3.8000000245869163 11.822057831287385
v -3.4949342221021653 3.8000000245869163 11.8016408264637
v -3.5468122832477094 3.8000000245869163 11.789186018705369
v -3.6 3.8000000245869163 11.785000044107438
v -3.653187716752291 3.8000000245869163 11.789186018705369
v -3.705065777897835 3.8000000245869163 11.8016408264637
v -3.754356762766838 3.8000000245869163 11.822057831287385
v -3.7998469829559327 3.8000000245869163 11.849934267997742
v -3.8404163032770158 3.8000000245869163 11.8845837444067
v -3.875065779685974 3.8000000245869163 11.925153064727784
v -3.902942216396332 3.8000000245869163 11.970643284916878
v -3.9233592212200166 3.8000000245869163 12.019934269785882
v -3.935814028978348 3.8000000245869163 12.071812330931426
v -3.9400000035762788 3.8000000245869163 12.125000047683717
v -3.935814028978348 3.8000000245869163 12.178187764436007
v -3.9233592212200166 3.8000000245869163 12.230065825581551
v -3.902942216396332 3.8000000245869163 12.279356810450555
v -3.875065779685974 3.8000000245869163 12.32484703063965
v -3.8404163032770158 3.8000000245869163 12.365416350960732
v -3.7998469829559327 3.8000000245869163 12.40006582736969
v -3.754356762766838 3.8000000245869163 12.427942264080048
v -3.705065777897835 3.8000000245869163 12.448359268903733
v -3.653187716752291 3.8000000245869163 12.460814076662064
v -3.6 3.8000000245869163 12.465000051259995
v -3.6 0.09999997690320028 12.465000051259995
v -3.5468122832477094 0.09999997690320028 12.460814076662064
v -3.4949342221021653 0.09999997690320028 12.448359268903733
v -3.445643237233162 0.09999997690320028 12.427942264080048
v -3.4001530170440675 0.09999997690320028 12.40006582736969
v -3.3595836967229844 0.09999997690320028 12.365416350960732
v -3.324934220314026 0.09999997690320028 12.32484703063965
v -3.2970577836036683 0.09999997690320028 12.279356810450555
v -3.2766407787799836 0.09999997690320028 12.230065825581551
v -3.2641859710216523 0.09999997690320028 12.178187764436007
v -3.2599999964237214 0.09999997690320028 12.125000047683717
v -3.2641859710216523 0.09999997690320028 12.071812330931426
v -3.2766407787799836 0.09999997690320028 12.019934269785882
v -3.2970577836036683 0.09999997690320028 11.970643284916878
v -3.324934220314026 0.09999997690320028 11.925153064727784
v -3.3595836967229844 0.09999997690320028 11.8845837444067
v -3.4001530170440675 0.09999997690320028 11.849934267997742
v -3.445643237233162 0.09999997690320028 11.822057831287385
v -3.4949342221021653 0.09999997690320028 11.8016408264637
v -3.5468122832477094 0.09999997690320028 11.789186018705369
v -3.6 0.09999997690320028 11.785000044107438
v -3.653187716752291 0.09999997690320028 11.789186018705369
v -3.705065777897835 0.09999997690320028 11.8016408264637
v -3.754356762766838 0.09999997690320028 11.822057831287385
v -3.7998469829559327 0.09999997690320028 11.849934267997742
v -3.8404163032770158 0.09999997690320028 11.8845837444067
v -3.875065779685974 0.09999997690320028 11.925153064727784
v -3.902942216396332 0.09999997690320028 11.970643284916878
v -3.9233592212200166 0.09999997690320028 12.019934269785882
v -3.935814028978348 0.09999997690320028 12.071812330931426
v -3.9400000035762788 0.09999997690320028 12.125000047683717
v -3.935814028978348 0.09999997690320028 12.178187764436007
v -3.9233592212200166 0.09999997690320028 12.230065825581551
v -3.902942216396332 0.09999997690320028 12.279356810450555
v -3.875065779685974 0.09999997690320028 12.32484703063965
v -3.8404163032770158 0.09999997690320028 12.365416350960732
v -3.7998469829559327 0.09999997690320028 12.40006582736969
v -3.754356762766838 0.09999997690320028 12.427942264080048
v -3.705065777897835 0.09999997690320028 12.448359268903733
v -3.653187716752291 0.09999997690320028 12.460814076662064
v -3.6 0.09999997690320028 12.465000051259995
v -3.6 3.8000000245869163 12.125000047683717
v -3.6 3.8000000245869163 12.125000047683717
v -3.6 3.8000000245869163 12.125000047683717
v -3.6 3.8000000245869163 12.125000047683717
v -3.6 3.8000000245869163 12.125000047683717
v -3.6 3.8000000245869163 12.125000047683717
v -3.6 3.8000000245869163 12.125000047683717
v -3.6 3.8000000245869163 12.125000047683717
v -3.6 3.8000000245869163 12.125000047683717
v -3.6 3.8000000245869163 12.125000047683717
v -3.6 3.8000000245869163 12.125000047683717
v -3.6 3.8000000245869163 12.125000047683717
v -3.6 3.8000000245869163 12.125000047683717
v -3.6 3.8000000245869163 12.125000047683717
v -3.6 3.8000000245869163 12.125000047683717
v -3.6 3.8000000245869163 12.125000047683717
v -3.6 3.8000000245869163 12.125000047683717
v -3.6 3.8000000245869163 12.125000047683717
v -3.6 3.8000000245869163 12.125000047683717
v -3.6 3.8000000245869163 12.125000047683717
v -3.6 3.8000000245869163 12.125000047683717
v -3.6 3.8000000245869163 12.125000047683717
v -3.6 3.8000000245869163 12.125000047683717
v -3.6 3.8000000245869163 12.125000047683717
v -3.6 3.8000000245869163 12.125000047683717
v -3.6 3.8000000245869163 12.125000047683717
v -3.6 3.8000000245869163 12.125000047683717
v -3.6 3.8000000245869163 12.125000047683717
v -3.6 3.8000000245869163 12.125000047683717
v -3.6 3.8000000245869163 12.125000047683717
v -3.6 3.8000000245869163 12.125000047683717
v -3.6 3.8000000245869163 12.125000047683717
v -3.6 3.8000000245869163 12.125000047683717
v -3.6 3.8000000245869163 12.125000047683717
v -3.6 3.8000000245869163 12.125000047683717
v -3.6 3.8000000245869163 12.125000047683717
v -3.6 3.8000000245869163 12.125000047683717
v -3.6 3.8000000245869163 12.125000047683717
v -3.6 3.8000000245869163 12.125000047683717
v -3.6 3.8000000245869163 12.125000047683717
v -3.6 3.8000000245869163 12.465000051259995
v -3.5468122832477094 3.8000000245869163 12.460814076662064
v -3.4949342221021653 3.8000000245869163 12.448359268903733
v -3.445643237233162 3.8000000245869163 12.427942264080048
v -3.4001530170440675 3.8000000245869163 12.40006582736969
v -3.3595836967229844 3.8000000245869163 12.365416350960732
v -3.324934220314026 3.8000000245869163 12.32484703063965
v -3.2970577836036683 3.8000000245869163 12.279356810450555
v -3.2766407787799836 3.8000000245869163 12.230065825581551
v -3.2641859710216523 3.8000000245869163 12.178187764436007
v -3.2599999964237214 3.8000000245869163 12.125000047683717
v -3.2641859710216523 3.8000000245869163 12.071812330931426
v -3.2766407787799836 3.8000000245869163 12.019934269785882
v -3.2970577836036683 3.8000000245869163 11.970643284916878
v -3.324934220314026 3.8000000245869163 11.925153064727784
v -3.3595836967229844 3.8000000245869163 11.8845837444067
v -3.4001530170440675 3.8000000245869163 11.849934267997742
v -3.445643237233162 3.8000000245869163 11.822057831287385
v -3.4949342221021653 3.8000000245869163 11.8016408264637
v -3.5468122832477094 3.8000000245869163 11.789186018705369
v -3.6 3.8000000245869163 11.785000044107438
v -3.653187716752291 3.8000000245869163 11.789186018705369
v -3.705065777897835 3.8000000245869163 11.8016408264637
v -3.754356762766838 3.8000000245869163 11.822057831287385
v -3.7998469829559327 3.8000000245869163 11.849934267997742
v -3.8404163032770158 3.8000000245869163 11.8845837444067
v -3.875065779685974 3.8000000245869163 11.925153064727784
v -3.902942216396332 3.8000000245869163 11.970643284916878
v -3.9233592212200166 3.8000000245869163 12.019934269785882
v -3.935814028978348 3.8000000245869163 12.071812330931426
v -3.9400000035762788 3.8000000245869163 12.125000047683717
v -3.935814028978348 3.8000000245869163 12.178187764436007
v -3.9233592212200166 3.8000000245869163 12.230065825581551
v -3.902942216396332 3.8000000245869163 12.279356810450555
v -3.875065779685974 3.8000000245869163 12.32484703063965
v -3.8404163032770158 3.8000000245869163 12.365416350960732
v -3.7998469829559327 3.8000000245869163 12.40006582736969
v -3.754356762766838 3.8000000245869163 12.427942264080048
v -3.705065777897835 3.8000000245869163 12.448359268903733
v -3.653187716752291 3.8000000245869163 12.460814076662064
v -3.6 3.8000000245869163 12.465000051259995
v -3.6 0.09999997690320028 12.125000047683717
v -3.6 0.09999997690320028 12.125000047683717
v -3.6 0.09999997690320028 12.125000047683717
v -3.6 0.09999997690320028 12.125000047683717
v -3.6 0.09999997690320028 12.125000047683717
v -3.6 0.09999997690320028 12.125000047683717
v -3.6 0.09999997690320028 12.125000047683717
v -3.6 0.09999997690320028 12.125000047683717
v -3.6 0.09999997690320028 12.125000047683717
v -3.6 0.09999997690320028 12.125000047683717
v -3.6 0.09999997690320028 12.125000047683717
v -3.6 0.09999997690320028 12.125000047683717
v -3.6 0.09999997690320028 12.125000047683717
v -3.6 0.09999997690320028 12.125000047683717
v -3.6 0.09999997690320028 12.125000047683717
v -3.6 0.09999997690320028 12.125000047683717
v -3.6 0.09999997690320028 12.125000047683717
v -3.6 0.09999997690320028 12.125000047683717
v -3.6 0.09999997690320028 12.125000047683717
v -3.6 0.09999997690320028 12.125000047683717
v -3.6 0.09999997690320028 12.125000047683717
v -3.6 0.09999997690320028 12.125000047683717
v -3.6 0.09999997690320028 12.125000047683717
v -3.6 0.09999997690320028 12.125000047683717
v -3.6 0.09999997690320028 12.125000047683717
v -3.6 0.09999997690320028 12.125000047683717
v -3.6 0.09999997690320028 12.125000047683717
v -3.6 0.09999997690320028 12.125000047683717
v -3.6 0.09999997690320028 12.125000047683717
v -3.6 0.09999997690320028 12.125000047683717
v -3.6 0.09999997690320028 12.125000047683717
v -3.6 0.09999997690320028 12.125000047683717
v -3.6 0.09999997690320028 12.125000047683717
v -3.6 0.09999997690320028 12.125000047683717
v -3.6 0.09999997690320028 12.125000047683717
v -3.6 0.09999997690320028 12.125000047683717
v -3.6 0.09999997690320028 12.125000047683717
v -3.6 0.09999997690320028 12.125000047683717
v -3.6 0.09999997690320028 12.125000047683717
v -3.6 0.09999997690320028 12.125000047683717
v -3.6 0.09999997690320028 12.465000051259995
v -3.5468122832477094 0.09999997690320028 12.460814076662064
v -3.4949342221021653 0.09999997690320028 12.448359268903733
v -3.445643237233162 0.09999997690320028 12.427942264080048
v -3.4001530170440675 0.09999997690320028 12.40006582736969
v -3.3595836967229844 0.09999997690320028 12.365416350960732
v -3.324934220314026 0.09999997690320028 12.32484703063965
v -3.2970577836036683 0.09999997690320028 12.279356810450555
v -3.2766407787799836 0.09999997690320028 12.230065825581551
v -3.2641859710216523 0.09999997690320028 12.178187764436007
v -3.2599999964237214 0.09999997690320028 12.125000047683717
v -3.2641859710216523 0.09999997690320028 12.071812330931426
v -3.2766407787799836 0.09999997690320028 12.019934269785882
v -3.2970577836036683 0.09999997690320028 11.970643284916878
v -3.324934220314026 0.09999997690320028 11.925153064727784
v -3.3595836967229844 0.09999997690320028 11.8845837444067
v -3.4001530170440675 0.09999997690320028 11.849934267997742
v -3.445643237233162 0.09999997690320028 11.822057831287385
v -3.4949342221021653 0.09999997690320028 11.8016408264637
v -3.5468122832477094 0.09999997690320028 11.789186018705369
v -3.6 0.09999997690320028 11.785000044107438
v -3.653187716752291 0.09999997690320028 11.789186018705369
v -3.705065777897835 0.09999997690320028 11.8016408264637
v -3.754356762766838 0.09999997690320028 11.822057831287385
v -3.7998469829559327 0.09999997690320028 11.849934267997742
v -3.8404163032770158 0.09999997690320028 11.8845837444067
v -3.875065779685974 0.09999997690320028 11.925153064727784
v -3.902942216396332 0.09999997690320028 11.970643284916878
v -3.9233592212200166 0.09999997690320028 12.019934269785882
v -3.935814028978348 0.09999997690320028 12.071812330931426
v -3.9400000035762788 0.09999997690320028 12.125000047683717
v -3.935814028978348 0.09999997690320028 12.178187764436007
v -3.9233592212200166 0.09999997690320028 12.230065825581551
v -3.902942216396332 0.09999997690320028 12.279356810450555
v -3.875065779685974 0.09999997690320028 12.32484703063965
v -3.8404163032770158 0.09999997690320028 12.365416350960732
v -3.7998469829559327 0.09999997690320028 12.40006582736969
v -3.754356762766838 0.09999997690320028 12.427942264080048
v -3.705065777897835 0.09999997690320028 12.448359268903733
v -3.653187716752291 0.09999997690320028 12.460814076662064
v -3.6 0.09999997690320028 12.465000051259995
vt 0 1
vt 0.02500000037252903 1
vt 0.05000000074505806 1
vt 0.07500000298023224 1
vt 0.10000000149011612 1
vt 0.125 1
vt 0.15000000596046448 1
vt 0.17499999701976776 1
vt 0.20000000298023224 1
vt 0.22499999403953552 1
vt 0.25 1
vt 0.2750000059604645 1
vt 0.30000001192092896 1
vt 0.32499998807907104 1
vt 0.3499999940395355 1
vt 0.375 1
vt 0.4000000059604645 1
vt 0.42500001192092896 1
vt 0.44999998807907104 1
vt 0.4749999940395355 1
vt 0.5 1
vt 0.5249999761581421 1
vt 0.550000011920929 1
vt 0.574999988079071 1
vt 0.6000000238418579 1
vt 0.625 1
vt 0.6499999761581421 1
vt 0.675000011920929 1
vt 0.699999988079071 1
vt 0.7250000238418579 1
vt 0.75 1
vt 0.7749999761581421 1
vt 0.800000011920929 1
vt 0.824999988079071 1
vt 0.8500000238418579 1
vt 0.875 1
vt 0.8999999761581421 1
vt 0.925000011920929 1
vt 0.949999988079071 1
vt 0.9750000238418579 1
vt 1 1
vt 0 0
vt 0.02500000037252903 0
vt 0.05000000074505806 0
vt 0.07500000298023224 0
vt 0.10000000149011612 0
vt 0.125 0
vt 0.15000000596046448 0
vt 0.17499999701976776 0
vt 0.20000000298023224 0
vt 0.22499999403953552 0
vt 0.25 0
vt 0.2750000059604645 0
vt 0.30000001192092896 0
vt 0.32499998807907104 0
vt 0.3499999940395355 0
vt 0.375 0
vt 0.4000000059604645 0
vt 0.42500001192092896 0
vt 0.44999998807907104 0
vt 0.4749999940395355 0
vt 0.5 0
vt 0.5249999761581421 0
vt 0.550000011920929 0
vt 0.574999988079071 0
vt 0.6000000238418579 0
vt 0.625 0
vt 0.6499999761581421 0
vt 0.675000011920929 0
vt 0.699999988079071 0
vt 0.7250000238418579 0
vt 0.75 0
vt 0.7749999761581421 0
vt 0.800000011920929 0
vt 0.824999988079071 0
vt 0.8500000238418579 0
vt 0.875 0
vt 0.8999999761581421 0
vt 0.925000011920929 0
vt 0.949999988079071 0
vt 0.9750000238418579 0
vt 1 0
vt 0.5 0.5
vt 0.5 0.5
vt 0.5 0.5
vt 0.5 0.5
vt 0.5 0.5
vt 0.5 0.5
vt 0.5 0.5
vt 0.5 0.5
vt 0.5 0.5
vt 0.5 0.5
vt 0.5 0.5
vt 0.5 0.5
vt 0.5 0.5
vt 0.5 0.5
vt 0.5 0.5
vt 0.5 0.5
vt 0.5 0.5
vt 0.5 0.5
vt 0.5 0.5
vt 0.5 0.5
vt 0.5 0.5
vt 0.5 0.5
vt 0.5 0.5
vt 0.5 0.5
vt 0.5 0.5
vt 0.5 0.5
vt 0.5 0.5
vt 0.5 0.5
vt 0.5 0.5
vt 0.5 0.5
vt 0.5 0.5
vt 0.5 0.5
vt 0.5 0.5
vt 0.5 0.5
vt 0.5 0.5
vt 0.5 0.5
vt 0.5 0.5
vt 0.5 0.5
vt 0.5 0.5
vt 0.5 0.5
vt 1 0.5
vt 0.9938441514968872 0.5782172083854675
vt 0.9755282402038574 0.6545084714889526
vt 0.9455032348632812 0.7269952297210693
vt 0.9045084714889526 0.7938926219940186
vt 0.8535534143447876 0.8535534143447876
vt 0.7938926219940186 0.9045084714889526
vt 0.7269952297210693 0.9455032348632812
vt 0.6545084714889526 0.9755282402038574
vt 0.5782172083854675 0.9938441514968872
vt 0.5 1
vt 0.4217827618122101 0.9938441514968872
vt 0.345491498708725 0.9755282402038574
vt 0.2730047404766083 0.9455032348632812
vt 0.20610737800598145 0.9045084714889526
vt 0.1464466154575348 0.8535534143447876
vt 0.09549150615930557 0.7938926219940186
vt 0.05449673905968666 0.7269952297210693
vt 0.024471741169691086 0.6545084714889526
vt 0.006155829876661301 0.5782172083854675
vt 0 0.5
vt 0.006155829876661301 0.4217827618122101
vt 0.024471741169691086 0.345491498708725
vt 0.05449673905968666 0.2730047404766083
vt 0.09549150615930557 0.20610737800598145
vt 0.1464466154575348 0.1464466154575348
vt 0.20610737800598145 0.09549150615930557
vt 0.2730047404766083 0.05449673905968666
vt 0.345491498708725 0.024471741169691086
vt 0.4217827618122101 0.006155829876661301
vt 0.5 0
vt 0.5782172083854675 0.006155829876661301
vt 0.6545084714889526 0.024471741169691086
vt 0.7269952297210693 0.05449673905968666
vt 0.7938926219940186 0.09549150615930557
vt 0.8535534143447876 0.1464466154575348
vt 0.9045084714889526 0.20610737800598145
vt 0.9455032348632812 0.2730047404766083
vt 0.9755282402038574 0.345491498708725
vt 0.9938441514968872 0.4217827618122101
vt 1 0.5
vt 0.5 0.5
vt 0.5 0.5
vt 0.5 0.5
vt 0.5 0.5
vt 0.5 0.5
vt 0.5 0.5
vt 0.5 0.5
vt 0.5 0.5
vt 0.5 0.5
vt 0.5 0.5
vt 0.5 0.5
vt 0.5 0.5
vt 0.5 0.5
vt 0.5 0.5
vt 0.5 0.5
vt 0.5 0.5
vt 0.5 0.5
vt 0.5 0.5
vt 0.5 0.5
vt 0.5 0.5
vt 0.5 0.5
vt 0.5 0.5
vt 0.5 0.5
vt 0.5 0.5
vt 0.5 0.5
vt 0.5 0.5
vt 0.5 0.5
vt 0.5 0.5
vt 0.5 0.5
vt 0.5 0.5
vt 0.5 0.5
vt 0.5 0.5
vt 0.5 0.5
vt 0.5 0.5
vt 0.5 0.5
vt 0.5 0.5
vt 0.5 0.5
vt 0.5 0.5
vt 0.5 0.5
vt 0.5 0.5
vt 1 0.5
vt 0.9938441514968872 0.4217827618122101
vt 0.9755282402038574 0.345491498708725
vt 0.9455032348632812 0.2730047404766083
vt 0.9045084714889526 0.20610737800598145
vt 0.8535534143447876 0.1464466154575348
vt 0.7938926219940186 0.09549150615930557
vt 0.7269952297210693 0.05449673905968666
vt 0.6545084714889526 0.024471741169691086
vt 0.5782172083854675 0.006155829876661301
vt 0.5 0
vt 0.4217827618122101 0.006155829876661301
vt 0.345491498708725 0.024471741169691086
vt 0.2730047404766083 0.05449673905968666
vt 0.20610737800598145 0.09549150615930557
vt 0.1464466154575348 0.1464466154575348
vt 0.09549150615930557 0.20610737800598145
vt 0.05449673905968666 0.2730047404766083
vt 0.024471741169691086 0.345491498708725
vt 0.006155829876661301 0.4217827618122101
vt 0 0.5
vt 0.006155829876661301 0.5782172083854675
vt 0.024471741169691086 0.6545084714889526
vt 0.05449673905968666 0.7269952297210693
vt 0.09549150615930557 0.7938926219940186
vt 0.1464466154575348 0.8535534143447876
vt 0.20610737800598145 0.9045084714889526
vt 0.2730047404766083 0.9455032348632812
vt 0.345491498708725 0.9755282402038574
vt 0.4217827618122101 0.9938441514968872
vt 0.5 1
vt 0.5782172083854675 0.9938441514968872
vt 0.6545084714889526 0.9755282402038574
vt 0.7269952297210693 0.9455032348632812
vt 0.7938926219940186 0.9045084714889526
vt 0.8535534143447876 0.8535534143447876
vt 0.9045084714889526 0.7938926219940186
vt 0.9455032348632812 0.7269952297210693
vt 0.9755282402038574 0.6545084714889526
vt 0.9938441514968872 0.5782172083854675
vt 1 0.5
vn 0 0 1
vn 0.15643445816198648 0 0.9876883416845447
vn 0.3090169948284817 0 0.9510565161477913
vn 0.45399048932725333 0 0.8910065294936963
vn 0.5877852429542022 0 0.8090170011595983
vn 0.7071067811865476 0 0.7071067811865476
vn 0.8090170011595983 0 0.5877852429542022
vn 0.8910065294936963 0 0.45399048932725333
vn 0.9510565161477913 0 0.3090169948284817
vn 0.9876883416845447 0 0.15643445816198648
vn 1 0 6.123234262925839e-17
vn 0.9876883416845447 0 -0.15643445816198648
vn 0.9510565161477913 0 -0.3090169948284817
vn 0.8910065294936963 0 -0.45399048932725333
vn 0.8090170011595983 0 -0.5877852429542022
vn 0.7071067811865476 0 -0.7071067811865476
vn 0.5877852429542022 0 -0.8090170011595983
vn 0.45399048932725333 0 -0.8910065294936963
vn 0.3090169948284817 0 -0.9510565161477913
vn 0.15643445816198648 0 -0.9876883416845447
vn 1.2246468525851679e-16 0 -1
vn -0.15643445816198648 0 -0.9876883416845447
vn -0.3090169948284817 0 -0.9510565161477913
vn -0.45399048932725333 0 -0.8910065294936963
vn -0.5877852429542022 0 -0.8090170011595983
vn -0.7071067811865476 0 -0.7071067811865476
vn -0.8090170011595983 0 -0.5877852429542022
vn -0.8910065294936963 0 -0.45399048932725333
vn -0.9510565161477913 0 -0.3090169948284817
vn -0.9876883416845447 0 -0.15643445816198648
vn -1 0 -1.8369701465288538e-16
vn -0.9876883416845447 0 0.15643445816198648
vn -0.9510565161477913 0 0.3090169948284817
vn -0.8910065294936963 0 0.45399048932725333
vn -0.8090170011595983 0 0.5877852429542022
vn -0.7071067811865476 0 0.7071067811865476
vn -0.5877852429542022 0 0.8090170011595983
vn -0.45399048932725333 0 0.8910065294936963
vn -0.3090169948284817 0 0.9510565161477913
vn -0.15643445816198648 0 0.9876883416845447
vn -2.4492937051703357e-16 0 1
vn 0 0 1
vn 0.15643445816198648 0 0.9876883416845447
vn 0.3090169948284817 0 0.9510565161477913
vn 0.45399048932725333 0 0.8910065294936963
vn 0.5877852429542022 0 0.8090170011595983
vn 0.7071067811865476 0 0.7071067811865476
vn 0.8090170011595983 0 0.5877852429542022
vn 0.8910065294936963 0 0.45399048932725333
vn 0.9510565161477913 0 0.3090169948284817
vn 0.9876883416845447 0 0.15643445816198648
vn 1 0 6.123234262925839e-17
vn 0.9876883416845447 0 -0.15643445816198648
vn 0.9510565161477913 0 -0.3090169948284817
vn 0.8910065294936963 0 -0.45399048932725333
vn 0.8090170011595983 0 -0.5877852429542022
vn 0.7071067811865476 0 -0.7071067811865476
vn 0.5877852429542022 0 -0.8090170011595983
vn 0.45399048932725333 0 -0.8910065294936963
vn 0.3090169948284817 0 -0.9510565161477913
vn 0.15643445816198648 0 -0.9876883416845447
vn 1.2246468525851679e-16 0 -1
vn -0.15643445816198648 0 -0.9876883416845447
vn -0.3090169948284817 0 -0.9510565161477913
vn -0.45399048932725333 0 -0.8910065294936963
vn -0.5877852429542022 0 -0.8090170011595983
vn -0.7071067811865476 0 -0.7071067811865476
vn -0.8090170011595983 0 -0.5877852429542022
vn -0.8910065294936963 0 -0.45399048932725333
vn -0.9510565161477913 0 -0.3090169948284817
vn -0.9876883416845447 0 -0.15643445816198648
vn -1 0 -1.8369701465288538e-16
vn -0.9876883416845447 0 0.15643445816198648
vn -0.9510565161477913 0 0.3090169948284817
vn -0.8910065294936963 0 0.45399048932725333
vn -0.8090170011595983 0 0.5877852429542022
vn -0.7071067811865476 0 0.7071067811865476
vn -0.5877852429542022 0 0.8090170011595983
vn -0.45399048932725333 0 0.8910065294936963
vn -0.3090169948284817 0 0.9510565161477913
vn -0.15643445816198648 0 0.9876883416845447
vn -2.4492937051703357e-16 0 1
vn 0 1 0
vn 0 1 0
vn 0 1 0
vn 0 1 0
vn 0 1 0
vn 0 1 0
vn 0 1 0
vn 0 1 0
vn 0 1 0
vn 0 1 0
vn 0 1 0
vn 0 1 0
vn 0 1 0
vn 0 1 0
vn 0 1 0
vn 0 1 0
vn 0 1 0
vn 0 1 0
vn 0 1 0
vn 0 1 0
vn 0 1 0
vn 0 1 0
vn 0 1 0
vn 0 1 0
vn 0 1 0
vn 0 1 0
vn 0 1 0
vn 0 1 0
vn 0 1 0
vn 0 1 0
vn 0 1 0
vn 0 1 0
vn 0 1 0
vn 0 1 0
vn 0 1 0
vn 0 1 0
vn 0 1 0
vn 0 1 0
vn 0 1 0
vn 0 1 0
vn 0 1 0
vn 0 1 0
vn 0 1 0
vn 0 1 0
vn 0 1 0
vn 0 1 0
vn 0 1 0
vn 0 1 0
vn 0 1 0
vn 0 1 0
vn 0 1 0
vn 0 1 0
vn 0 1 0
vn 0 1 0
vn 0 1 0
vn 0 1 0
vn 0 1 0
vn 0 1 0
vn 0 1 0
vn 0 1 0
vn 0 1 0
vn 0 1 0
vn 0 1 0
vn 0 1 0
vn 0 1 0
vn 0 1 0
vn 0 1 0
vn 0 1 0
vn 0 1 0
vn 0 1 0
vn 0 1 0
vn 0 1 0
vn 0 1 0
vn 0 1 0
vn 0 1 0
vn 0 1 0
vn 0 1 0
vn 0 1 0
vn 0 1 0
vn 0 1 0
vn 0 1 0
vn 0 -1 0
vn 0 -1 0
vn 0 -1 0
vn 0 -1 0
vn 0 -1 0
vn 0 -1 0
vn 0 -1 0
vn 0 -1 0
vn 0 -1 0
vn 0 -1 0
vn 0 -1 0
vn 0 -1 0
vn 0 -1 0
vn 0 -1 0
vn 0 -1 0
vn 0 -1 0
vn 0 -1 0
vn 0 -1 0
vn 0 -1 0
vn 0 -1 0
vn 0 -1 0
vn 0 -1 0
vn 0 -1 0
vn 0 -1 0
vn 0 -1 0
vn 0 -1 0
vn 0 -1 0
vn 0 -1 0
vn 0 -1 0
vn 0 -1 0
vn 0 -1 0
vn 0 -1 0
vn 0 -1 0
vn 0 -1 0
vn 0 -1 0
vn 0 -1 0
vn 0 -1 0
vn 0 -1 0
vn 0 -1 0
vn 0 -1 0
vn 0 -1 0
vn 0 -1 0
vn 0 -1 0
vn 0 -1 0
vn 0 -1 0
vn 0 -1 0
vn 0 -1 0
vn 0 -1 0
vn 0 -1 0
vn 0 -1 0
vn 0 -1 0
vn 0 -1 0
vn 0 -1 0
vn 0 -1 0
vn 0 -1 0
vn 0 -1 0
vn 0 -1 0
vn 0 -1 0
vn 0 -1 0
vn 0 -1 0
vn 0 -1 0
vn 0 -1 0
vn 0 -1 0
vn 0 -1 0
vn 0 -1 0
vn 0 -1 0
vn 0 -1 0
vn 0 -1 0
vn 0 -1 0
vn 0 -1 0
vn 0 -1 0
vn 0 -1 0
vn 0 -1 0
vn 0 -1 0
vn 0 -1 0
vn 0 -1 0
vn 0 -1 0
vn 0 -1 0
vn 0 -1 0
vn 0 -1 0
vn 0 -1 0
f 1513/1513/1513 1554/1554/1554 1514/1514/1514
f 1554/1554/1554 1555/1555/1555 1514/1514/1514
f 1514/1514/1514 1555/1555/1555 1515/1515/1515
f 1555/1555/1555 1556/1556/1556 1515/1515/1515
f 1515/1515/1515 1556/1556/1556 1516/1516/1516
f 1556/1556/1556 1557/1557/1557 1516/1516/1516
f 1516/1516/1516 1557/1557/1557 1517/1517/1517
f 1557/1557/1557 1558/1558/1558 1517/1517/1517
f 1517/1517/1517 1558/1558/1558 1518/1518/1518
f 1558/1558/1558 1559/1559/1559 1518/1518/1518
f 1518/1518/1518 1559/1559/1559 1519/1519/1519
f 1559/1559/1559 1560/1560/1560 1519/1519/1519
f 1519/1519/1519 1560/1560/1560 1520/1520/1520
f 1560/1560/1560 1561/1561/1561 1520/1520/1520
f 1520/1520/1520 1561/1561/1561 1521/1521/1521
f 1561/1561/1561 1562/1562/1562 1521/1521/1521
f 1521/1521/1521 1562/1562/1562 1522/1522/1522
f 1562/1562/1562 1563/1563/1563 1522/1522/1522
f 1522/1522/1522 1563/1563/1563 1523/1523/1523
f 1563/1563/1563 1564/1564/1564 1523/1523/1523
f 1523/1523/1523 1564/1564/1564 1524/1524/1524
f 1564/1564/1564 1565/1565/1565 1524/1524/1524
f 1524/1524/1524 1565/1565/1565 1525/1525/1525
f 1565/1565/1565 1566/1566/1566 1525/1525/1525
f 1525/1525/1525 1566/1566/1566 1526/1526/1526
f 1566/1566/1566 1567/1567/1567 1526/1526/1526
f 1526/1526/1526 1567/1567/1567 1527/1527/1527
f 1567/1567/1567 1568/1568/1568 1527/1527/1527
f 1527/1527/1527 1568/1568/1568 1528/1528/1528
f 1568/1568/1568 1569/1569/1569 1528/1528/1528
f 1528/1528/1528 1569/1569/1569 1529/1529/1529
f 1569/1569/1569 1570/1570/1570 1529/1529/1529
f 1529/1529/1529 1570/1570/1570 1530/1530/1530
f 1570/1570/1570 1571/1571/1571 1530/1530/1530
f 1530/1530/1530 1571/1571/1571 1531/1531/1531
f 1571/1571/1571 1572/1572/1572 1531/1531/1531
f 1531/1531/1531 1572/1572/1572 1532/1532/1532
f 1572/1572/1572 1573/1573/1573 1532/1532/1532
f 1532/1532/1532 1573/1573/1573 1533/1533/1533
f 1573/1573/1573 1574/1574/1574 1533/1533/1533
f 1533/1533/1533 1574/1574/1574 1534/1534/1534
f 1574/1574/1574 1575/1575/1575 1534/1534/1534
f 1534/1534/1534 1575/1575/1575 1535/1535/1535
f 1575/1575/1575 1576/1576/1576 1535/1535/1535
f 1535/1535/1535 1576/1576/1576 1536/1536/1536
f 1576/1576/1576 1577/1577/1577 1536/1536/1536
f 1536/1536/1536 1577/1577/1577 1537/1537/1537
f 1577/1577/1577 1578/1578/1578 1537/1537/1537
f 1537/1537/1537 1578/1578/1578 1538/1538/1538
f 1578/1578/1578 1579/1579/1579 1538/1538/1538
f 1538/1538/1538 1579/1579/1579 1539/1539/1539
f 1579/1579/1579 1580/1580/1580 1539/1539/1539
f 1539/1539/1539 1580/1580/1580 1540/1540/1540
f 1580/1580/1580 1581/1581/1581 1540/1540/1540
f 1540/1540/1540 1581/1581/1581 1541/1541/1541
f 1581/1581/1581 1582/1582/1582 1541/1541/1541
f 1541/1541/1541 1582/1582/1582 1542/1542/1542
f 1582/1582/1582 1583/1583/1583 1542/1542/1542
f 1542/1542/1542 1583/1583/1583 1543/1543/1543
f 1583/1583/1583 1584/1584/1584 1543/1543/1543
f 1543/1543/1543 1584/1584/1584 1544/1544/1544
f 1584/1584/1584 1585/1585/1585 1544/1544/1544
f 1544/1544/1544 1585/1585/1585 1545/1545/1545
f 1585/1585/1585 1586/1586/1586 1545/1545/1545
f 1545/1545/1545 1586/1586/1586 1546/1546/1546
f 1586/1586/1586 1587/1587/1587 1546/1546/1546
f 1546/1546/1546 1587/1587/1587 1547/1547/1547
f 1587/1587/1587 1588/1588/1588 1547/1547/1547
f 1547/1547/1547 1588/1588/1588 1548/1548/1548
f 1588/1588/1588 1589/1589/1589 1548/1548/1548
f 1548/1548/1548 1589/1589/1589 1549/1549/1549
f 1589/1589/1589 1590/1590/1590 1549/1549/1549
f 1549/1549/1549 1590/1590/1590 1550/1550/1550
f 1590/1590/1590 1591/1591/1591 1550/1550/1550
f 1550/1550/1550 1591/1591/1591 1551/1551/1551
f 1591/1591/1591 1592/1592/1592 1551/1551/1551
f 1551/1551/1551 1592/1592/1592 1552/1552/1552
f 1592/1592/1592 1593/1593/1593 1552/1552/1552
f 1552/1552/1552 1593/1593/1593 1553/1553/1553
f 1593/1593/1593 1594/1594/1594 1553/1553/1553
f 1635/1635/1635 1636/1636/1636 1595/1595/1595
f 1636/1636/1636 1637/1637/1637 1596/1596/1596
f 1637/1637/1637 1638/1638/1638 1597/1597/1597
f 1638/1638/1638 1639/1639/1639 1598/1598/1598
f 1639/1639/1639 1640/1640/1640 1599/1599/1599
f 1640/1640/1640 1641/1641/1641 1600/1600/1600
f 1641/1641/1641 1642/1642/1642 1601/1601/1601
f 1642/1642/1642 1643/1643/1643 1602/1602/1602
f 1643/1643/1643 1644/1644/1644 1603/1603/1603
f 1644/1644/1644 1645/1645/1645 1604/1604/1604
f 1645/1645/1645 1646/1646/1646 1605/1605/1605
f 1646/1646/1646 1647/1647/1647 1606/1606/1606
f 1647/1647/1647 1648/1648/1648 1607/1607/1607
f 1648/1648/1648 1649/1649/1649 1608/1608/1608
f 1649/1649/1649 1650/1650/1650 1609/1609/1609
f 1650/1650/1650 1651/1651/1651 1610/1610/1610
f 1651/1651/1651 1652/1652/1652 1611/1611/1611
f 1652/1652/1652 1653/1653/1653 1612/1612/1612
f 1653/1653/1653 1654/1654/1654 1613/1613/1613
f 1654/1654/1654 1655/1655/1655 1614/1614/1614
f 1655/1655/1655 1656/1656/1656 1615/1615/1615
f 1656/1656/1656 1657/1657/1657 1616/1616/1616
f 1657/1657/1657 1658/1658/1658 1617/1617/1617
f 1658/1658/1658 1659/1659/1659 1618/1618/1618
f 1659/1659/1659 1660/1660/1660 1619/1619/1619
f 1660/1660/1660 1661/1661/1661 1620/1620/1620
f 1661/1661/1661 1662/1662/1662 1621/1621/1621
f 1662/1662/1662 1663/1663/1663 1622/1622/1622
f 1663/1663/1663 1664/1664/1664 1623/1623/1623
f 1664/1664/1664 1665/1665/1665 1624/1624/1624
f 1665/1665/1665 1666/1666/1666 1625/1625/1625
f 1666/1666/1666 1667/1667/1667 1626/1626/1626
f 1667/1667/1667 1668/1668/1668 1627/1627/1627
f 1668/1668/1668 1669/1669/1669 1628/1628/1628
f 1669/1669/1669 1670/1670/1670 1629/1629/1629
f 1670/1670/1670 1671/1671/1671 1630/1630/1630
f 1671/1671/1671 1672/1672/1672 1631/1631/1631
f 1672/1672/1672 1673/1673/1673 1632/1632/1632
f 1673/1673/1673 1674/1674/1674 1633/1633/1633
f 1674/1674/1674 1675/1675/1675 1634/1634/1634
f 1717/1717/1717 1716/1716/1716 1676/1676/1676
f 1718/1718/1718 1717/1717/1717 1677/1677/1677
f 1719/1719/1719 1718/1718/1718 1678/1678/1678
f 1720/1720/1720 1719/1719/1719 1679/1679/1679
f 1721/1721/1721 1720/1720/1720 1680/1680/1680
f 1722/1722/1722 1721/1721/1721 1681/1681/1681
f 1723/1723/1723 1722/1722/1722 1682/1682/1682
f 1724/1724/1724 1723/1723/1723 1683/1683/1683
f 1725/1725/1725 1724/1724/1724 1684/1684/1684
f 1726/1726/1726 1725/1725/1725 1685/1685/1685
f 1727/1727/1727 1726/1726/1726 1686/1686/1686
f 1728/1728/1728 1727/1727/1727 1687/1687/1687
f 1729/1729/1729 1728/1728/1728 1688/1688/1688
f 1730/1730/1730 1729/1729/1729 1689/1689/1689
f 1731/1731/1731 1730/1730/1730 1690/1690/1690
f 1732/1732/1732 1731/1731/1731 1691/1691/1691
f 1733/1733/1733 1732/1732/1732 1692/1692/1692
f 1734/1734/1734 1733/1733/1733 1693/1693/1693
f 1735/1735/1735 1734/1734/1734 1694/1694/1694
f 1736/1736/1736 1735/1735/1735 1695/1695/1695
f 1737/1737/1737 1736/1736/1736 1696/1696/1696
f 1738/1738/1738 1737/1737/1737 1697/1697/1697
f 1739/1739/1739 1738/1738/1738 1698/1698/1698
f 1740/1740/1740 1739/1739/1739 1699/1699/1699
f 1741/1741/1741 1740/1740/1740 1700/1700/1700
f 1742/1742/1742 1741/1741/1741 1701/1701/1701
f 1743/1743/1743 1742/1742/1742 1702/1702/1702
f 1744/1744/1744 1743/1743/1743 1703/1703/1703
f 1745/1745/1745 1744/1744/1744 1704/1704/1704
f 1746/1746/1746 1745/1745/1745 1705/1705/1705
f 1747/1747/1747 1746/1746/1746 1706/1706/1706
f 1748/1748/1748 1747/1747/1747 1707/1707/1707
f 1749/1749/1749 1748/1748/1748 1708/1708/1708
f 1750/1750/1750 1749/1749/1749 1709/1709/1709
f 1751/1751/1751 1750/1750/1750 1710/1710/1710
f 1752/1752/1752 1751/1751/1751 1711/1711/1711
f 1753/1753/1753 1752/1752/1752 1712/1712/1712
f 1754/1754/1754 1753/1753/1753 1713/1713/1713
f 1755/1755/1755 1754/1754/1754 1714/1714/1714
f 1756/1756/1756 1755/1755/1755 1715/1715/1715
o column_plaque_2
usemtl maroon_sign
v -3.390000006556511 2.925000006705522 12.500000048056245
v -3.390000006556511 2.925000006705522 12.450000047311187
v -3.390000006556511 2.3749999947845932 12.500000048056245
v -3.390000006556511 2.3749999947845932 12.450000047311187
v -3.809999993443489 2.925000006705522 12.450000047311187
v -3.809999993443489 2.925000006705522 12.500000048056245
v -3.809999993443489 2.3749999947845932 12.450000047311187
v -3.809999993443489 2.3749999947845932 12.500000048056245
v -3.809999993443489 2.925000006705522 12.450000047311187
v -3.390000006556511 2.925000006705522 12.450000047311187
v -3.809999993443489 2.925000006705522 12.500000048056245
v -3.390000006556511 2.925000006705522 12.500000048056245
v -3.809999993443489 2.3749999947845932 12.500000048056245
v -3.390000006556511 2.3749999947845932 12.500000048056245
v -3.809999993443489 2.3749999947845932 12.450000047311187
v -3.390000006556511 2.3749999947845932 12.450000047311187
v -3.809999993443489 2.925000006705522 12.500000048056245
v -3.390000006556511 2.925000006705522 12.500000048056245
v -3.809999993443489 2.3749999947845932 12.500000048056245
v -3.390000006556511 2.3749999947845932 12.500000048056245
v -3.390000006556511 2.925000006705522 12.450000047311187
v -3.809999993443489 2.925000006705522 12.450000047311187
v -3.390000006556511 2.3749999947845932 12.450000047311187
v -3.809999993443489 2.3749999947845932 12.450000047311187
vt 0 1
vt 1 1
vt 0 0
vt 1 0
vt 0 1
vt 1 1
vt 0 0
vt 1 0
vt 0 1
vt 1 1
vt 0 0
vt 1 0
vt 0 1
vt 1 1
vt 0 0
vt 1 0
vt 0 1
vt 1 1
vt 0 0
vt 1 0
vt 0 1
vt 1 1
vt 0 0
vt 1 0
vn 1 0 0
vn 1 0 0
vn 1 0 0
vn 1 0 0
vn -1 0 0
vn -1 0 0
vn -1 0 0
vn -1 0 0
vn 0 1 0
vn 0 1 0
vn 0 1 0
vn 0 1 0
vn 0 -1 0
vn 0 -1 0
vn 0 -1 0
vn 0 -1 0
vn 0 0 1
vn 0 0 1
vn 0 0 1
vn 0 0 1
vn 0 0 -1
vn 0 0 -1
vn 0 0 -1
vn 0 0 -1
f 1757/1757/1757 1759/1759/1759 1758/1758/1758
f 1759/1759/1759 1760/1760/1760 1758/1758/1758
f 1761/1761/1761 1763/1763/1763 1762/1762/1762
f 1763/1763/1763 1764/1764/1764 1762/1762/1762
f 1765/1765/1765 1767/1767/1767 1766/1766/1766
f 1767/1767/1767 1768/1768/1768 1766/1766/1766
f 1769/1769/1769 1771/1771/1771 1770/1770/1770
f 1771/1771/1771 1772/1772/1772 1770/1770/1770
f 1773/1773/1773 1775/1775/1775 1774/1774/1774
f 1775/1775/1775 1776/1776/1776 1774/1774/1774
f 1777/1777/1777 1779/1779/1779 1778/1778/1778
f 1779/1779/1779 1780/1780/1780 1778/1778/1778
o entry_column_3
usemtl column_white
v 2.2 3.8000000245869163 12.465000051259995
v 2.253187716752291 3.8000000245869163 12.460814076662064
v 2.305065777897835 3.8000000245869163 12.448359268903733
v 2.3543567627668383 3.8000000245869163 12.427942264080048
v 2.399846982955933 3.8000000245869163 12.40006582736969
v 2.440416303277016 3.8000000245869163 12.365416350960732
v 2.4750657796859743 3.8000000245869163 12.32484703063965
v 2.502942216396332 3.8000000245869163 12.279356810450555
v 2.5233592212200167 3.8000000245869163 12.230065825581551
v 2.535814028978348 3.8000000245869163 12.178187764436007
v 2.540000003576279 3.8000000245869163 12.125000047683717
v 2.535814028978348 3.8000000245869163 12.071812330931426
v 2.5233592212200167 3.8000000245869163 12.019934269785882
v 2.502942216396332 3.8000000245869163 11.970643284916878
v 2.4750657796859743 3.8000000245869163 11.925153064727784
v 2.440416303277016 3.8000000245869163 11.8845837444067
v 2.399846982955933 3.8000000245869163 11.849934267997742
v 2.3543567627668383 3.8000000245869163 11.822057831287385
v 2.305065777897835 3.8000000245869163 11.8016408264637
v 2.253187716752291 3.8000000245869163 11.789186018705369
v 2.2 3.8000000245869163 11.785000044107438
v 2.1468122832477095 3.8000000245869163 11.789186018705369
v 2.0949342221021654 3.8000000245869163 11.8016408264637
v 2.045643237233162 3.8000000245869163 11.822057831287385
v 2.0001530170440676 3.8000000245869163 11.849934267997742
v 1.9595836967229845 3.8000000245869163 11.8845837444067
v 1.924934220314026 3.8000000245869163 11.925153064727784
v 1.8970577836036684 3.8000000245869163 11.970643284916878
v 1.8766407787799837 3.8000000245869163 12.019934269785882
v 1.8641859710216524 3.8000000245869163 12.071812330931426
v 1.8599999964237215 3.8000000245869163 12.125000047683717
v 1.8641859710216524 3.8000000245869163 12.178187764436007
v 1.8766407787799837 3.8000000245869163 12.230065825581551
v 1.8970577836036684 3.8000000245869163 12.279356810450555
v 1.924934220314026 3.8000000245869163 12.32484703063965
v 1.9595836967229845 3.8000000245869163 12.365416350960732
v 2.0001530170440676 3.8000000245869163 12.40006582736969
v 2.045643237233162 3.8000000245869163 12.427942264080048
v 2.0949342221021654 3.8000000245869163 12.448359268903733
v 2.1468122832477095 3.8000000245869163 12.460814076662064
v 2.2 3.8000000245869163 12.465000051259995
v 2.2 0.09999997690320028 12.465000051259995
v 2.253187716752291 0.09999997690320028 12.460814076662064
v 2.305065777897835 0.09999997690320028 12.448359268903733
v 2.3543567627668383 0.09999997690320028 12.427942264080048
v 2.399846982955933 0.09999997690320028 12.40006582736969
v 2.440416303277016 0.09999997690320028 12.365416350960732
v 2.4750657796859743 0.09999997690320028 12.32484703063965
v 2.502942216396332 0.09999997690320028 12.279356810450555
v 2.5233592212200167 0.09999997690320028 12.230065825581551
v 2.535814028978348 0.09999997690320028 12.178187764436007
v 2.540000003576279 0.09999997690320028 12.125000047683717
v 2.535814028978348 0.09999997690320028 12.071812330931426
v 2.5233592212200167 0.09999997690320028 12.019934269785882
v 2.502942216396332 0.09999997690320028 11.970643284916878
v 2.4750657796859743 0.09999997690320028 11.925153064727784
v 2.440416303277016 0.09999997690320028 11.8845837444067
v 2.399846982955933 0.09999997690320028 11.849934267997742
v 2.3543567627668383 0.09999997690320028 11.822057831287385
v 2.305065777897835 0.09999997690320028 11.8016408264637
v 2.253187716752291 0.09999997690320028 11.789186018705369
v 2.2 0.09999997690320028 11.785000044107438
v 2.1468122832477095 0.09999997690320028 11.789186018705369
v 2.0949342221021654 0.09999997690320028 11.8016408264637
v 2.045643237233162 0.09999997690320028 11.822057831287385
v 2.0001530170440676 0.09999997690320028 11.849934267997742
v 1.9595836967229845 0.09999997690320028 11.8845837444067
v 1.924934220314026 0.09999997690320028 11.925153064727784
v 1.8970577836036684 0.09999997690320028 11.970643284916878
v 1.8766407787799837 0.09999997690320028 12.019934269785882
v 1.8641859710216524 0.09999997690320028 12.071812330931426
v 1.8599999964237215 0.09999997690320028 12.125000047683717
v 1.8641859710216524 0.09999997690320028 12.178187764436007
v 1.8766407787799837 0.09999997690320028 12.230065825581551
v 1.8970577836036684 0.09999997690320028 12.279356810450555
v 1.924934220314026 0.09999997690320028 12.32484703063965
v 1.9595836967229845 0.09999997690320028 12.365416350960732
v 2.0001530170440676 0.09999997690320028 12.40006582736969
v 2.045643237233162 0.09999997690320028 12.427942264080048
v 2.0949342221021654 0.09999997690320028 12.448359268903733
v 2.1468122832477095 0.09999997690320028 12.460814076662064
v 2.2 0.09999997690320028 12.465000051259995
v 2.2 3.8000000245869163 12.125000047683717
v 2.2 3.8000000245869163 12.125000047683717
v 2.2 3.8000000245869163 12.125000047683717
v 2.2 3.8000000245869163 12.125000047683717
v 2.2 3.8000000245869163 12.125000047683717
v 2.2 3.8000000245869163 12.125000047683717
v 2.2 3.8000000245869163 12.125000047683717
v 2.2 3.8000000245869163 12.125000047683717
v 2.2 3.8000000245869163 12.125000047683717
v 2.2 3.8000000245869163 12.125000047683717
v 2.2 3.8000000245869163 12.125000047683717
v 2.2 3.8000000245869163 12.125000047683717
v 2.2 3.8000000245869163 12.125000047683717
v 2.2 3.8000000245869163 12.125000047683717
v 2.2 3.8000000245869163 12.125000047683717
v 2.2 3.8000000245869163 12.125000047683717
v 2.2 3.8000000245869163 12.125000047683717
v 2.2 3.8000000245869163 12.125000047683717
v 2.2 3.8000000245869163 12.125000047683717
v 2.2 3.8000000245869163 12.125000047683717
v 2.2 3.8000000245869163 12.125000047683717
v 2.2 3.8000000245869163 12.125000047683717
v 2.2 3.8000000245869163 12.125000047683717
v 2.2 3.8000000245869163 12.125000047683717
v 2.2 3.8000000245869163 12.125000047683717
v 2.2 3.8000000245869163 12.125000047683717
v 2.2 3.8000000245869163 12.125000047683717
v 2.2 3.8000000245869163 12.125000047683717
v 2.2 3.8000000245869163 12.125000047683717
v 2.2 3.8000000245869163 12.125000047683717
v 2.2 3.8000000245869163 12.125000047683717
v 2.2 3.8000000245869163 12.125000047683717
v 2.2 3.8000000245869163 12.125000047683717
v 2.2 3.8000000245869163 12.125000047683717
v 2.2 3.8000000245869163 12.125000047683717
v 2.2 3.8000000245869163 12.125000047683717
v 2.2 3.8000000245869163 12.125000047683717
v 2.2 3.8000000245869163 12.125000047683717
v 2.2 3.8000000245869163 12.125000047683717
v 2.2 3.8000000245869163 12.125000047683717
v 2.2 3.8000000245869163 12.465000051259995
v 2.253187716752291 3.8000000245869163 12.460814076662064
v 2.305065777897835 3.8000000245869163 12.448359268903733
v 2.3543567627668383 3.8000000245869163 12.427942264080048
v 2.399846982955933 3.8000000245869163 12.40006582736969
v 2.440416303277016 3.8000000245869163 12.365416350960732
v 2.4750657796859743 3.8000000245869163 12.32484703063965
v 2.502942216396332 3.8000000245869163 12.279356810450555
v 2.5233592212200167 3.8000000245869163 12.230065825581551
v 2.535814028978348 3.8000000245869163 12.178187764436007
v 2.540000003576279 3.8000000245869163 12.125000047683717
v 2.535814028978348 3.8000000245869163 12.071812330931426
v 2.5233592212200167 3.8000000245869163 12.019934269785882
v 2.502942216396332 3.8000000245869163 11.970643284916878
v 2.4750657796859743 3.8000000245869163 11.925153064727784
v 2.440416303277016 3.8000000245869163 11.8845837444067
v 2.399846982955933 3.8000000245869163 11.849934267997742
v 2.3543567627668383 3.8000000245869163 11.822057831287385
v 2.305065777897835 3.8000000245869163 11.8016408264637
v 2.253187716752291 3.8000000245869163 11.789186018705369
v 2.2 3.8000000245869163 11.785000044107438
v 2.1468122832477095 3.8000000245869163 11.789186018705369
v 2.0949342221021654 3.8000000245869163 11.8016408264637
v 2.045643237233162 3.8000000245869163 11.822057831287385
v 2.0001530170440676 3.8000000245869163 11.849934267997742
v 1.9595836967229845 3.8000000245869163 11.8845837444067
v 1.924934220314026 3.8000000245869163 11.925153064727784
v 1.8970577836036684 3.8000000245869163 11.970643284916878
v 1.8766407787799837 3.8000000245869163 12.019934269785882
v 1.8641859710216524 3.8000000245869163 12.071812330931426
v 1.8599999964237215 3.8000000245869163 12.125000047683717
v 1.8641859710216524 3.8000000245869163 12.178187764436007
v 1.8766407787799837 3.8000000245869163 12.230065825581551
v 1.8970577836036684 3.8000000245869163 12.279356810450555
v 1.924934220314026 3.8000000245869163 12.32484703063965
v 1.9595836967229845 3.8000000245869163 12.365416350960732
v 2.0001530170440676 3.8000000245869163 12.40006582736969
v 2.045643237233162 3.8000000245869163 12.427942264080048
v 2.0949342221021654 3.8000000245869163 12.448359268903733
v 2.1468122832477095 3.8000000245869163 12.460814076662064
v 2.2 3.8000000245869163 12.465000051259995
v 2.2 0.09999997690320028 12.125000047683717
v 2.2 0.09999997690320028 12.125000047683717
v 2.2 0.09999997690320028 12.125000047683717
v 2.2 0.09999997690320028 12.125000047683717
v 2.2 0.09999997690320028 12.125000047683717
v 2.2 0.09999997690320028 12.125000047683717
v 2.2 0.09999997690320028 12.125000047683717
v 2.2 0.09999997690320028 12.125000047683717
v 2.2 0.09999997690320028 12.125000047683717
v 2.2 0.09999997690320028 12.125000047683717
v 2.2 0.09999997690320028 12.125000047683717
v 2.2 0.09999997690320028 12.125000047683717
v 2.2 0.09999997690320028 12.125000047683717
v 2.2 0.09999997690320028 12.125000047683717
v 2.2 0.09999997690320028 12.125000047683717
v 2.2 0.09999997690320028 12.125000047683717
v 2.2 0.09999997690320028 12.125000047683717
v 2.2 0.09999997690320028 12.125000047683717
v 2.2 0.09999997690320028 12.125000047683717
v 2.2 0.09999997690320028 12.125000047683717
v 2.2 0.09999997690320028 12.125000047683717
v 2.2 0.09999997690320028 12.125000047683717
v 2.2 0.09999997690320028 12.125000047683717
v 2.2 0.09999997690320028 12.125000047683717
v 2.2 0.09999997690320028 12.125000047683717
v 2.2 0.09999997690320028 12.125000047683717
v 2.2 0.09999997690320028 12.125000047683717
v 2.2 0.09999997690320028 12.125000047683717
v 2.2 0.09999997690320028 12.125000047683717
v 2.2 0.09999997690320028 12.125000047683717
v 2.2 0.09999997690320028 12.125000047683717
v 2.2 0.09999997690320028 12.125000047683717
v 2.2 0.09999997690320028 12.125000047683717
v 2.2 0.09999997690320028 12.125000047683717
v 2.2 0.09999997690320028 12.125000047683717
v 2.2 0.09999997690320028 12.125000047683717
v 2.2 0.09999997690320028 12.125000047683717
v 2.2 0.09999997690320028 12.125000047683717
v 2.2 0.09999997690320028 12.125000047683717
v 2.2 0.09999997690320028 12.125000047683717
v 2.2 0.09999997690320028 12.465000051259995
v 2.253187716752291 0.09999997690320028 12.460814076662064
v 2.305065777897835 0.09999997690320028 12.448359268903733
v 2.3543567627668383 0.09999997690320028 12.427942264080048
v 2.399846982955933 0.09999997690320028 12.40006582736969
v 2.440416303277016 0.09999997690320028 12.365416350960732
v 2.4750657796859743 0.09999997690320028 12.32484703063965
v 2.502942216396332 0.09999997690320028 12.279356810450555
v 2.5233592212200167 0.09999997690320028 12.230065825581551
v 2.535814028978348 0.09999997690320028 12.178187764436007
v 2.540000003576279 0.09999997690320028 12.125000047683717
v 2.535814028978348 0.09999997690320028 12.071812330931426
v 2.5233592212200167 0.09999997690320028 12.019934269785882
v 2.502942216396332 0.09999997690320028 11.970643284916878
v 2.4750657796859743 0.09999997690320028 11.925153064727784
v 2.440416303277016 0.09999997690320028 11.8845837444067
v 2.399846982955933 0.09999997690320028 11.849934267997742
v 2.3543567627668383 0.09999997690320028 11.822057831287385
v 2.305065777897835 0.09999997690320028 11.8016408264637
v 2.253187716752291 0.09999997690320028 11.789186018705369
v 2.2 0.09999997690320028 11.785000044107438
v 2.1468122832477095 0.09999997690320028 11.789186018705369
v 2.0949342221021654 0.09999997690320028 11.8016408264637
v 2.045643237233162 0.09999997690320028 11.822057831287385
v 2.0001530170440676 0.09999997690320028 11.849934267997742
v 1.9595836967229845 0.09999997690320028 11.8845837444067
v 1.924934220314026 0.09999997690320028 11.925153064727784
v 1.8970577836036684 0.09999997690320028 11.970643284916878
v 1.8766407787799837 0.09999997690320028 12.019934269785882
v 1.8641859710216524 0.09999997690320028 12.071812330931426
v 1.8599999964237215 0.09999997690320028 12.125000047683717
v 1.8641859710216524 0.09999997690320028 12.178187764436007
v 1.8766407787799837 0.09999997690320028 12.230065825581551
v 1.8970577836036684 0.09999997690320028 12.279356810450555
v 1.924934220314026 0.09999997690320028 12.32484703063965
v 1.9595836967229845 0.09999997690320028 12.365416350960732
v 2.0001530170440676 0.09999997690320028 12.40006582736969
v 2.045643237233162 0.09999997690320028 12.427942264080048
v 2.0949342221021654 0.09999997690320028 12.448359268903733
v 2.1468122832477095 0.09999997690320028 12.460814076662064
v 2.2 0.09999997690320028 12.465000051259995
vt 0 1
vt 0.02500000037252903 1
vt 0.05000000074505806 1
vt 0.07500000298023224 1
vt 0.10000000149011612 1
vt 0.125 1
vt 0.15000000596046448 1
vt 0.17499999701976776 1
vt 0.20000000298023224 1
vt 0.22499999403953552 1
vt 0.25 1
vt 0.2750000059604645 1
vt 0.30000001192092896 1
vt 0.32499998807907104 1
vt 0.3499999940395355 1
vt 0.375 1
vt 0.4000000059604645 1
vt 0.42500001192092896 1
vt 0.44999998807907104 1
vt 0.4749999940395355 1
vt 0.5 1
vt 0.5249999761581421 1
vt 0.550000011920929 1
vt 0.574999988079071 1
vt 0.6000000238418579 1
vt 0.625 1
vt 0.6499999761581421 1
vt 0.675000011920929 1
vt 0.699999988079071 1
vt 0.7250000238418579 1
vt 0.75 1
vt 0.7749999761581421 1
vt 0.800000011920929 1
vt 0.824999988079071 1
vt 0.8500000238418579 1
vt 0.875 1
vt 0.8999999761581421 1
vt 0.925000011920929 1
vt 0.949999988079071 1
vt 0.9750000238418579 1
vt 1 1
vt 0 0
vt 0.02500000037252903 0
vt 0.05000000074505806 0
vt 0.07500000298023224 0
vt 0.10000000149011612 0
vt 0.125 0
vt 0.15000000596046448 0
vt 0.17499999701976776 0
vt 0.20000000298023224 0
vt 0.22499999403953552 0
vt 0.25 0
vt 0.2750000059604645 0
vt 0.30000001192092896 0
vt 0.32499998807907104 0
vt 0.3499999940395355 0
vt 0.375 0
vt 0.4000000059604645 0
vt 0.42500001192092896 0
vt 0.44999998807907104 0
vt 0.4749999940395355 0
vt 0.5 0
vt 0.5249999761581421 0
vt 0.550000011920929 0
vt 0.574999988079071 0
vt 0.6000000238418579 0
vt 0.625 0
vt 0.6499999761581421 0
vt 0.675000011920929 0
vt 0.699999988079071 0
vt 0.7250000238418579 0
vt 0.75 0
vt 0.7749999761581421 0
vt 0.800000011920929 0
vt 0.824999988079071 0
vt 0.8500000238418579 0
vt 0.875 0
vt 0.8999999761581421 0
vt 0.925000011920929 0
vt 0.949999988079071 0
vt 0.9750000238418579 0
vt 1 0
vt 0.5 0.5
vt 0.5 0.5
vt 0.5 0.5
vt 0.5 0.5
vt 0.5 0.5
vt 0.5 0.5
vt 0.5 0.5
vt 0.5 0.5
vt 0.5 0.5
vt 0.5 0.5
vt 0.5 0.5
vt 0.5 0.5
vt 0.5 0.5
vt 0.5 0.5
vt 0.5 0.5
vt 0.5 0.5
vt 0.5 0.5
vt 0.5 0.5
vt 0.5 0.5
vt 0.5 0.5
vt 0.5 0.5
vt 0.5 0.5
vt 0.5 0.5
vt 0.5 0.5
vt 0.5 0.5
vt 0.5 0.5
vt 0.5 0.5
vt 0.5 0.5
vt 0.5 0.5
vt 0.5 0.5
vt 0.5 0.5
vt 0.5 0.5
vt 0.5 0.5
vt 0.5 0.5
vt 0.5 0.5
vt 0.5 0.5
vt 0.5 0.5
vt 0.5 0.5
vt 0.5 0.5
vt 0.5 0.5
vt 1 0.5
vt 0.9938441514968872 0.5782172083854675
vt 0.9755282402038574 0.6545084714889526
vt 0.9455032348632812 0.7269952297210693
vt 0.9045084714889526 0.7938926219940186
vt 0.8535534143447876 0.8535534143447876
vt 0.7938926219940186 0.9045084714889526
vt 0.7269952297210693 0.9455032348632812
vt 0.6545084714889526 0.9755282402038574
vt 0.5782172083854675 0.9938441514968872
vt 0.5 1
vt 0.4217827618122101 0.9938441514968872
vt 0.345491498708725 0.9755282402038574
vt 0.2730047404766083 0.9455032348632812
vt 0.20610737800598145 0.9045084714889526
vt 0.1464466154575348 0.8535534143447876
vt 0.09549150615930557 0.7938926219940186
vt 0.05449673905968666 0.7269952297210693
vt 0.024471741169691086 0.6545084714889526
vt 0.006155829876661301 0.5782172083854675
vt 0 0.5
vt 0.006155829876661301 0.4217827618122101
vt 0.024471741169691086 0.345491498708725
vt 0.05449673905968666 0.2730047404766083
vt 0.09549150615930557 0.20610737800598145
vt 0.1464466154575348 0.1464466154575348
vt 0.20610737800598145 0.09549150615930557
vt 0.2730047404766083 0.05449673905968666
vt 0.345491498708725 0.024471741169691086
vt 0.4217827618122101 0.006155829876661301
vt 0.5 0
vt 0.5782172083854675 0.006155829876661301
vt 0.6545084714889526 0.024471741169691086
vt 0.7269952297210693 0.05449673905968666
vt 0.7938926219940186 0.09549150615930557
vt 0.8535534143447876 0.1464466154575348
vt 0.9045084714889526 0.20610737800598145
vt 0.9455032348632812 0.2730047404766083
vt 0.9755282402038574 0.345491498708725
vt 0.9938441514968872 0.4217827618122101
vt 1 0.5
vt 0.5 0.5
vt 0.5 0.5
vt 0.5 0.5
vt 0.5 0.5
vt 0.5 0.5
vt 0.5 0.5
vt 0.5 0.5
vt 0.5 0.5
vt 0.5 0.5
vt 0.5 0.5
vt 0.5 0.5
vt 0.5 0.5
vt 0.5 0.5
vt 0.5 0.5
vt 0.5 0.5
vt 0.5 0.5
vt 0.5 0.5
vt 0.5 0.5
vt 0.5 0.5
vt 0.5 0.5
vt 0.5 0.5
vt 0.5 0.5
vt 0.5 0.5
vt 0.5 0.5
vt 0.5 0.5
vt 0.5 0.5
vt 0.5 0.5
vt 0.5 0.5
vt 0.5 0.5
vt 0.5 0.5
vt 0.5 0.5
vt 0.5 0.5
vt 0.5 0.5
vt 0.5 0.5
vt 0.5 0.5
vt 0.5 0.5
vt 0.5 0.5
vt 0.5 0.5
vt 0.5 0.5
vt 0.5 0.5
vt 1 0.5
vt 0.9938441514968872 0.4217827618122101
vt 0.9755282402038574 0.345491498708725
vt 0.9455032348632812 0.2730047404766083
vt 0.9045084714889526 0.20610737800598145
vt 0.8535534143447876 0.1464466154575348
vt 0.7938926219940186 0.09549150615930557
vt 0.7269952297210693 0.05449673905968666
vt 0.6545084714889526 0.024471741169691086
vt 0.5782172083854675 0.006155829876661301
vt 0.5 0
vt 0.4217827618122101 0.006155829876661301
vt 0.345491498708725 0.024471741169691086
vt 0.2730047404766083 0.05449673905968666
vt 0.20610737800598145 0.09549150615930557
vt 0.1464466154575348 0.1464466154575348
vt 0.09549150615930557 0.20610737800598145
vt 0.05449673905968666 0.2730047404766083
vt 0.024471741169691086 0.345491498708725
vt 0.006155829876661301 0.4217827618122101
vt 0 0.5
vt 0.006155829876661301 0.5782172083854675
vt 0.024471741169691086 0.6545084714889526
vt 0.05449673905968666 0.7269952297210693
vt 0.09549150615930557 0.7938926219940186
vt 0.1464466154575348 0.8535534143447876
vt 0.20610737800598145 0.9045084714889526
vt 0.2730047404766083 0.9455032348632812
vt 0.345491498708725 0.9755282402038574
vt 0.4217827618122101 0.9938441514968872
vt 0.5 1
vt 0.5782172083854675 0.9938441514968872
vt 0.6545084714889526 0.9755282402038574
vt 0.7269952297210693 0.9455032348632812
vt 0.7938926219940186 0.9045084714889526
vt 0.8535534143447876 0.8535534143447876
vt 0.9045084714889526 0.7938926219940186
vt 0.9455032348632812 0.7269952297210693
vt 0.9755282402038574 0.6545084714889526
vt 0.9938441514968872 0.5782172083854675
vt 1 0.5
vn 0 0 1
vn 0.15643445816198648 0 0.9876883416845447
vn 0.3090169948284817 0 0.9510565161477913
vn 0.45399048932725333 0 0.8910065294936963
vn 0.5877852429542022 0 0.8090170011595983
vn 0.7071067811865476 0 0.7071067811865476
vn 0.8090170011595983 0 0.5877852429542022
vn 0.8910065294936963 0 0.45399048932725333
vn 0.9510565161477913 0 0.3090169948284817
vn 0.9876883416845447 0 0.15643445816198648
vn 1 0 6.123234262925839e-17
vn 0.9876883416845447 0 -0.15643445816198648
vn 0.9510565161477913 0 -0.3090169948284817
vn 0.8910065294936963 0 -0.45399048932725333
vn 0.8090170011595983 0 -0.5877852429542022
vn 0.7071067811865476 0 -0.7071067811865476
vn 0.5877852429542022 0 -0.8090170011595983
vn 0.45399048932725333 0 -0.8910065294936963
vn 0.3090169948284817 0 -0.9510565161477913
vn 0.15643445816198648 0 -0.9876883416845447
vn 1.2246468525851679e-16 0 -1
vn -0.15643445816198648 0 -0.9876883416845447
vn -0.3090169948284817 0 -0.9510565161477913
vn -0.45399048932725333 0 -0.8910065294936963
vn -0.5877852429542022 0 -0.8090170011595983
vn -0.7071067811865476 0 -0.7071067811865476
vn -0.8090170011595983 0 -0.5877852429542022
vn -0.8910065294936963 0 -0.45399048932725333
vn -0.9510565161477913 0 -0.3090169948284817
vn -0.9876883416845447 0 -0.15643445816198648
vn -1 0 -1.8369701465288538e-16
vn -0.9876883416845447 0 0.15643445816198648
vn -0.9510565161477913 0 0.3090169948284817
vn -0.8910065294936963 0 0.45399048932725333
vn -0.8090170011595983 0 0.5877852429542022
vn -0.7071067811865476 0 0.7071067811865476
vn -0.5877852429542022 0 0.8090170011595983
vn -0.45399048932725333 0 0.8910065294936963
vn -0.3090169948284817 0 0.9510565161477913
vn -0.15643445816198648 0 0.9876883416845447
vn -2.4492937051703357e-16 0 1
vn 0 0 1
vn 0.15643445816198648 0 0.9876883416845447
vn 0.3090169948284817 0 0.9510565161477913
vn 0.45399048932725333 0 0.8910065294936963
vn 0.5877852429542022 0 0.8090170011595983
vn 0.7071067811865476 0 0.7071067811865476
vn 0.8090170011595983 0 0.5877852429542022
vn 0.8910065294936963 0 0.45399048932725333
vn 0.9510565161477913 0 0.3090169948284817
vn 0.9876883416845447 0 0.15643445816198648
vn 1 0 6.123234262925839e-17
vn 0.9876883416845447 0 -0.15643445816198648
vn 0.9510565161477913 0 -0.3090169948284817
vn 0.8910065294936963 0 -0.45399048932725333
vn 0.8090170011595983 0 -0.5877852429542022
vn 0.7071067811865476 0 -0.7071067811865476
vn 0.5877852429542022 0 -0.8090170011595983
vn 0.45399048932725333 0 -0.8910065294936963
vn 0.3090169948284817 0 -0.9510565161477913
vn 0.15643445816198648 0 -0.9876883416845447
vn 1.2246468525851679e-16 0 -1
vn -0.15643445816198648 0 -0.9876883416845447
vn -0.3090169948284817 0 -0.9510565161477913
vn -0.45399048932725333 0 -0.8910065294936963
vn -0.5877852429542022 0 -0.8090170011595983
vn -0.7071067811865476 0 -0.7071067811865476
vn -0.8090170011595983 0 -0.5877852429542022
vn -0.8910065294936963 0 -0.45399048932725333
vn -0.9510565161477913 0 -0.3090169948284817
vn -0.9876883416845447 0 -0.15643445816198648
vn -1 0 -1.8369701465288538e-16
vn -0.9876883416845447 0 0.15643445816198648
vn -0.9510565161477913 0 0.3090169948284817
vn -0.8910065294936963 0 0.45399048932725333
vn -0.8090170011595983 0 0.5877852429542022
vn -0.7071067811865476 0 0.7071067811865476
vn -0.5877852429542022 0 0.8090170011595983
vn -0.45399048932725333 0 0.8910065294936963
vn -0.3090169948284817 0 0.9510565161477913
vn -0.15643445816198648 0 0.9876883416845447
vn -2.4492937051703357e-16 0 1
vn 0 1 0
vn 0 1 0
vn 0 1 0
vn 0 1 0
vn 0 1 0
vn 0 1 0
vn 0 1 0
vn 0 1 0
vn 0 1 0
vn 0 1 0
vn 0 1 0
vn 0 1 0
vn 0 1 0
vn 0 1 0
vn 0 1 0
vn 0 1 0
vn 0 1 0
vn 0 1 0
vn 0 1 0
vn 0 1 0
vn 0 1 0
vn 0 1 0
vn 0 1 0
vn 0 1 0
vn 0 1 0
vn 0 1 0
vn 0 1 0
vn 0 1 0
vn 0 1 0
vn 0 1 0
vn 0 1 0
vn 0 1 0
vn 0 1 0
vn 0 1 0
vn 0 1 0
vn 0 1 0
vn 0 1 0
vn 0 1 0
vn 0 1 0
vn 0 1 0
vn 0 1 0
vn 0 1 0
vn 0 1 0
vn 0 1 0
vn 0 1 0
vn 0 1 0
vn 0 1 0
vn 0 1 0
vn 0 1 0
vn 0 1 0
vn 0 1 0
vn 0 1 0
vn 0 1 0
vn 0 1 0
vn 0 1 0
vn 0 1 0
vn 0 1 0
vn 0 1 0
vn 0 1 0
vn 0 1 0
vn 0 1 0
vn 0 1 0
vn 0 1 0
vn 0 1 0
vn 0 1 0
vn 0 1 0
vn 0 1 0
vn 0 1 0
vn 0 1 0
vn 0 1 0
vn 0 1 0
vn 0 1 0
vn 0 1 0
vn 0 1 0
vn 0 1 0
vn 0 1 0
vn 0 1 0
vn 0 1 0
vn 0 1 0
vn 0 1 0
vn 0 1 0
vn 0 -1 0
vn 0 -1 0
vn 0 -1 0
vn 0 -1 0
vn 0 -1 0
vn 0 -1 0
vn 0 -1 0
vn 0 -1 0
vn 0 -1 0
vn 0 -1 0
vn 0 -1 0
vn 0 -1 0
vn 0 -1 0
vn 0 -1 0
vn 0 -1 0
vn 0 -1 0
vn 0 -1 0
vn 0 -1 0
vn 0 -1 0
vn 0 -1 0
vn 0 -1 0
vn 0 -1 0
vn 0 -1 0
vn 0 -1 0
vn 0 -1 0
vn 0 -1 0
vn 0 -1 0
vn 0 -1 0
vn 0 -1 0
vn 0 -1 0
vn 0 -1 0
vn 0 -1 0
vn 0 -1 0
vn 0 -1 0
vn 0 -1 0
vn 0 -1 0
vn 0 -1 0
vn 0 -1 0
vn 0 -1 0
vn 0 -1 0
vn 0 -1 0
vn 0 -1 0
vn 0 -1 0
vn 0 -1 0
vn 0 -1 0
vn 0 -1 0
vn 0 -1 0
vn 0 -1 0
vn 0 -1 0
vn 0 -1 0
vn 0 -1 0
vn 0 -1 0
vn 0 -1 0
vn 0 -1 0
vn 0 -1 0
vn 0 -1 0
vn 0 -1 0
vn 0 -1 0
vn 0 -1 0
vn 0 -1 0
vn 0 -1 0
vn 0 -1 0
vn 0 -1 0
vn 0 -1 0
vn 0 -1 0
vn 0 -1 0
vn 0 -1 0
vn 0 -1 0
vn 0 -1 0
vn 0 -1 0
vn 0 -1 0
vn 0 -1 0
vn 0 -1 0
vn 0 -1 0
vn 0 -1 0
vn 0 -1 0
vn 0 -1 0
vn 0 -1 0
vn 0 -1 0
vn 0 -1 0
vn 0 -1 0
f 1781/1781/1781 1822/1822/1822 1782/1782/1782
f 1822/1822/1822 1823/1823/1823 1782/1782/1782
f 1782/1782/1782 1823/1823/1823 1783/1783/1783
f 1823/1823/1823 1824/1824/1824 1783/1783/1783
f 1783/1783/1783 1824/1824/1824 1784/1784/1784
f 1824/1824/1824 1825/1825/1825 1784/1784/1784
f 1784/1784/1784 1825/1825/1825 1785/1785/1785
f 1825/1825/1825 1826/1826/1826 1785/1785/1785
f 1785/1785/1785 1826/1826/1826 1786/1786/1786
f 1826/1826/1826 1827/1827/1827 1786/1786/1786
f 1786/1786/1786 1827/1827/1827 1787/1787/1787
f 1827/1827/1827 1828/1828/1828 1787/1787/1787
f 1787/1787/1787 1828/1828/1828 1788/1788/1788
f 1828/1828/1828 1829/1829/1829 1788/1788/1788
f 1788/1788/1788 1829/1829/1829 1789/1789/1789
f 1829/1829/1829 1830/1830/1830 1789/1789/1789
f 1789/1789/1789 1830/1830/1830 1790/1790/1790
f 1830/1830/1830 1831/1831/1831 1790/1790/1790
f 1790/1790/1790 1831/1831/1831 1791/1791/1791
f 1831/1831/1831 1832/1832/1832 1791/1791/1791
f 1791/1791/1791 1832/1832/1832 1792/1792/1792
f 1832/1832/1832 1833/1833/1833 1792/1792/1792
f 1792/1792/1792 1833/1833/1833 1793/1793/1793
f 1833/1833/1833 1834/1834/1834 1793/1793/1793
f 1793/1793/1793 1834/1834/1834 1794/1794/1794
f 1834/1834/1834 1835/1835/1835 1794/1794/1794
f 1794/1794/1794 1835/1835/1835 1795/1795/1795
f 1835/1835/1835 1836/1836/1836 1795/1795/1795
f 1795/1795/1795 1836/1836/1836 1796/1796/1796
f 1836/1836/1836 1837/1837/1837 1796/1796/1796
f 1796/1796/1796 1837/1837/1837 1797/1797/1797
f 1837/1837/1837 1838/1838/1838 1797/1797/1797
f 1797/1797/1797 1838/1838/1838 1798/1798/1798
f 1838/1838/1838 1839/1839/1839 1798/1798/1798
f 1798/1798/1798 1839/1839/1839 1799/1799/1799
f 1839/1839/1839 1840/1840/1840 1799/1799/1799
f 1799/1799/1799 1840/1840/1840 1800/1800/1800
f 1840/1840/1840 1841/1841/1841 1800/1800/1800
f 1800/1800/1800 1841/1841/1841 1801/1801/1801
f 1841/1841/1841 1842/1842/1842 1801/1801/1801
f 1801/1801/1801 1842/1842/1842 1802/1802/1802
f 1842/1842/1842 1843/1843/1843 1802/1802/1802
f 1802/1802/1802 1843/1843/1843 1803/1803/1803
f 1843/1843/1843 1844/1844/1844 1803/1803/1803
f 1803/1803/1803 1844/1844/1844 1804/1804/1804
f 1844/1844/1844 1845/1845/1845 1804/1804/1804
f 1804/1804/1804 1845/1845/1845 1805/1805/1805
f 1845/1845/1845 1846/1846/1846 1805/1805/1805
f 1805/1805/1805 1846/1846/1846 1806/1806/1806
f 1846/1846/1846 1847/1847/1847 1806/1806/1806
f 1806/1806/1806 1847/1847/1847 1807/1807/1807
f 1847/1847/1847 1848/1848/1848 1807/1807/1807
f 1807/1807/1807 1848/1848/1848 1808/1808/1808
f 1848/1848/1848 1849/1849/1849 1808/1808/1808
f 1808/1808/1808 1849/1849/1849 1809/1809/1809
f 1849/1849/1849 1850/1850/1850 1809/1809/1809
f 1809/1809/1809 1850/1850/1850 1810/1810/1810
f 1850/1850/1850 1851/1851/1851 1810/1810/1810
f 1810/1810/1810 1851/1851/1851 1811/1811/1811
f 1851/1851/1851 1852/1852/1852 1811/1811/1811
f 1811/1811/1811 1852/1852/1852 1812/1812/1812
f 1852/1852/1852 1853/1853/1853 1812/1812/1812
f 1812/1812/1812 1853/1853/1853 1813/1813/1813
f 1853/1853/1853 1854/1854/1854 1813/1813/1813
f 1813/1813/1813 1854/1854/1854 1814/1814/1814
f 1854/1854/1854 1855/1855/1855 1814/1814/1814
f 1814/1814/1814 1855/1855/1855 1815/1815/1815
f 1855/1855/1855 1856/1856/1856 1815/1815/1815
f 1815/1815/1815 1856/1856/1856 1816/1816/1816
f 1856/1856/1856 1857/1857/1857 1816/1816/1816
f 1816/1816/1816 1857/1857/1857 1817/1817/1817
f 1857/1857/1857 1858/1858/1858 1817/1817/1817
f 1817/1817/1817 1858/1858/1858 1818/1818/1818
f 1858/1858/1858 1859/1859/1859 1818/1818/1818
f 1818/1818/1818 1859/1859/1859 1819/1819/1819
f 1859/1859/1859 1860/1860/1860 1819/1819/1819
f 1819/1819/1819 1860/1860/1860 1820/1820/1820
f 1860/1860/1860 1861/1861/1861 1820/1820/1820
f 1820/1820/1820 1861/1861/1861 1821/1821/1821
f 1861/1861/1861 1862/1862/1862 1821/1821/1821
f 1903/1903/1903 1904/1904/1904 1863/1863/1863
f 1904/1904/1904 1905/1905/1905 1864/1864/1864
f 1905/1905/1905 1906/1906/1906 1865/1865/1865
f 1906/1906/1906 1907/1907/1907 1866/1866/1866
f 1907/1907/1907 1908/1908/1908 1867/1867/1867
f 1908/1908/1908 1909/1909/1909 1868/1868/1868
f 1909/1909/1909 1910/1910/1910 1869/1869/1869
f 1910/1910/1910 1911/1911/1911 1870/1870/1870
f 1911/1911/1911 1912/1912/1912 1871/1871/1871
f 1912/1912/1912 1913/1913/1913 1872/1872/1872
f 1913/1913/1913 1914/1914/1914 1873/1873/1873
f 1914/1914/1914 1915/1915/1915 1874/1874/1874
f 1915/1915/1915 1916/1916/1916 1875/1875/1875
f 1916/1916/1916 1917/1917/1917 1876/1876/1876
f 1917/1917/1917 1918/1918/1918 1877/1877/1877
f 1918/1918/1918 1919/1919/1919 1878/1878/1878
f 1919/1919/1919 1920/1920/1920 1879/1879/1879
f 1920/1920/1920 1921/1921/1921 1880/1880/1880
f 1921/1921/1921 1922/1922/1922 1881/1881/1881
f 1922/1922/1922 1923/1923/1923 1882/1882/1882
f 1923/1923/1923 1924/1924/1924 1883/1883/1883
f 1924/1924/1924 1925/1925/1925 1884/1884/1884
f 1925/1925/1925 1926/1926/1926 1885/1885/1885
f 1926/1926/1926 1927/1927/1927 1886/1886/1886
f 1927/1927/1927 1928/1928/1928 1887/1887/1887
f 1928/1928/1928 1929/1929/1929 1888/1888/1888
f 1929/1929/1929 1930/1930/1930 1889/1889/1889
f 1930/1930/1930 1931/1931/1931 1890/1890/1890
f 1931/1931/1931 1932/1932/1932 1891/1891/1891
f 1932/1932/1932 1933/1933/1933 1892/1892/1892
f 1933/1933/1933 1934/1934/1934 1893/1893/1893
f 1934/1934/1934 1935/1935/1935 1894/1894/1894
f 1935/1935/1935 1936/1936/1936 1895/1895/1895
f 1936/1936/1936 1937/1937/1937 1896/1896/1896
f 1937/1937/1937 1938/1938/1938 1897/1897/1897
f 1938/1938/1938 1939/1939/1939 1898/1898/1898
f 1939/1939/1939 1940/1940/1940 1899/1899/1899
f 1940/1940/1940 1941/1941/1941 1900/1900/1900
f 1941/1941/1941 1942/1942/1942 1901/1901/1901
f 1942/1942/1942 1943/1943/1943 1902/1902/1902
f 1985/1985/1985 1984/1984/1984 1944/1944/1944
f 1986/1986/1986 1985/1985/1985 1945/1945/1945
f 1987/1987/1987 1986/1986/1986 1946/1946/1946
f 1988/1988/1988 1987/1987/1987 1947/1947/1947
f 1989/1989/1989 1988/1988/1988 1948/1948/1948
f 1990/1990/1990 1989/1989/1989 1949/1949/1949
f 1991/1991/1991 1990/1990/1990 1950/1950/1950
f 1992/1992/1992 1991/1991/1991 1951/1951/1951
f 1993/1993/1993 1992/1992/1992 1952/1952/1952
f 1994/1994/1994 1993/1993/1993 1953/1953/1953
f 1995/1995/1995 1994/1994/1994 1954/1954/1954
f 1996/1996/1996 1995/1995/1995 1955/1955/1955
f 1997/1997/1997 1996/1996/1996 1956/1956/1956
f 1998/1998/1998 1997/1997/1997 1957/1957/1957
f 1999/1999/1999 1998/1998/1998 1958/1958/1958
f 2000/2000/2000 1999/1999/1999 1959/1959/1959
f 2001/2001/2001 2000/2000/2000 1960/1960/1960
f 2002/2002/2002 2001/2001/2001 1961/1961/1961
f 2003/2003/2003 2002/2002/2002 1962/1962/1962
f 2004/2004/2004 2003/2003/2003 1963/1963/1963
f 2005/2005/2005 2004/2004/2004 1964/1964/1964
f 2006/2006/2006 2005/2005/2005 1965/1965/1965
f 2007/2007/2007 2006/2006/2006 1966/1966/1966
f 2008/2008/2008 2007/2007/2007 1967/1967/1967
f 2009/2009/2009 2008/2008/2008 1968/1968/1968
f 2010/2010/2010 2009/2009/2009 1969/1969/1969
f 2011/2011/2011 2010/2010/2010 1970/1970/1970
f 2012/2012/2012 2011/2011/2011 1971/1971/1971
f 2013/2013/2013 2012/2012/2012 1972/1972/1972
f 2014/2014/2014 2013/2013/2013 1973/1973/1973
f 2015/2015/2015 2014/2014/2014 1974/1974/1974
f 2016/2016/2016 2015/2015/2015 1975/1975/1975
f 2017/2017/2017 2016/2016/2016 1976/1976/1976
f 2018/2018/2018 2017/2017/2017 1977/1977/1977
f 2019/2019/2019 2018/2018/2018 1978/1978/1978
f 2020/2020/2020 2019/2019/2019 1979/1979/1979
f 2021/2021/2021 2020/2020/2020 1980/1980/1980
f 2022/2022/2022 2021/2021/2021 1981/1981/1981
f 2023/2023/2023 2022/2022/2022 1982/1982/1982
f 2024/2024/2024 2023/2023/2023 1983/1983/1983
o column_plaque_3
usemtl maroon_sign
v 2.4099999934434893 2.925000006705522 12.500000048056245
v 2.4099999934434893 2.925000006705522 12.450000047311187
v 2.4099999934434893 2.3749999947845932 12.500000048056245
v 2.4099999934434893 2.3749999947845932 12.450000047311187
v 1.990000006556511 2.925000006705522 12.450000047311187
v 1.990000006556511 2.925000006705522 12.500000048056245
v 1.990000006556511 2.3749999947845932 12.450000047311187
v 1.990000006556511 2.3749999947845932 12.500000048056245
v 1.990000006556511 2.925000006705522 12.450000047311187
v 2.4099999934434893 2.925000006705522 12.450000047311187
v 1.990000006556511 2.925000006705522 12.500000048056245
v 2.4099999934434893 2.925000006705522 12.500000048056245
v 1.990000006556511 2.3749999947845932 12.500000048056245
v 2.4099999934434893 2.3749999947845932 12.500000048056245
v 1.990000006556511 2.3749999947845932 12.450000047311187
v 2.4099999934434893 2.3749999947845932 12.450000047311187
v 1.990000006556511 2.925000006705522 12.500000048056245
v 2.4099999934434893 2.925000006705522 12.500000048056245
v 1.990000006556511 2.3749999947845932 12.500000048056245
v 2.4099999934434893 2.3749999947845932 12.500000048056245
v 2.4099999934434893 2.925000006705522 12.450000047311187
v 1.990000006556511 2.925000006705522 12.450000047311187
v 2.4099999934434893 2.3749999947845932 12.450000047311187
v 1.990000006556511 2.3749999947845932 12.450000047311187
vt 0 1
vt 1 1
vt 0 0
vt 1 0
vt 0 1
vt 1 1
vt 0 0
vt 1 0
vt 0 1
vt 1 1
vt 0 0
vt 1 0
vt 0 1
vt 1 1
vt 0 0
vt 1 0
vt 0 1
vt 1 1
vt 0 0
vt 1 0
vt 0 1
vt 1 1
vt 0 0
vt 1 0
vn 1 0 0
vn 1 0 0
vn 1 0 0
vn 1 0 0
vn -1 0 0
vn -1 0 0
vn -1 0 0
vn -1 0 0
vn 0 1 0
vn 0 1 0
vn 0 1 0
vn 0 1 0
vn 0 -1 0
vn 0 -1 0
vn 0 -1 0
vn 0 -1 0
vn 0 0 1
vn 0 0 1
vn 0 0 1
vn 0 0 1
vn 0 0 -1
vn 0 0 -1
vn 0 0 -1
vn 0 0 -1
f 2025/2025/2025 2027/2027/2027 2026/2026/2026
f 2027/2027/2027 2028/2028/2028 2026/2026/2026
f 2029/2029/2029 2031/2031/2031 2030/2030/2030
f 2031/2031/2031 2032/2032/2032 2030/2030/2030
f 2033/2033/2033 2035/2035/2035 2034/2034/2034
f 2035/2035/2035 2036/2036/2036 2034/2034/2034
f 2037/2037/2037 2039/2039/2039 2038/2038/2038
f 2039/2039/2039 2040/2040/2040 2038/2038/2038
f 2041/2041/2041 2043/2043/2043 2042/2042/2042
f 2043/2043/2043 2044/2044/2044 2042/2042/2042
f 2045/2045/2045 2047/2047/2047 2046/2046/2046
f 2047/2047/2047 2048/2048/2048 2046/2046/2046
o entry_column_4
usemtl column_white
v 8 3.8000000245869163 12.465000051259995
v 8.05318771675229 3.8000000245869163 12.460814076662064
v 8.105065777897835 3.8000000245869163 12.448359268903733
v 8.154356762766838 3.8000000245869163 12.427942264080048
v 8.199846982955933 3.8000000245869163 12.40006582736969
v 8.240416303277016 3.8000000245869163 12.365416350960732
v 8.275065779685974 3.8000000245869163 12.32484703063965
v 8.302942216396332 3.8000000245869163 12.279356810450555
v 8.323359221220016 3.8000000245869163 12.230065825581551
v 8.335814028978348 3.8000000245869163 12.178187764436007
v 8.340000003576279 3.8000000245869163 12.125000047683717
v 8.335814028978348 3.8000000245869163 12.071812330931426
v 8.323359221220016 3.8000000245869163 12.019934269785882
v 8.302942216396332 3.8000000245869163 11.970643284916878
v 8.275065779685974 3.8000000245869163 11.925153064727784
v 8.240416303277016 3.8000000245869163 11.8845837444067
v 8.199846982955933 3.8000000245869163 11.849934267997742
v 8.154356762766838 3.8000000245869163 11.822057831287385
v 8.105065777897835 3.8000000245869163 11.8016408264637
v 8.05318771675229 3.8000000245869163 11.789186018705369
v 8 3.8000000245869163 11.785000044107438
v 7.946812283247709 3.8000000245869163 11.789186018705369
v 7.894934222102165 3.8000000245869163 11.8016408264637
v 7.845643237233162 3.8000000245869163 11.822057831287385
v 7.800153017044067 3.8000000245869163 11.849934267997742
v 7.759583696722984 3.8000000245869163 11.8845837444067
v 7.724934220314026 3.8000000245869163 11.925153064727784
v 7.697057783603668 3.8000000245869163 11.970643284916878
v 7.6766407787799835 3.8000000245869163 12.019934269785882
v 7.664185971021652 3.8000000245869163 12.071812330931426
v 7.659999996423721 3.8000000245869163 12.125000047683717
v 7.664185971021652 3.8000000245869163 12.178187764436007
v 7.6766407787799835 3.8000000245869163 12.230065825581551
v 7.697057783603668 3.8000000245869163 12.279356810450555
v 7.724934220314026 3.8000000245869163 12.32484703063965
v 7.759583696722984 3.8000000245869163 12.365416350960732
v 7.800153017044067 3.8000000245869163 12.40006582736969
v 7.845643237233162 3.8000000245869163 12.427942264080048
v 7.894934222102165 3.8000000245869163 12.448359268903733
v 7.946812283247709 3.8000000245869163 12.460814076662064
v 8 3.8000000245869163 12.465000051259995
v 8 0.09999997690320028 12.465000051259995
v 8.05318771675229 0.09999997690320028 12.460814076662064
v 8.105065777897835 0.09999997690320028 12.448359268903733
v 8.154356762766838 0.09999997690320028 12.427942264080048
v 8.199846982955933 0.09999997690320028 12.40006582736969
v 8.240416303277016 0.09999997690320028 12.365416350960732
v 8.275065779685974 0.09999997690320028 12.32484703063965
v 8.302942216396332 0.09999997690320028 12.279356810450555
v 8.323359221220016 0.09999997690320028 12.230065825581551
v 8.335814028978348 0.09999997690320028 12.178187764436007
v 8.340000003576279 0.09999997690320028 12.125000047683717
v 8.335814028978348 0.09999997690320028 12.071812330931426
v 8.323359221220016 0.09999997690320028 12.019934269785882
v 8.302942216396332 0.09999997690320028 11.970643284916878
v 8.275065779685974 0.09999997690320028 11.925153064727784
v 8.240416303277016 0.09999997690320028 11.8845837444067
v 8.199846982955933 0.09999997690320028 11.849934267997742
v 8.154356762766838 0.09999997690320028 11.822057831287385
v 8.105065777897835 0.09999997690320028 11.8016408264637
v 8.05318771675229 0.09999997690320028 11.789186018705369
v 8 0.09999997690320028 11.785000044107438
v 7.946812283247709 0.09999997690320028 11.789186018705369
v 7.894934222102165 0.09999997690320028 11.8016408264637
v 7.845643237233162 0.09999997690320028 11.822057831287385
v 7.800153017044067 0.09999997690320028 11.849934267997742
v 7.759583696722984 0.09999997690320028 11.8845837444067
v 7.724934220314026 0.09999997690320028 11.925153064727784
v 7.697057783603668 0.09999997690320028 11.970643284916878
v 7.6766407787799835 0.09999997690320028 12.019934269785882
v 7.664185971021652 0.09999997690320028 12.071812330931426
v 7.659999996423721 0.09999997690320028 12.125000047683717
v 7.664185971021652 0.09999997690320028 12.178187764436007
v 7.6766407787799835 0.09999997690320028 12.230065825581551
v 7.697057783603668 0.09999997690320028 12.279356810450555
v 7.724934220314026 0.09999997690320028 12.32484703063965
v 7.759583696722984 0.09999997690320028 12.365416350960732
v 7.800153017044067 0.09999997690320028 12.40006582736969
v 7.845643237233162 0.09999997690320028 12.427942264080048
v 7.894934222102165 0.09999997690320028 12.448359268903733
v 7.946812283247709 0.09999997690320028 12.460814076662064
v 8 0.09999997690320028 12.465000051259995
v 8 3.8000000245869163 12.125000047683717
v 8 3.8000000245869163 12.125000047683717
v 8 3.8000000245869163 12.125000047683717
v 8 3.8000000245869163 12.125000047683717
v 8 3.8000000245869163 12.125000047683717
v 8 3.8000000245869163 12.125000047683717
v 8 3.8000000245869163 12.125000047683717
v 8 3.8000000245869163 12.125000047683717
v 8 3.8000000245869163 12.125000047683717
v 8 3.8000000245869163 12.125000047683717
v 8 3.8000000245869163 12.125000047683717
v 8 3.8000000245869163 12.125000047683717
v 8 3.8000000245869163 12.125000047683717
v 8 3.8000000245869163 12.125000047683717
v 8 3.8000000245869163 12.125000047683717
v 8 3.8000000245869163 12.125000047683717
v 8 3.8000000245869163 12.125000047683717
v 8 3.8000000245869163 12.125000047683717
v 8 3.8000000245869163 12.125000047683717
v 8 3.8000000245869163 12.125000047683717
v 8 3.8000000245869163 12.125000047683717
v 8 3.8000000245869163 12.125000047683717
v 8 3.8000000245869163 12.125000047683717
v 8 3.8000000245869163 12.125000047683717
v 8 3.8000000245869163 12.125000047683717
v 8 3.8000000245869163 12.125000047683717
v 8 3.8000000245869163 12.125000047683717
v 8 3.8000000245869163 12.125000047683717
v 8 3.8000000245869163 12.125000047683717
v 8 3.8000000245869163 12.125000047683717
v 8 3.8000000245869163 12.125000047683717
v 8 3.8000000245869163 12.125000047683717
v 8 3.8000000245869163 12.125000047683717
v 8 3.8000000245869163 12.125000047683717
v 8 3.8000000245869163 12.125000047683717
v 8 3.8000000245869163 12.125000047683717
v 8 3.8000000245869163 12.125000047683717
v 8 3.8000000245869163 12.125000047683717
v 8 3.8000000245869163 12.125000047683717
v 8 3.8000000245869163 12.125000047683717
v 8 3.8000000245869163 12.465000051259995
v 8.05318771675229 3.8000000245869163 12.460814076662064
v 8.105065777897835 3.8000000245869163 12.448359268903733
v 8.154356762766838 3.8000000245869163 12.427942264080048
v 8.199846982955933 3.8000000245869163 12.40006582736969
v 8.240416303277016 3.8000000245869163 12.365416350960732
v 8.275065779685974 3.8000000245869163 12.32484703063965
v 8.302942216396332 3.8000000245869163 12.279356810450555
v 8.323359221220016 3.8000000245869163 12.230065825581551
v 8.335814028978348 3.8000000245869163 12.178187764436007
v 8.340000003576279 3.8000000245869163 12.125000047683717
v 8.335814028978348 3.8000000245869163 12.071812330931426
v 8.323359221220016 3.8000000245869163 12.019934269785882
v 8.302942216396332 3.8000000245869163 11.970643284916878
v 8.275065779685974 3.8000000245869163 11.925153064727784
v 8.240416303277016 3.8000000245869163 11.8845837444067
v 8.199846982955933 3.8000000245869163 11.849934267997742
v 8.154356762766838 3.8000000245869163 11.822057831287385
v 8.105065777897835 3.8000000245869163 11.8016408264637
v 8.05318771675229 3.8000000245869163 11.789186018705369
v 8 3.8000000245869163 11.785000044107438
v 7.946812283247709 3.8000000245869163 11.789186018705369
v 7.894934222102165 3.8000000245869163 11.8016408264637
v 7.845643237233162 3.8000000245869163 11.822057831287385
v 7.800153017044067 3.8000000245869163 11.849934267997742
v 7.759583696722984 3.8000000245869163 11.8845837444067
v 7.724934220314026 3.8000000245869163 11.925153064727784
v 7.697057783603668 3.8000000245869163 11.970643284916878
v 7.6766407787799835 3.8000000245869163 12.019934269785882
v 7.664185971021652 3.8000000245869163 12.071812330931426
v 7.659999996423721 3.8000000245869163 12.125000047683717
v 7.664185971021652 3.8000000245869163 12.178187764436007
v 7.6766407787799835 3.8000000245869163 12.230065825581551
v 7.697057783603668 3.8000000245869163 12.279356810450555
v 7.724934220314026 3.8000000245869163 12.32484703063965
v 7.759583696722984 3.8000000245869163 12.365416350960732
v 7.800153017044067 3.8000000245869163 12.40006582736969
v 7.845643237233162 3.8000000245869163 12.427942264080048
v 7.894934222102165 3.8000000245869163 12.448359268903733
v 7.946812283247709 3.8000000245869163 12.460814076662064
v 8 3.8000000245869163 12.465000051259995
v 8 0.09999997690320028 12.125000047683717
v 8 0.09999997690320028 12.125000047683717
v 8 0.09999997690320028 12.125000047683717
v 8 0.09999997690320028 12.125000047683717
v 8 0.09999997690320028 12.125000047683717
v 8 0.09999997690320028 12.125000047683717
v 8 0.09999997690320028 12.125000047683717
v 8 0.09999997690320028 12.125000047683717
v 8 0.09999997690320028 12.125000047683717
v 8 0.09999997690320028 12.125000047683717
v 8 0.09999997690320028 12.125000047683717
v 8 0.09999997690320028 12.125000047683717
v 8 0.09999997690320028 12.125000047683717
v 8 0.09999997690320028 12.125000047683717
v 8 0.09999997690320028 12.125000047683717
v 8 0.09999997690320028 12.125000047683717
v 8 0.09999997690320028 12.125000047683717
v 8 0.09999997690320028 12.125000047683717
v 8 0.09999997690320028 12.125000047683717
v 8 0.09999997690320028 12.125000047683717
v 8 0.09999997690320028 12.125000047683717
v 8 0.09999997690320028 12.125000047683717
v 8 0.09999997690320028 12.125000047683717
v 8 0.09999997690320028 12.125000047683717
v 8 0.09999997690320028 12.125000047683717
v 8 0.09999997690320028 12.125000047683717
v 8 0.09999997690320028 12.125000047683717
v 8 0.09999997690320028 12.125000047683717
v 8 0.09999997690320028 12.125000047683717
v 8 0.09999997690320028 12.125000047683717
v 8 0.09999997690320028 12.125000047683717
v 8 0.09999997690320028 12.125000047683717
v 8 0.09999997690320028 12.125000047683717
v 8 0.09999997690320028 12.125000047683717
v 8 0.09999997690320028 12.125000047683717
v 8 0.09999997690320028 12.125000047683717
v 8 0.09999997690320028 12.125000047683717
v 8 0.09999997690320028 12.125000047683717
v 8 0.09999997690320028 12.125000047683717
v 8 0.09999997690320028 12.125000047683717
v 8 0.09999997690320028 12.465000051259995
v 8.05318771675229 0.09999997690320028 12.460814076662064
v 8.105065777897835 0.09999997690320028 12.448359268903733
v 8.154356762766838 0.09999997690320028 12.427942264080048
v 8.199846982955933 0.09999997690320028 12.40006582736969
v 8.240416303277016 0.09999997690320028 12.365416350960732
v 8.275065779685974 0.09999997690320028 12.32484703063965
v 8.302942216396332 0.09999997690320028 12.279356810450555
v 8.323359221220016 0.09999997690320028 12.230065825581551
v 8.335814028978348 0.09999997690320028 12.178187764436007
v 8.340000003576279 0.09999997690320028 12.125000047683717
v 8.335814028978348 0.09999997690320028 12.071812330931426
v 8.323359221220016 0.09999997690320028 12.019934269785882
v 8.302942216396332 0.09999997690320028 11.970643284916878
v 8.275065779685974 0.09999997690320028 11.925153064727784
v 8.240416303277016 0.09999997690320028 11.8845837444067
v 8.199846982955933 0.09999997690320028 11.849934267997742
v 8.154356762766838 0.09999997690320028 11.822057831287385
v 8.105065777897835 0.09999997690320028 11.8016408264637
v 8.05318771675229 0.09999997690320028 11.789186018705369
v 8 0.09999997690320028 11.785000044107438
v 7.946812283247709 0.09999997690320028 11.789186018705369
v 7.894934222102165 0.09999997690320028 11.8016408264637
v 7.845643237233162 0.09999997690320028 11.822057831287385
v 7.800153017044067 0.09999997690320028 11.849934267997742
v 7.759583696722984 0.09999997690320028 11.8845837444067
v 7.724934220314026 0.09999997690320028 11.925153064727784
v 7.697057783603668 0.09999997690320028 11.970643284916878
v 7.6766407787799835 0.09999997690320028 12.019934269785882
v 7.664185971021652 0.09999997690320028 12.071812330931426
v 7.659999996423721 0.09999997690320028 12.125000047683717
v 7.664185971021652 0.09999997690320028 12.178187764436007
v 7.6766407787799835 0.09999997690320028 12.230065825581551
v 7.697057783603668 0.09999997690320028 12.279356810450555
v 7.724934220314026 0.09999997690320028 12.32484703063965
v 7.759583696722984 0.09999997690320028 12.365416350960732
v 7.800153017044067 0.09999997690320028 12.40006582736969
v 7.845643237233162 0.09999997690320028 12.427942264080048
v 7.894934222102165 0.09999997690320028 12.448359268903733
v 7.946812283247709 0.09999997690320028 12.460814076662064
v 8 0.09999997690320028 12.465000051259995
vt 0 1
vt 0.02500000037252903 1
vt 0.05000000074505806 1
vt 0.07500000298023224 1
vt 0.10000000149011612 1
vt 0.125 1
vt 0.15000000596046448 1
vt 0.17499999701976776 1
vt 0.20000000298023224 1
vt 0.22499999403953552 1
vt 0.25 1
vt 0.2750000059604645 1
vt 0.30000001192092896 1
vt 0.32499998807907104 1
vt 0.3499999940395355 1
vt 0.375 1
vt 0.4000000059604645 1
vt 0.42500001192092896 1
vt 0.44999998807907104 1
vt 0.4749999940395355 1
vt 0.5 1
vt 0.5249999761581421 1
vt 0.550000011920929 1
vt 0.574999988079071 1
vt 0.6000000238418579 1
vt 0.625 1
vt 0.6499999761581421 1
vt 0.675000011920929 1
vt 0.699999988079071 1
vt 0.7250000238418579 1
vt 0.75 1
vt 0.7749999761581421 1
vt 0.800000011920929 1
vt 0.824999988079071 1
vt 0.8500000238418579 1
vt 0.875 1
vt 0.8999999761581421 1
vt 0.925000011920929 1
vt 0.949999988079071 1
vt 0.9750000238418579 1
vt 1 1
vt 0 0
vt 0.02500000037252903 0
vt 0.05000000074505806 0
vt 0.07500000298023224 0
vt 0.10000000149011612 0
vt 0.125 0
vt 0.15000000596046448 0
vt 0.17499999701976776 0
vt 0.20000000298023224 0
vt 0.22499999403953552 0
vt 0.25 0
vt 0.2750000059604645 0
vt 0.30000001192092896 0
vt 0.32499998807907104 0
vt 0.3499999940395355 0
vt 0.375 0
vt 0.4000000059604645 0
vt 0.42500001192092896 0
vt 0.44999998807907104 0
vt 0.4749999940395355 0
vt 0.5 0
vt 0.5249999761581421 0
vt 0.550000011920929 0
vt 0.574999988079071 0
vt 0.6000000238418579 0
vt 0.625 0
vt 0.6499999761581421 0
vt 0.675000011920929 0
vt 0.699999988079071 0
vt 0.7250000238418579 0
vt 0.75 0
vt 0.7749999761581421 0
vt 0.800000011920929 0
vt 0.824999988079071 0
vt 0.8500000238418579 0
vt 0.875 0
vt 0.8999999761581421 0
vt 0.925000011920929 0
vt 0.949999988079071 0
vt 0.9750000238418579 0
vt 1 0
vt 0.5 0.5
vt 0.5 0.5
vt 0.5 0.5
vt 0.5 0.5
vt 0.5 0.5
vt 0.5 0.5
vt 0.5 0.5
vt 0.5 0.5
vt 0.5 0.5
vt 0.5 0.5
vt 0.5 0.5
vt 0.5 0.5
vt 0.5 0.5
vt 0.5 0.5
vt 0.5 0.5
vt 0.5 0.5
vt 0.5 0.5
vt 0.5 0.5
vt 0.5 0.5
vt 0.5 0.5
vt 0.5 0.5
vt 0.5 0.5
vt 0.5 0.5
vt 0.5 0.5
vt 0.5 0.5
vt 0.5 0.5
vt 0.5 0.5
vt 0.5 0.5
vt 0.5 0.5
vt 0.5 0.5
vt 0.5 0.5
vt 0.5 0.5
vt 0.5 0.5
vt 0.5 0.5
vt 0.5 0.5
vt 0.5 0.5
vt 0.5 0.5
vt 0.5 0.5
vt 0.5 0.5
vt 0.5 0.5
vt 1 0.5
vt 0.9938441514968872 0.5782172083854675
vt 0.9755282402038574 0.6545084714889526
vt 0.9455032348632812 0.7269952297210693
vt 0.9045084714889526 0.7938926219940186
vt 0.8535534143447876 0.8535534143447876
vt 0.7938926219940186 0.9045084714889526
vt 0.7269952297210693 0.9455032348632812
vt 0.6545084714889526 0.9755282402038574
vt 0.5782172083854675 0.9938441514968872
vt 0.5 1
vt 0.4217827618122101 0.9938441514968872
vt 0.345491498708725 0.9755282402038574
vt 0.2730047404766083 0.9455032348632812
vt 0.20610737800598145 0.9045084714889526
vt 0.1464466154575348 0.8535534143447876
vt 0.09549150615930557 0.7938926219940186
vt 0.05449673905968666 0.7269952297210693
vt 0.024471741169691086 0.6545084714889526
vt 0.006155829876661301 0.5782172083854675
vt 0 0.5
vt 0.006155829876661301 0.4217827618122101
vt 0.024471741169691086 0.345491498708725
vt 0.05449673905968666 0.2730047404766083
vt 0.09549150615930557 0.20610737800598145
vt 0.1464466154575348 0.1464466154575348
vt 0.20610737800598145 0.09549150615930557
vt 0.2730047404766083 0.05449673905968666
vt 0.345491498708725 0.024471741169691086
vt 0.4217827618122101 0.006155829876661301
vt 0.5 0
vt 0.5782172083854675 0.006155829876661301
vt 0.6545084714889526 0.024471741169691086
vt 0.7269952297210693 0.05449673905968666
vt 0.7938926219940186 0.09549150615930557
vt 0.8535534143447876 0.1464466154575348
vt 0.9045084714889526 0.20610737800598145
vt 0.9455032348632812 0.2730047404766083
vt 0.9755282402038574 0.345491498708725
vt 0.9938441514968872 0.4217827618122101
vt 1 0.5
vt 0.5 0.5
vt 0.5 0.5
vt 0.5 0.5
vt 0.5 0.5
vt 0.5 0.5
vt 0.5 0.5
vt 0.5 0.5
vt 0.5 0.5
vt 0.5 0.5
vt 0.5 0.5
vt 0.5 0.5
vt 0.5 0.5
vt 0.5 0.5
vt 0.5 0.5
vt 0.5 0.5
vt 0.5 0.5
vt 0.5 0.5
vt 0.5 0.5
vt 0.5 0.5
vt 0.5 0.5
vt 0.5 0.5
vt 0.5 0.5
vt 0.5 0.5
vt 0.5 0.5
vt 0.5 0.5
vt 0.5 0.5
vt 0.5 0.5
vt 0.5 0.5
vt 0.5 0.5
vt 0.5 0.5
vt 0.5 0.5
vt 0.5 0.5
vt 0.5 0.5
vt 0.5 0.5
vt 0.5 0.5
vt 0.5 0.5
vt 0.5 0.5
vt 0.5 0.5
vt 0.5 0.5
vt 0.5 0.5
vt 1 0.5
vt 0.9938441514968872 0.4217827618122101
vt 0.9755282402038574 0.345491498708725
vt 0.9455032348632812 0.2730047404766083
vt 0.9045084714889526 0.20610737800598145
vt 0.8535534143447876 0.1464466154575348
vt 0.7938926219940186 0.09549150615930557
vt 0.7269952297210693 0.05449673905968666
vt 0.6545084714889526 0.024471741169691086
vt 0.5782172083854675 0.006155829876661301
vt 0.5 0
vt 0.4217827618122101 0.006155829876661301
vt 0.345491498708725 0.024471741169691086
vt 0.2730047404766083 0.05449673905968666
vt 0.20610737800598145 0.09549150615930557
vt 0.1464466154575348 0.1464466154575348
vt 0.09549150615930557 0.20610737800598145
vt 0.05449673905968666 0.2730047404766083
vt 0.024471741169691086 0.345491498708725
vt 0.006155829876661301 0.4217827618122101
vt 0 0.5
vt 0.006155829876661301 0.5782172083854675
vt 0.024471741169691086 0.6545084714889526
vt 0.05449673905968666 0.7269952297210693
vt 0.09549150615930557 0.7938926219940186
vt 0.1464466154575348 0.8535534143447876
vt 0.20610737800598145 0.9045084714889526
vt 0.2730047404766083 0.9455032348632812
vt 0.345491498708725 0.9755282402038574
vt 0.4217827618122101 0.9938441514968872
vt 0.5 1
vt 0.5782172083854675 0.9938441514968872
vt 0.6545084714889526 0.9755282402038574
vt 0.7269952297210693 0.9455032348632812
vt 0.7938926219940186 0.9045084714889526
vt 0.8535534143447876 0.8535534143447876
vt 0.9045084714889526 0.7938926219940186
vt 0.9455032348632812 0.7269952297210693
vt 0.9755282402038574 0.6545084714889526
vt 0.9938441514968872 0.5782172083854675
vt 1 0.5
vn 0 0 1
vn 0.15643445816198648 0 0.9876883416845447
vn 0.3090169948284817 0 0.9510565161477913
vn 0.45399048932725333 0 0.8910065294936963
vn 0.5877852429542022 0 0.8090170011595983
vn 0.7071067811865476 0 0.7071067811865476
vn 0.8090170011595983 0 0.5877852429542022
vn 0.8910065294936963 0 0.45399048932725333
vn 0.9510565161477913 0 0.3090169948284817
vn 0.9876883416845447 0 0.15643445816198648
vn 1 0 6.123234262925839e-17
vn 0.9876883416845447 0 -0.15643445816198648
vn 0.9510565161477913 0 -0.3090169948284817
vn 0.8910065294936963 0 -0.45399048932725333
vn 0.8090170011595983 0 -0.5877852429542022
vn 0.7071067811865476 0 -0.7071067811865476
vn 0.5877852429542022 0 -0.8090170011595983
vn 0.45399048932725333 0 -0.8910065294936963
vn 0.3090169948284817 0 -0.9510565161477913
vn 0.15643445816198648 0 -0.9876883416845447
vn 1.2246468525851679e-16 0 -1
vn -0.15643445816198648 0 -0.9876883416845447
vn -0.3090169948284817 0 -0.9510565161477913
vn -0.45399048932725333 0 -0.8910065294936963
vn -0.5877852429542022 0 -0.8090170011595983
vn -0.7071067811865476 0 -0.7071067811865476
vn -0.8090170011595983 0 -0.5877852429542022
vn -0.8910065294936963 0 -0.45399048932725333
vn -0.9510565161477913 0 -0.3090169948284817
vn -0.9876883416845447 0 -0.15643445816198648
vn -1 0 -1.8369701465288538e-16
vn -0.9876883416845447 0 0.15643445816198648
vn -0.9510565161477913 0 0.3090169948284817
vn -0.8910065294936963 0 0.45399048932725333
vn -0.8090170011595983 0 0.5877852429542022
vn -0.7071067811865476 0 0.7071067811865476
vn -0.5877852429542022 0 0.8090170011595983
vn -0.45399048932725333 0 0.8910065294936963
vn -0.3090169948284817 0 0.9510565161477913
vn -0.15643445816198648 0 0.9876883416845447
vn -2.4492937051703357e-16 0 1
vn 0 0 1
vn 0.15643445816198648 0 0.9876883416845447
vn 0.3090169948284817 0 0.9510565161477913
vn 0.45399048932725333 0 0.8910065294936963
vn 0.5877852429542022 0 0.8090170011595983
vn 0.7071067811865476 0 0.7071067811865476
vn 0.8090170011595983 0 0.5877852429542022
vn 0.8910065294936963 0 0.45399048932725333
vn 0.9510565161477913 0 0.3090169948284817
vn 0.9876883416845447 0 0.15643445816198648
vn 1 0 6.123234262925839e-17
vn 0.9876883416845447 0 -0.15643445816198648
vn 0.9510565161477913 0 -0.3090169948284817
vn 0.8910065294936963 0 -0.45399048932725333
vn 0.8090170011595983 0 -0.5877852429542022
vn 0.7071067811865476 0 -0.7071067811865476
vn 0.5877852429542022 0 -0.8090170011595983
vn 0.45399048932725333 0 -0.8910065294936963
vn 0.3090169948284817 0 -0.9510565161477913
vn 0.15643445816198648 0 -0.9876883416845447
vn 1.2246468525851679e-16 0 -1
vn -0.15643445816198648 0 -0.9876883416845447
vn -0.3090169948284817 0 -0.9510565161477913
vn -0.45399048932725333 0 -0.8910065294936963
vn -0.5877852429542022 0 -0.8090170011595983
vn -0.7071067811865476 0 -0.7071067811865476
vn -0.8090170011595983 0 -0.5877852429542022
vn -0.8910065294936963 0 -0.45399048932725333
vn -0.9510565161477913 0 -0.3090169948284817
vn -0.9876883416845447 0 -0.15643445816198648
vn -1 0 -1.8369701465288538e-16
vn -0.9876883416845447 0 0.15643445816198648
vn -0.9510565161477913 0 0.3090169948284817
vn -0.8910065294936963 0 0.45399048932725333
vn -0.8090170011595983 0 0.5877852429542022
vn -0.7071067811865476 0 0.7071067811865476
vn -0.5877852429542022 0 0.8090170011595983
vn -0.45399048932725333 0 0.8910065294936963
vn -0.3090169948284817 0 0.9510565161477913
vn -0.15643445816198648 0 0.9876883416845447
vn -2.4492937051703357e-16 0 1
vn 0 1 0
vn 0 1 0
vn 0 1 0
vn 0 1 0
vn 0 1 0
vn 0 1 0
vn 0 1 0
vn 0 1 0
vn 0 1 0
vn 0 1 0
vn 0 1 0
vn 0 1 0
vn 0 1 0
vn 0 1 0
vn 0 1 0
vn 0 1 0
vn 0 1 0
vn 0 1 0
vn 0 1 0
vn 0 1 0
vn 0 1 0
vn 0 1 0
vn 0 1 0
vn 0 1 0
vn 0 1 0
vn 0 1 0
vn 0 1 0
vn 0 1 0
vn 0 1 0
vn 0 1 0
vn 0 1 0
vn 0 1 0
vn 0 1 0
vn 0 1 0
vn 0 1 0
vn 0 1 0
vn 0 1 0
vn 0 1 0
vn 0 1 0
vn 0 1 0
vn 0 1 0
vn 0 1 0
vn 0 1 0
vn 0 1 0
vn 0 1 0
vn 0 1 0
vn 0 1 0
vn 0 1 0
vn 0 1 0
vn 0 1 0
vn 0 1 0
vn 0 1 0
vn 0 1 0
vn 0 1 0
vn 0 1 0
vn 0 1 0
vn 0 1 0
vn 0 1 0
vn 0 1 0
vn 0 1 0
vn 0 1 0
vn 0 1 0
vn 0 1 0
vn 0 1 0
vn 0 1 0
vn 0 1 0
vn 0 1 0
vn 0 1 0
vn 0 1 0
vn 0 1 0
vn 0 1 0
vn 0 1 0
vn 0 1 0
vn 0 1 0
vn 0 1 0
vn 0 1 0
vn 0 1 0
vn 0 1 0
vn 0 1 0
vn 0 1 0
vn 0 1 0
vn 0 -1 0
vn 0 -1 0
vn 0 -1 0
vn 0 -1 0
vn 0 -1 0
vn 0 -1 0
vn 0 -1 0
vn 0 -1 0
vn 0 -1 0
vn 0 -1 0
vn 0 -1 0
vn 0 -1 0
vn 0 -1 0
vn 0 -1 0
vn 0 -1 0
vn 0 -1 0
vn 0 -1 0
vn 0 -1 0
vn 0 -1 0
vn 0 -1 0
vn 0 -1 0
vn 0 -1 0
vn 0 -1 0
vn 0 -1 0
vn 0 -1 0
vn 0 -1 0
vn 0 -1 0
vn 0 -1 0
vn 0 -1 0
vn 0 -1 0
vn 0 -1 0
vn 0 -1 0
vn 0 -1 0
vn 0 -1 0
vn 0 -1 0
vn 0 -1 0
vn 0 -1 0
vn 0 -1 0
vn 0 -1 0
vn 0 -1 0
vn 0 -1 0
vn 0 -1 0
vn 0 -1 0
vn 0 -1 0
vn 0 -1 0
vn 0 -1 0
vn 0 -1 0
vn 0 -1 0
vn 0 -1 0
vn 0 -1 0
vn 0 -1 0
vn 0 -1 0
vn 0 -1 0
vn 0 -1 0
vn 0 -1 0
vn 0 -1 0
vn 0 -1 0
vn 0 -1 0
vn 0 -1 0
vn 0 -1 0
vn 0 -1 0
vn 0 -1 0
vn 0 -1 0
vn 0 -1 0
vn 0 -1 0
vn 0 -1 0
vn 0 -1 0
vn 0 -1 0
vn 0 -1 0
vn 0 -1 0
vn 0 -1 0
vn 0 -1 0
vn 0 -1 0
vn 0 -1 0
vn 0 -1 0
vn 0 -1 0
vn 0 -1 0
vn 0 -1 0
vn 0 -1 0
vn 0 -1 0
vn 0 -1 0
f 2049/2049/2049 2090/2090/2090 2050/2050/2050
f 2090/2090/2090 2091/2091/2091 2050/2050/2050
f 2050/2050/2050 2091/2091/2091 2051/2051/2051
f 2091/2091/2091 2092/2092/2092 2051/2051/2051
f 2051/2051/2051 2092/2092/2092 2052/2052/2052
f 2092/2092/2092 2093/2093/2093 2052/2052/2052
f 2052/2052/2052 2093/2093/2093 2053/2053/2053
f 2093/2093/2093 2094/2094/2094 2053/2053/2053
f 2053/2053/2053 2094/2094/2094 2054/2054/2054
f 2094/2094/2094 2095/2095/2095 2054/2054/2054
f 2054/2054/2054 2095/2095/2095 2055/2055/2055
f 2095/2095/2095 2096/2096/2096 2055/2055/2055
f 2055/2055/2055 2096/2096/2096 2056/2056/2056
f 2096/2096/2096 2097/2097/2097 2056/2056/2056
f 2056/2056/2056 2097/2097/2097 2057/2057/2057
f 2097/2097/2097 2098/2098/2098 2057/2057/2057
f 2057/2057/2057 2098/2098/2098 2058/2058/2058
f 2098/2098/2098 2099/2099/2099 2058/2058/2058
f 2058/2058/2058 2099/2099/2099 2059/2059/2059
f 2099/2099/2099 2100/2100/2100 2059/2059/2059
f 2059/2059/2059 2100/2100/2100 2060/2060/2060
f 2100/2100/2100 2101/2101/2101 2060/2060/2060
f 2060/2060/2060 2101/2101/2101 2061/2061/2061
f 2101/2101/2101 2102/2102/2102 2061/2061/2061
f 2061/2061/2061 2102/2102/2102 2062/2062/2062
f 2102/2102/2102 2103/2103/2103 2062/2062/2062
f 2062/2062/2062 2103/2103/2103 2063/2063/2063
f 2103/2103/2103 2104/2104/2104 2063/2063/2063
f 2063/2063/2063 2104/2104/2104 2064/2064/2064
f 2104/2104/2104 2105/2105/2105 2064/2064/2064
f 2064/2064/2064 2105/2105/2105 2065/2065/2065
f 2105/2105/2105 2106/2106/2106 2065/2065/2065
f 2065/2065/2065 2106/2106/2106 2066/2066/2066
f 2106/2106/2106 2107/2107/2107 2066/2066/2066
f 2066/2066/2066 2107/2107/2107 2067/2067/2067
f 2107/2107/2107 2108/2108/2108 2067/2067/2067
f 2067/2067/2067 2108/2108/2108 2068/2068/2068
f 2108/2108/2108 2109/2109/2109 2068/2068/2068
f 2068/2068/2068 2109/2109/2109 2069/2069/2069
f 2109/2109/2109 2110/2110/2110 2069/2069/2069
f 2069/2069/2069 2110/2110/2110 2070/2070/2070
f 2110/2110/2110 2111/2111/2111 2070/2070/2070
f 2070/2070/2070 2111/2111/2111 2071/2071/2071
f 2111/2111/2111 2112/2112/2112 2071/2071/2071
f 2071/2071/2071 2112/2112/2112 2072/2072/2072
f 2112/2112/2112 2113/2113/2113 2072/2072/2072
f 2072/2072/2072 2113/2113/2113 2073/2073/2073
f 2113/2113/2113 2114/2114/2114 2073/2073/2073
f 2073/2073/2073 2114/2114/2114 2074/2074/2074
f 2114/2114/2114 2115/2115/2115 2074/2074/2074
f 2074/2074/2074 2115/2115/2115 2075/2075/2075
f 2115/2115/2115 2116/2116/2116 2075/2075/2075
f 2075/2075/2075 2116/2116/2116 2076/2076/2076
f 2116/2116/2116 2117/2117/2117 2076/2076/2076
f 2076/2076/2076 2117/2117/2117 2077/2077/2077
f 2117/2117/2117 2118/2118/2118 2077/2077/2077
f 2077/2077/2077 2118/2118/2118 2078/2078/2078
f 2118/2118/2118 2119/2119/2119 2078/2078/2078
f 2078/2078/2078 2119/2119/2119 2079/2079/2079
f 2119/2119/2119 2120/2120/2120 2079/2079/2079
f 2079/2079/2079 2120/2120/2120 2080/2080/2080
f 2120/2120/2120 2121/2121/2121 2080/2080/2080
f 2080/2080/2080 2121/2121/2121 2081/2081/2081
f 2121/2121/2121 2122/2122/2122 2081/2081/2081
f 2081/2081/2081 2122/2122/2122 2082/2082/2082
f 2122/2122/2122 2123/2123/2123 2082/2082/2082
f 2082/2082/2082 2123/2123/2123 2083/2083/2083
f 2123/2123/2123 2124/2124/2124 2083/2083/2083
f 2083/2083/2083 2124/2124/2124 2084/2084/2084
f 2124/2124/2124 2125/2125/2125 2084/2084/2084
f 2084/2084/2084 2125/2125/2125 2085/2085/2085
f 2125/2125/2125 2126/2126/2126 2085/2085/2085
f 2085/2085/2085 2126/2126/2126 2086/2086/2086
f 2126/2126/2126 2127/2127/2127 2086/2086/2086
f 2086/2086/2086 2127/2127/2127 2087/2087/2087
f 2127/2127/2127 2128/2128/2128 2087/2087/2087
f 2087/2087/2087 2128/2128/2128 2088/2088/2088
f 2128/2128/2128 2129/2129/2129 2088/2088/2088
f 2088/2088/2088 2129/2129/2129 2089/2089/2089
f 2129/2129/2129 2130/2130/2130 2089/2089/2089
f 2171/2171/2171 2172/2172/2172 2131/2131/2131
f 2172/2172/2172 2173/2173/2173 2132/2132/2132
f 2173/2173/2173 2174/2174/2174 2133/2133/2133
f 2174/2174/2174 2175/2175/2175 2134/2134/2134
f 2175/2175/2175 2176/2176/2176 2135/2135/2135
f 2176/2176/2176 2177/2177/2177 2136/2136/2136
f 2177/2177/2177 2178/2178/2178 2137/2137/2137
f 2178/2178/2178 2179/2179/2179 2138/2138/2138
f 2179/2179/2179 2180/2180/2180 2139/2139/2139
f 2180/2180/2180 2181/2181/2181 2140/2140/2140
f 2181/2181/2181 2182/2182/2182 2141/2141/2141
f 2182/2182/2182 2183/2183/2183 2142/2142/2142
f 2183/2183/2183 2184/2184/2184 2143/2143/2143
f 2184/2184/2184 2185/2185/2185 2144/2144/2144
f 2185/2185/2185 2186/2186/2186 2145/2145/2145
f 2186/2186/2186 2187/2187/2187 2146/2146/2146
f 2187/2187/2187 2188/2188/2188 2147/2147/2147
f 2188/2188/2188 2189/2189/2189 2148/2148/2148
f 2189/2189/2189 2190/2190/2190 2149/2149/2149
f 2190/2190/2190 2191/2191/2191 2150/2150/2150
f 2191/2191/2191 2192/2192/2192 2151/2151/2151
f 2192/2192/2192 2193/2193/2193 2152/2152/2152
f 2193/2193/2193 2194/2194/2194 2153/2153/2153
f 2194/2194/2194 2195/2195/2195 2154/2154/2154
f 2195/2195/2195 2196/2196/2196 2155/2155/2155
f 2196/2196/2196 2197/2197/2197 2156/2156/2156
f 2197/2197/2197 2198/2198/2198 2157/2157/2157
f 2198/2198/2198 2199/2199/2199 2158/2158/2158
f 2199/2199/2199 2200/2200/2200 2159/2159/2159
f 2200/2200/2200 2201/2201/2201 2160/2160/2160
f 2201/2201/2201 2202/2202/2202 2161/2161/2161
f 2202/2202/2202 2203/2203/2203 2162/2162/2162
f 2203/2203/2203 2204/2204/2204 2163/2163/2163
f 2204/2204/2204 2205/2205/2205 2164/2164/2164
f 2205/2205/2205 2206/2206/2206 2165/2165/2165
f 2206/2206/2206 2207/2207/2207 2166/2166/2166
f 2207/2207/2207 2208/2208/2208 2167/2167/2167
f 2208/2208/2208 2209/2209/2209 2168/2168/2168
f 2209/2209/2209 2210/2210/2210 2169/2169/2169
f 2210/2210/2210 2211/2211/2211 2170/2170/2170
f 2253/2253/2253 2252/2252/2252 2212/2212/2212
f 2254/2254/2254 2253/2253/2253 2213/2213/2213
f 2255/2255/2255 2254/2254/2254 2214/2214/2214
f 2256/2256/2256 2255/2255/2255 2215/2215/2215
f 2257/2257/2257 2256/2256/2256 2216/2216/2216
f 2258/2258/2258 2257/2257/2257 2217/2217/2217
f 2259/2259/2259 2258/2258/2258 2218/2218/2218
f 2260/2260/2260 2259/2259/2259 2219/2219/2219
f 2261/2261/2261 2260/2260/2260 2220/2220/2220
f 2262/2262/2262 2261/2261/2261 2221/2221/2221
f 2263/2263/2263 2262/2262/2262 2222/2222/2222
f 2264/2264/2264 2263/2263/2263 2223/2223/2223
f 2265/2265/2265 2264/2264/2264 2224/2224/2224
f 2266/2266/2266 2265/2265/2265 2225/2225/2225
f 2267/2267/2267 2266/2266/2266 2226/2226/2226
f 2268/2268/2268 2267/2267/2267 2227/2227/2227
f 2269/2269/2269 2268/2268/2268 2228/2228/2228
f 2270/2270/2270 2269/2269/2269 2229/2229/2229
f 2271/2271/2271 2270/2270/2270 2230/2230/2230
f 2272/2272/2272 2271/2271/2271 2231/2231/2231
f 2273/2273/2273 2272/2272/2272 2232/2232/2232
f 2274/2274/2274 2273/2273/2273 2233/2233/2233
f 2275/2275/2275 2274/2274/2274 2234/2234/2234
f 2276/2276/2276 2275/2275/2275 2235/2235/2235
f 2277/2277/2277 2276/2276/2276 2236/2236/2236
f 2278/2278/2278 2277/2277/2277 2237/2237/2237
f 2279/2279/2279 2278/2278/2278 2238/2238/2238
f 2280/2280/2280 2279/2279/2279 2239/2239/2239
f 2281/2281/2281 2280/2280/2280 2240/2240/2240
f 2282/2282/2282 2281/2281/2281 2241/2241/2241
f 2283/2283/2283 2282/2282/2282 2242/2242/2242
f 2284/2284/2284 2283/2283/2283 2243/2243/2243
f 2285/2285/2285 2284/2284/2284 2244/2244/2244
f 2286/2286/2286 2285/2285/2285 2245/2245/2245
f 2287/2287/2287 2286/2286/2286 2246/2246/2246
f 2288/2288/2288 2287/2287/2287 2247/2247/2247
f 2289/2289/2289 2288/2288/2288 2248/2248/2248
f 2290/2290/2290 2289/2289/2289 2249/2249/2249
f 2291/2291/2291 2290/2290/2290 2250/2250/2250
f 2292/2292/2292 2291/2291/2291 2251/2251/2251
o column_plaque_4
usemtl maroon_sign
v 8.209999993443489 2.925000006705522 12.500000048056245
v 8.209999993443489 2.925000006705522 12.450000047311187
v 8.209999993443489 2.3749999947845932 12.500000048056245
v 8.209999993443489 2.3749999947845932 12.450000047311187
v 7.790000006556511 2.925000006705522 12.450000047311187
v 7.790000006556511 2.925000006705522 12.500000048056245
v 7.790000006556511 2.3749999947845932 12.450000047311187
v 7.790000006556511 2.3749999947845932 12.500000048056245
v 7.790000006556511 2.925000006705522 12.450000047311187
v 8.209999993443489 2.925000006705522 12.450000047311187
v 7.790000006556511 2.925000006705522 12.500000048056245
v 8.209999993443489 2.925000006705522 12.500000048056245
v 7.790000006556511 2.3749999947845932 12.500000048056245
v 8.209999993443489 2.3749999947845932 12.500000048056245
v 7.790000006556511 2.3749999947845932 12.450000047311187
v 8.209999993443489 2.3749999947845932 12.450000047311187
v 7.790000006556511 2.925000006705522 12.500000048056245
v 8.209999993443489 2.925000006705522 12.500000048056245
v 7.790000006556511 2.3749999947845932 12.500000048056245
v 8.209999993443489 2.3749999947845932 12.500000048056245
v 8.209999993443489 2.925000006705522 12.450000047311187
v 7.790000006556511 2.925000006705522 12.450000047311187
v 8.209999993443489 2.3749999947845932 12.450000047311187
v 7.790000006556511 2.3749999947845932 12.450000047311187
vt 0 1
vt 1 1
vt 0 0
vt 1 0
vt 0 1
vt 1 1
vt 0 0
vt 1 0
vt 0 1
vt 1 1
vt 0 0
vt 1 0
vt 0 1
vt 1 1
vt 0 0
vt 1 0
vt 0 1
vt 1 1
vt 0 0
vt 1 0
vt 0 1
vt 1 1
vt 0 0
vt 1 0
vn 1 0 0
vn 1 0 0
vn 1 0 0
vn 1 0 0
vn -1 0 0
vn -1 0 0
vn -1 0 0
vn -1 0 0
vn 0 1 0
vn 0 1 0
vn 0 1 0
vn 0 1 0
vn 0 -1 0
vn 0 -1 0
vn 0 -1 0
vn 0 -1 0
vn 0 0 1
vn 0 0 1
vn 0 0 1
vn 0 0 1
vn 0 0 -1
vn 0 0 -1
vn 0 0 -1
vn 0 0 -1
f 2293/2293/2293 2295/2295/2295 2294/2294/2294
f 2295/2295/2295 2296/2296/2296 2294/2294/2294
f 2297/2297/2297 2299/2299/2299 2298/2298/2298
f 2299/2299/2299 2300/2300/2300 2298/2298/2298
f 2301/2301/2301 2303/2303/2303 2302/2302/2302
f 2303/2303/2303 2304/2304/2304 2302/2302/2302
f 2305/2305/2305 2307/2307/2307 2306/2306/2306
f 2307/2307/2307 2308/2308/2308 2306/2306/2306
f 2309/2309/2309 2311/2311/2311 2310/2310/2310
f 2311/2311/2311 2312/2312/2312 2310/2310/2310
f 2313/2313/2313 2315/2315/2315 2314/2314/2314
f 2315/2315/2315 2316/2316/2316 2314/2314/2314
o entry_glass_wall_28
usemtl glass
v 6.9999998092651365 3.6999999530613423 8.995000048428773
v 6.9999998092651365 3.6999999530613423 8.895000046938657
v 6.9999998092651365 0.10000004842877397 8.995000048428773
v 6.9999998092651365 0.10000004842877397 8.895000046938657
v -11.399999809265136 3.6999999530613423 8.895000046938657
v -11.399999809265136 3.6999999530613423 8.995000048428773
v -11.399999809265136 0.10000004842877397 8.895000046938657
v -11.399999809265136 0.10000004842877397 8.995000048428773
v -11.399999809265136 3.6999999530613423 8.895000046938657
v 6.9999998092651365 3.6999999530613423 8.895000046938657
v -11.399999809265136 3.6999999530613423 8.995000048428773
v 6.9999998092651365 3.6999999530613423 8.995000048428773
v -11.399999809265136 0.10000004842877397 8.995000048428773
v 6.9999998092651365 0.10000004842877397 8.995000048428773
v -11.399999809265136 0.10000004842877397 8.895000046938657
v 6.9999998092651365 0.10000004842877397 8.895000046938657
v -11.399999809265136 3.6999999530613423 8.995000048428773
v 6.9999998092651365 3.6999999530613423 8.995000048428773
v -11.399999809265136 0.10000004842877397 8.995000048428773
v 6.9999998092651365 0.10000004842877397 8.995000048428773
v 6.9999998092651365 3.6999999530613423 8.895000046938657
v -11.399999809265136 3.6999999530613423 8.895000046938657
v 6.9999998092651365 0.10000004842877397 8.895000046938657
v -11.399999809265136 0.10000004842877397 8.895000046938657
vt 0 1
vt 1 1
vt 0 0
vt 1 0
vt 0 1
vt 1 1
vt 0 0
vt 1 0
vt 0 1
vt 1 1
vt 0 0
vt 1 0
vt 0 1
vt 1 1
vt 0 0
vt 1 0
vt 0 1
vt 1 1
vt 0 0
vt 1 0
vt 0 1
vt 1 1
vt 0 0
vt 1 0
vn 1 0 0
vn 1 0 0
vn 1 0 0
vn 1 0 0
vn -1 0 0
vn -1 0 0
vn -1 0 0
vn -1 0 0
vn 0 1 0
vn 0 1 0
vn 0 1 0
vn 0 1 0
vn 0 -1 0
vn 0 -1 0
vn 0 -1 0
vn 0 -1 0
vn 0 0 1
vn 0 0 1
vn 0 0 1
vn 0 0 1
vn 0 0 -1
vn 0 0 -1
vn 0 0 -1
vn 0 0 -1
f 2317/2317/2317 2319/2319/2319 2318/2318/2318
f 2319/2319/2319 2320/2320/2320 2318/2318/2318
f 2321/2321/2321 2323/2323/2323 2322/2322/2322
f 2323/2323/2323 2324/2324/2324 2322/2322/2322
f 2325/2325/2325 2327/2327/2327 2326/2326/2326
f 2327/2327/2327 2328/2328/2328 2326/2326/2326
f 2329/2329/2329 2331/2331/2331 2330/2330/2330
f 2331/2331/2331 2332/2332/2332 2330/2330/2330
f 2333/2333/2333 2335/2335/2335 2334/2334/2334
f 2335/2335/2335 2336/2336/2336 2334/2334/2334
f 2337/2337/2337 2339/2339/2339 2338/2338/2338
f 2339/2339/2339 2340/2340/2340 2338/2338/2338
o entry_head_rail_29
usemtl mullion
v 6.9999998092651365 3.9200000001490114 9.045000049173831
v 6.9999998092651365 3.9200000001490114 8.845000046193599
v 6.9999998092651365 3.7000000013411043 9.045000049173831
v 6.9999998092651365 3.7000000013411043 8.845000046193599
v -11.399999809265136 3.9200000001490114 8.845000046193599
v -11.399999809265136 3.9200000001490114 9.045000049173831
v -11.399999809265136 3.7000000013411043 8.845000046193599
v -11.399999809265136 3.7000000013411043 9.045000049173831
v -11.399999809265136 3.9200000001490114 8.845000046193599
v 6.9999998092651365 3.9200000001490114 8.845000046193599
v -11.399999809265136 3.9200000001490114 9.045000049173831
v 6.9999998092651365 3.9200000001490114 9.045000049173831
v -11.399999809265136 3.7000000013411043 9.045000049173831
v 6.9999998092651365 3.7000000013411043 9.045000049173831
v -11.399999809265136 3.7000000013411043 8.845000046193599
v 6.9999998092651365 3.7000000013411043 8.845000046193599
v -11.399999809265136 3.9200000001490114 9.045000049173831
v 6.9999998092651365 3.9200000001490114 9.045000049173831
v -11.399999809265136 3.7000000013411043 9.045000049173831
v 6.9999998092651365 3.7000000013411043 9.045000049173831
v 6.9999998092651365 3.9200000001490114 8.845000046193599
v -11.399999809265136 3.9200000001490114 8.845000046193599
v 6.9999998092651365 3.7000000013411043 8.845000046193599
v -11.399999809265136 3.7000000013411043 8.845000046193599
vt 0 1
vt 1 1
vt 0 0
vt 1 0
vt 0 1
vt 1 1
vt 0 0
vt 1 0
vt 0 1
vt 1 1
vt 0 0
vt 1 0
vt 0 1
vt 1 1
vt 0 0
vt 1 0
vt 0 1
vt 1 1
vt 0 0
vt 1 0
vt 0 1
vt 1 1
vt 0 0
vt 1 0
vn 1 0 0
vn 1 0 0
vn 1 0 0
vn 1 0 0
vn -1 0 0
vn -1 0 0
vn -1 0 0
vn -1 0 0
vn 0 1 0
vn 0 1 0
vn 0 1 0
vn 0 1 0
vn 0 -1 0
vn 0 -1 0
vn 0 -1 0
vn 0 -1 0
vn 0 0 1
vn 0 0 1
vn 0 0 1
vn 0 0 1
vn 0 0 -1
vn 0 0 -1
vn 0 0 -1
vn 0 0 -1
f 2341/2341/2341 2343/2343/2343 2342/2342/2342
f 2343/2343/2343 2344/2344/2344 2342/2342/2342
f 2345/2345/2345 2347/2347/2347 2346/2346/2346
f 2347/2347/2347 2348/2348/2348 2346/2346/2346
f 2349/2349/2349 2351/2351/2351 2350/2350/2350
f 2351/2351/2351 2352/2352/2352 2350/2350/2350
f 2353/2353/2353 2355/2355/2355 2354/2354/2354
f 2355/2355/2355 2356/2356/2356 2354/2354/2354
f 2357/2357/2357 2359/2359/2359 2358/2358/2358
f 2359/2359/2359 2360/2360/2360 2358/2358/2358
f 2361/2361/2361 2363/2363/2363 2362/2362/2362
f 2363/2363/2363 2364/2364/2364 2362/2362/2362
o entry_sill_rail_30
usemtl mullion
v 6.9999998092651365 0.28000000432133676 9.045000049173831
v 6.9999998092651365 0.28000000432133676 8.845000046193599
v 6.9999998092651365 0.09999999716877939 9.045000049173831
v 6.9999998092651365 0.09999999716877939 8.845000046193599
v -11.399999809265136 0.28000000432133676 8.845000046193599
v -11.399999809265136 0.28000000432133676 9.045000049173831
v -11.399999809265136 0.09999999716877939 8.845000046193599
v -11.399999809265136 0.09999999716877939 9.045000049173831
v -11.399999809265136 0.28000000432133676 8.845000046193599
v 6.9999998092651365 0.28000000432133676 8.845000046193599
v -11.399999809265136 0.28000000432133676 9.045000049173831
v 6.9999998092651365 0.28000000432133676 9.045000049173831
v -11.399999809265136 0.09999999716877939 9.045000049173831
v 6.9999998092651365 0.09999999716877939 9.045000049173831
v -11.399999809265136 0.09999999716877939 8.845000046193599
v 6.9999998092651365 0.09999999716877939 8.845000046193599
v -11.399999809265136 0.28000000432133676 9.045000049173831
v 6.9999998092651365 0.28000000432133676 9.045000049173831
v -11.399999809265136 0.09999999716877939 9.045000049173831
v 6.9999998092651365 0.09999999716877939 9.045000049173831
v 6.9999998092651365 0.28000000432133676 8.845000046193599
v -11.399999809265136 0.28000000432133676 8.845000046193599
v 6.9999998092651365 0.09999999716877939 8.845000046193599
v -11.399999809265136 0.09999999716877939 8.845000046193599
vt 0 1
vt 1 1
vt 0 0
vt 1 0
vt 0 1
vt 1 1
vt 0 0
vt 1 0
vt 0 1
vt 1 1
vt 0 0
vt 1 0
vt 0 1
vt 1 1
vt 0 0
vt 1 0
vt 0 1
vt 1 1
vt 0 0
vt 1 0
vt 0 1
vt 1 1
vt 0 0
vt 1 0
vn 1 0 0
vn 1 0 0
vn 1 0 0
vn 1 0 0
vn -1 0 0
vn -1 0 0
vn -1 0 0
vn -1 0 0
vn 0 1 0
vn 0 1 0
vn 0 1 0
vn 0 1 0
vn 0 -1 0
vn 0 -1 0
vn 0 -1 0
vn 0 -1 0
vn 0 0 1
vn 0 0 1
vn 0 0 1
vn 0 0 1
vn 0 0 -1
vn 0 0 -1
vn 0 0 -1
vn 0 0 -1
f 2365/2365/2365 2367/2367/2367 2366/2366/2366
f 2367/2367/2367 2368/2368/2368 2366/2366/2366
f 2369/2369/2369 2371/2371/2371 2370/2370/2370
f 2371/2371/2371 2372/2372/2372 2370/2370/2370
f 2373/2373/2373 2375/2375/2375 2374/2374/2374
f 2375/2375/2375 2376/2376/2376 2374/2374/2374
f 2377/2377/2377 2379/2379/2379 2378/2378/2378
f 2379/2379/2379 2380/2380/2380 2378/2378/2378
f 2381/2381/2381 2383/2383/2383 2382/2382/2382
f 2383/2383/2383 2384/2384/2384 2382/2382/2382
f 2385/2385/2385 2387/2387/2387 2386/2386/2386
f 2387/2387/2387 2388/2388/2388 2386/2386/2386
o entry_mid_rail_31
usemtl mullion
v 6.9999998092651365 2.7900000010430808 9.045000049173831
v 6.9999998092651365 2.7900000010430808 8.845000046193599
v 6.9999998092651365 2.6500000004470343 9.045000049173831
v 6.9999998092651365 2.6500000004470343 8.845000046193599
v -11.399999809265136 2.7900000010430808 8.845000046193599
v -11.399999809265136 2.7900000010430808 9.045000049173831
v -11.399999809265136 2.6500000004470343 8.845000046193599
v -11.399999809265136 2.6500000004470343 9.045000049173831
v -11.399999809265136 2.7900000010430808 8.845000046193599
v 6.9999998092651365 2.7900000010430808 8.845000046193599
v -11.399999809265136 2.7900000010430808 9.045000049173831
v 6.9999998092651365 2.7900000010430808 9.045000049173831
v -11.399999809265136 2.6500000004470343 9.045000049173831
v 6.9999998092651365 2.6500000004470343 9.045000049173831
v -11.399999809265136 2.6500000004470343 8.845000046193599
v 6.9999998092651365 2.6500000004470343 8.845000046193599
v -11.399999809265136 2.7900000010430808 9.045000049173831
v 6.9999998092651365 2.7900000010430808 9.045000049173831
v -11.399999809265136 2.6500000004470343 9.045000049173831
v 6.9999998092651365 2.6500000004470343 9.045000049173831
v 6.9999998092651365 2.7900000010430808 8.845000046193599
v -11.399999809265136 2.7900000010430808 8.845000046193599
v 6.9999998092651365 2.6500000004470343 8.845000046193599
v -11.399999809265136 2.6500000004470343 8.845000046193599
vt 0 1
vt 1 1
vt 0 0
vt 1 0
vt 0 1
vt 1 1
vt 0 0
vt 1 0
vt 0 1
vt 1 1
vt 0 0
vt 1 0
vt 0 1
vt 1 1
vt 0 0
vt 1 0
vt 0 1
vt 1 1
vt 0 0
vt 1 0
vt 0 1
vt 1 1
vt 0 0
vt 1 0
vn 1 0 0
vn 1 0 0
vn 1 0 0
vn 1 0 0
vn -1 0 0
vn -1 0 0
vn -1 0 0
vn -1 0 0
vn 0 1 0
vn 0 1 0
vn 0 1 0
vn 0 1 0
vn 0 -1 0
vn 0 -1 0
vn 0 -1 0
vn 0 -1 0
vn 0 0 1
vn 0 0 1
vn 0 0 1
vn 0 0 1
vn 0 0 -1
vn 0 0 -1
vn 0 0 -1
vn 0 0 -1
f 2389/2389/2389 2391/2391/2391 2390/2390/2390
f 2391/2391/2391 2392/2392/2392 2390/2390/2390
f 2393/2393/2393 2395/2395/2395 2394/2394/2394
f 2395/2395/2395 2396/2396/2396 2394/2394/2394
f 2397/2397/2397 2399/2399/2399 2398/2398/2398
f 2399/2399/2399 2400/2400/2400 2398/2398/2398
f 2401/2401/2401 2403/2403/2403 2402/2402/2402
f 2403/2403/2403 2404/2404/2404 2402/2402/2402
f 2405/2405/2405 2407/2407/2407 2406/2406/2406
f 2407/2407/2407 2408/2408/2408 2406/2406/2406
f 2409/2409/2409 2411/2411/2411 2410/2410/2410
f 2411/2411/2411 2412/2412/2412 2410/2410/2410
o entry_mullion_32
usemtl mullion
v -11.340000001341103 3.6999999530613423 9.045000049173831
v -11.340000001341103 3.6999999530613423 8.845000046193599
v -11.340000001341103 0.10000004842877397 9.045000049173831
v -11.340000001341103 0.10000004842877397 8.845000046193599
v -11.459999998658894 3.6999999530613423 8.845000046193599
v -11.459999998658894 3.6999999530613423 9.045000049173831
v -11.459999998658894 0.10000004842877397 8.845000046193599
v -11.459999998658894 0.10000004842877397 9.045000049173831
v -11.459999998658894 3.6999999530613423 8.845000046193599
v -11.340000001341103 3.6999999530613423 8.845000046193599
v -11.459999998658894 3.6999999530613423 9.045000049173831
v -11.340000001341103 3.6999999530613423 9.045000049173831
v -11.459999998658894 0.10000004842877397 9.045000049173831
v -11.340000001341103 0.10000004842877397 9.045000049173831
v -11.459999998658894 0.10000004842877397 8.845000046193599
v -11.340000001341103 0.10000004842877397 8.845000046193599
v -11.459999998658894 3.6999999530613423 9.045000049173831
v -11.340000001341103 3.6999999530613423 9.045000049173831
v -11.459999998658894 0.10000004842877397 9.045000049173831
v -11.340000001341103 0.10000004842877397 9.045000049173831
v -11.340000001341103 3.6999999530613423 8.845000046193599
v -11.459999998658894 3.6999999530613423 8.845000046193599
v -11.340000001341103 0.10000004842877397 8.845000046193599
v -11.459999998658894 0.10000004842877397 8.845000046193599
vt 0 1
vt 1 1
vt 0 0
vt 1 0
vt 0 1
vt 1 1
vt 0 0
vt 1 0
vt 0 1
vt 1 1
vt 0 0
vt 1 0
vt 0 1
vt 1 1
vt 0 0
vt 1 0
vt 0 1
vt 1 1
vt 0 0
vt 1 0
vt 0 1
vt 1 1
vt 0 0
vt 1 0
vn 1 0 0
vn 1 0 0
vn 1 0 0
vn 1 0 0
vn -1 0 0
vn -1 0 0
vn -1 0 0
vn -1 0 0
vn 0 1 0
vn 0 1 0
vn 0 1 0
vn 0 1 0
vn 0 -1 0
vn 0 -1 0
vn 0 -1 0
vn 0 -1 0
vn 0 0 1
vn 0 0 1
vn 0 0 1
vn 0 0 1
vn 0 0 -1
vn 0 0 -1
vn 0 0 -1
vn 0 0 -1
f 2413/2413/2413 2415/2415/2415 2414/2414/2414
f 2415/2415/2415 2416/2416/2416 2414/2414/2414
f 2417/2417/2417 2419/2419/2419 2418/2418/2418
f 2419/2419/2419 2420/2420/2420 2418/2418/2418
f 2421/2421/2421 2423/2423/2423 2422/2422/2422
f 2423/2423/2423 2424/2424/2424 2422/2422/2422
f 2425/2425/2425 2427/2427/2427 2426/2426/2426
f 2427/2427/2427 2428/2428/2428 2426/2426/2426
f 2429/2429/2429 2431/2431/2431 2430/2430/2430
f 2431/2431/2431 2432/2432/2432 2430/2430/2430
f 2433/2433/2433 2435/2435/2435 2434/2434/2434
f 2435/2435/2435 2436/2436/2436 2434/2434/2434
o entry_mullion_33
usemtl mullion
v -9.80666666800777 3.6999999530613423 9.045000049173831
v -9.80666666800777 3.6999999530613423 8.845000046193599
v -9.80666666800777 0.10000004842877397 9.045000049173831
v -9.80666666800777 0.10000004842877397 8.845000046193599
v -9.92666666532556 3.6999999530613423 8.845000046193599
v -9.92666666532556 3.6999999530613423 9.045000049173831
v -9.92666666532556 0.10000004842877397 8.845000046193599
v -9.92666666532556 0.10000004842877397 9.045000049173831
v -9.92666666532556 3.6999999530613423 8.845000046193599
v -9.80666666800777 3.6999999530613423 8.845000046193599
v -9.92666666532556 3.6999999530613423 9.045000049173831
v -9.80666666800777 3.6999999530613423 9.045000049173831
v -9.92666666532556 0.10000004842877397 9.045000049173831
v -9.80666666800777 0.10000004842877397 9.045000049173831
v -9.92666666532556 0.10000004842877397 8.845000046193599
v -9.80666666800777 0.10000004842877397 8.845000046193599
v -9.92666666532556 3.6999999530613423 9.045000049173831
v -9.80666666800777 3.6999999530613423 9.045000049173831
v -9.92666666532556 0.10000004842877397 9.045000049173831
v -9.80666666800777 0.10000004842877397 9.045000049173831
v -9.80666666800777 3.6999999530613423 8.845000046193599
v -9.92666666532556 3.6999999530613423 8.845000046193599
v -9.80666666800777 0.10000004842877397 8.845000046193599
v -9.92666666532556 0.10000004842877397 8.845000046193599
vt 0 1
vt 1 1
vt 0 0
vt 1 0
vt 0 1
vt 1 1
vt 0 0
vt 1 0
vt 0 1
vt 1 1
vt 0 0
vt 1 0
vt 0 1
vt 1 1
vt 0 0
vt 1 0
vt 0 1
vt 1 1
vt 0 0
vt 1 0
vt 0 1
vt 1 1
vt 0 0
vt 1 0
vn 1 0 0
vn 1 0 0
vn 1 0 0
vn 1 0 0
vn -1 0 0
vn -1 0 0
vn -1 0 0
vn -1 0 0
vn 0 1 0
vn 0 1 0
vn 0 1 0
vn 0 1 0
vn 0 -1 0
vn 0 -1 0
vn 0 -1 0
vn 0 -1 0
vn 0 0 1
vn 0 0 1
vn 0 0 1
vn 0 0 1
vn 0 0 -1
vn 0 0 -1
vn 0 0 -1
vn 0 0 -1
f 2437/2437/2437 2439/2439/2439 2438/2438/2438
f 2439/2439/2439 2440/2440/2440 2438/2438/2438
f 2441/2441/2441 2443/2443/2443 2442/2442/2442
f 2443/2443/2443 2444/2444/2444 2442/2442/2442
f 2445/2445/2445 2447/2447/2447 2446/2446/2446
f 2447/2447/2447 2448/2448/2448 2446/2446/2446
f 2449/2449/2449 2451/2451/2451 2450/2450/2450
f 2451/2451/2451 2452/2452/2452 2450/2450/2450
f 2453/2453/2453 2455/2455/2455 2454/2454/2454
f 2455/2455/2455 2456/2456/2456 2454/2454/2454
f 2457/2457/2457 2459/2459/2459 2458/2458/2458
f 2459/2459/2459 2460/2460/2460 2458/2458/2458
o entry_mullion_34
usemtl mullion
v -8.273333334674437 3.6999999530613423 9.045000049173831
v -8.273333334674437 3.6999999530613423 8.845000046193599
v -8.273333334674437 0.10000004842877397 9.045000049173831
v -8.273333334674437 0.10000004842877397 8.845000046193599
v -8.393333331992228 3.6999999530613423 8.845000046193599
v -8.393333331992228 3.6999999530613423 9.045000049173831
v -8.393333331992228 0.10000004842877397 8.845000046193599
v -8.393333331992228 0.10000004842877397 9.045000049173831
v -8.393333331992228 3.6999999530613423 8.845000046193599
v -8.273333334674437 3.6999999530613423 8.845000046193599
v -8.393333331992228 3.6999999530613423 9.045000049173831
v -8.273333334674437 3.6999999530613423 9.045000049173831
v -8.393333331992228 0.10000004842877397 9.045000049173831
v -8.273333334674437 0.10000004842877397 9.045000049173831
v -8.393333331992228 0.10000004842877397 8.845000046193599
v -8.273333334674437 0.10000004842877397 8.845000046193599
v -8.393333331992228 3.6999999530613423 9.045000049173831
v -8.273333334674437 3.6999999530613423 9.045000049173831
v -8.393333331992228 0.10000004842877397 9.045000049173831
v -8.273333334674437 0.10000004842877397 9.045000049173831
v -8.273333334674437 3.6999999530613423 8.845000046193599
v -8.393333331992228 3.6999999530613423 8.845000046193599
v -8.273333334674437 0.10000004842877397 8.845000046193599
v -8.393333331992228 0.10000004842877397 8.845000046193599
vt 0 1
vt 1 1
vt 0 0
vt 1 0
vt 0 1
vt 1 1
vt 0 0
vt 1 0
vt 0 1
vt 1 1
vt 0 0
vt 1 0
vt 0 1
vt 1 1
vt 0 0
vt 1 0
vt 0 1
vt 1 1
vt 0 0
vt 1 0
vt 0 1
vt 1 1
vt 0 0
vt 1 0
vn 1 0 0
vn 1 0 0
vn 1 0 0
vn 1 0 0
vn -1 0 0
vn -1 0 0
vn -1 0 0
vn -1 0 0
vn 0 1 0
vn 0 1 0
vn 0 1 0
vn 0 1 0
vn 0 -1 0
vn 0 -1 0
vn 0 -1 0
vn 0 -1 0
vn 0 0 1
vn 0 0 1
vn 0 0 1
vn 0 0 1
vn 0 0 -1
vn 0 0 -1
vn 0 0 -1
vn 0 0 -1
f 2461/2461/2461 2463/2463/2463 2462/2462/2462
f 2463/2463/2463 2464/2464/2464 2462/2462/2462
f 2465/2465/2465 2467/2467/2467 2466/2466/2466
f 2467/2467/2467 2468/2468/2468 2466/2466/2466
f 2469/2469/2469 2471/2471/2471 2470/2470/2470
f 2471/2471/2471 2472/2472/2472 2470/2470/2470
f 2473/2473/2473 2475/2475/2475 2474/2474/2474
f 2475/2475/2475 2476/2476/2476 2474/2474/2474
f 2477/2477/2477 2479/2479/2479 2478/2478/2478
f 2479/2479/2479 2480/2480/2480 2478/2478/2478
f 2481/2481/2481 2483/2483/2483 2482/2482/2482
f 2483/2483/2483 2484/2484/2484 2482/2482/2482
o entry_mullion_35
usemtl mullion
v -6.740000001341103 3.6999999530613423 9.045000049173831
v -6.740000001341103 3.6999999530613423 8.845000046193599
v -6.740000001341103 0.10000004842877397 9.045000049173831
v -6.740000001341103 0.10000004842877397 8.845000046193599
v -6.859999998658894 3.6999999530613423 8.845000046193599
v -6.859999998658894 3.6999999530613423 9.045000049173831
v -6.859999998658894 0.10000004842877397 8.845000046193599
v -6.859999998658894 0.10000004842877397 9.045000049173831
v -6.859999998658894 3.6999999530613423 8.845000046193599
v -6.740000001341103 3.6999999530613423 8.845000046193599
v -6.859999998658894 3.6999999530613423 9.045000049173831
v -6.740000001341103 3.6999999530613423 9.045000049173831
v -6.859999998658894 0.10000004842877397 9.045000049173831
v -6.740000001341103 0.10000004842877397 9.045000049173831
v -6.859999998658894 0.10000004842877397 8.845000046193599
v -6.740000001341103 0.10000004842877397 8.845000046193599
v -6.859999998658894 3.6999999530613423 9.045000049173831
v -6.740000001341103 3.6999999530613423 9.045000049173831
v -6.859999998658894 0.10000004842877397 9.045000049173831
v -6.740000001341103 0.10000004842877397 9.045000049173831
v -6.740000001341103 3.6999999530613423 8.845000046193599
v -6.859999998658894 3.6999999530613423 8.845000046193599
v -6.740000001341103 0.10000004842877397 8.845000046193599
v -6.859999998658894 0.10000004842877397 8.845000046193599
vt 0 1
vt 1 1
vt 0 0
vt 1 0
vt 0 1
vt 1 1
vt 0 0
vt 1 0
vt 0 1
vt 1 1
vt 0 0
vt 1 0
vt 0 1
vt 1 1
vt 0 0
vt 1 0
vt 0 1
vt 1 1
vt 0 0
vt 1 0
vt 0 1
vt 1 1
vt 0 0
vt 1 0
vn 1 0 0
vn 1 0 0
vn 1 0 0
vn 1 0 0
vn -1 0 0
vn -1 0 0
vn -1 0 0
vn -1 0 0
vn 0 1 0
vn 0 1 0
vn 0 1 0
vn 0 1 0
vn 0 -1 0
vn 0 -1 0
vn 0 -1 0
vn 0 -1 0
vn 0 0 1
vn 0 0 1
vn 0 0 1
vn 0 0 1
vn 0 0 -1
vn 0 0 -1
vn 0 0 -1
vn 0 0 -1
f 2485/2485/2485 2487/2487/2487 2486/2486/2486
f 2487/2487/2487 2488/2488/2488 2486/2486/2486
f 2489/2489/2489 2491/2491/2491 2490/2490/2490
f 2491/2491/2491 2492/2492/2492 2490/2490/2490
f 2493/2493/2493 2495/2495/2495 2494/2494/2494
f 2495/2495/2495 2496/2496/2496 2494/2494/2494
f 2497/2497/2497 2499/2499/2499 2498/2498/2498
f 2499/2499/2499 2500/2500/2500 2498/2498/2498
f 2501/2501/2501 2503/2503/2503 2502/2502/2502
f 2503/2503/2503 2504/2504/2504 2502/2502/2502
f 2505/2505/2505 2507/2507/2507 2506/2506/2506
f 2507/2507/2507 2508/2508/2508 2506/2506/2506
o entry_mullion_36
usemtl mullion
v -5.20666666800777 3.6999999530613423 9.045000049173831
v -5.20666666800777 3.6999999530613423 8.845000046193599
v -5.20666666800777 0.10000004842877397 9.045000049173831
v -5.20666666800777 0.10000004842877397 8.845000046193599
v -5.326666665325561 3.6999999530613423 8.845000046193599
v -5.326666665325561 3.6999999530613423 9.045000049173831
v -5.326666665325561 0.10000004842877397 8.845000046193599
v -5.326666665325561 0.10000004842877397 9.045000049173831
v -5.326666665325561 3.6999999530613423 8.845000046193599
v -5.20666666800777 3.6999999530613423 8.845000046193599
v -5.326666665325561 3.6999999530613423 9.045000049173831
v -5.20666666800777 3.6999999530613423 9.045000049173831
v -5.326666665325561 0.10000004842877397 9.045000049173831
v -5.20666666800777 0.10000004842877397 9.045000049173831
v -5.326666665325561 0.10000004842877397 8.845000046193599
v -5.20666666800777 0.10000004842877397 8.845000046193599
v -5.326666665325561 3.6999999530613423 9.045000049173831
v -5.20666666800777 3.6999999530613423 9.045000049173831
v -5.326666665325561 0.10000004842877397 9.045000049173831
v -5.20666666800777 0.10000004842877397 9.045000049173831
v -5.20666666800777 3.6999999530613423 8.845000046193599
v -5.326666665325561 3.6999999530613423 8.845000046193599
v -5.20666666800777 0.10000004842877397 8.845000046193599
v -5.326666665325561 0.10000004842877397 8.845000046193599
vt 0 1
vt 1 1
vt 0 0
vt 1 0
vt 0 1
vt 1 1
vt 0 0
vt 1 0
vt 0 1
vt 1 1
vt 0 0
vt 1 0
vt 0 1
vt 1 1
vt 0 0
vt 1 0
vt 0 1
vt 1 1
vt 0 0
vt 1 0
vt 0 1
vt 1 1
vt 0 0
vt 1 0
vn 1 0 0
vn 1 0 0
vn 1 0 0
vn 1 0 0
vn -1 0 0
vn -1 0 0
vn -1 0 0
vn -1 0 0
vn 0 1 0
vn 0 1 0
vn 0 1 0
vn 0 1 0
vn 0 -1 0
vn 0 -1 0
vn 0 -1 0
vn 0 -1 0
vn 0 0 1
vn 0 0 1
vn 0 0 1
vn 0 0 1
vn 0 0 -1
vn 0 0 -1
vn 0 0 -1
vn 0 0 -1
f 2509/2509/2509 2511/2511/2511 2510/2510/2510
f 2511/2511/2511 2512/2512/2512 2510/2510/2510
f 2513/2513/2513 2515/2515/2515 2514/2514/2514
f 2515/2515/2515 2516/2516/2516 2514/2514/2514
f 2517/2517/2517 2519/2519/2519 2518/2518/2518
f 2519/2519/2519 2520/2520/2520 2518/2518/2518
f 2521/2521/2521 2523/2523/2523 2522/2522/2522
f 2523/2523/2523 2524/2524/2524 2522/2522/2522
f 2525/2525/2525 2527/2527/2527 2526/2526/2526
f 2527/2527/2527 2528/2528/2528 2526/2526/2526
f 2529/2529/2529 2531/2531/2531 2530/2530/2530
f 2531/2531/2531 2532/2532/2532 2530/2530/2530
o entry_mullion_37
usemtl mullion
v -3.673333334674437 3.6999999530613423 9.045000049173831
v -3.673333334674437 3.6999999530613423 8.845000046193599
v -3.673333334674437 0.10000004842877397 9.045000049173831
v -3.673333334674437 0.10000004842877397 8.845000046193599
v -3.793333331992228 3.6999999530613423 8.845000046193599
v -3.793333331992228 3.6999999530613423 9.045000049173831
v -3.793333331992228 0.10000004842877397 8.845000046193599
v -3.793333331992228 0.10000004842877397 9.045000049173831
v -3.793333331992228 3.6999999530613423 8.845000046193599
v -3.673333334674437 3.6999999530613423 8.845000046193599
v -3.793333331992228 3.6999999530613423 9.045000049173831
v -3.673333334674437 3.6999999530613423 9.045000049173831
v -3.793333331992228 0.10000004842877397 9.045000049173831
v -3.673333334674437 0.10000004842877397 9.045000049173831
v -3.793333331992228 0.10000004842877397 8.845000046193599
v -3.673333334674437 0.10000004842877397 8.845000046193599
v -3.793333331992228 3.6999999530613423 9.045000049173831
v -3.673333334674437 3.6999999530613423 9.045000049173831
v -3.793333331992228 0.10000004842877397 9.045000049173831
v -3.673333334674437 0.10000004842877397 9.045000049173831
v -3.673333334674437 3.6999999530613423 8.845000046193599
v -3.793333331992228 3.6999999530613423 8.845000046193599
v -3.673333334674437 0.10000004842877397 8.845000046193599
v -3.793333331992228 0.10000004842877397 8.845000046193599
vt 0 1
vt 1 1
vt 0 0
vt 1 0
vt 0 1
vt 1 1
vt 0 0
vt 1 0
vt 0 1
vt 1 1
vt 0 0
vt 1 0
vt 0 1
vt 1 1
vt 0 0
vt 1 0
vt 0 1
vt 1 1
vt 0 0
vt 1 0
vt 0 1
vt 1 1
vt 0 0
vt 1 0
vn 1 0 0
vn 1 0 0
vn 1 0 0
vn 1 0 0
vn -1 0 0
vn -1 0 0
vn -1 0 0
vn -1 0 0
vn 0 1 0
vn 0 1 0
vn 0 1 0
vn 0 1 0
vn 0 -1 0
vn 0 -1 0
vn 0 -1 0
vn 0 -1 0
vn 0 0 1
vn 0 0 1
vn 0 0 1
vn 0 0 1
vn 0 0 -1
vn 0 0 -1
vn 0 0 -1
vn 0 0 -1
f 2533/2533/2533 2535/2535/2535 2534/2534/2534
f 2535/2535/2535 2536/2536/2536 2534/2534/2534
f 2537/2537/2537 2539/2539/2539 2538/2538/2538
f 2539/2539/2539 2540/2540/2540 2538/2538/2538
f 2541/2541/2541 2543/2543/2543 2542/2542/2542
f 2543/2543/2543 2544/2544/2544 2542/2542/2542
f 2545/2545/2545 2547/2547/2547 2546/2546/2546
f 2547/2547/2547 2548/2548/2548 2546/2546/2546
f 2549/2549/2549 2551/2551/2551 2550/2550/2550
f 2551/2551/2551 2552/2552/2552 2550/2550/2550
f 2553/2553/2553 2555/2555/2555 2554/2554/2554
f 2555/2555/2555 2556/2556/2556 2554/2554/2554
o entry_mullion_38
usemtl mullion
v -2.140000001341104 3.6999999530613423 9.045000049173831
v -2.140000001341104 3.6999999530613423 8.845000046193599
v -2.140000001341104 0.10000004842877397 9.045000049173831
v -2.140000001341104 0.10000004842877397 8.845000046193599
v -2.259999998658895 3.6999999530613423 8.845000046193599
v -2.259999998658895 3.6999999530613423 9.045000049173831
v -2.259999998658895 0.10000004842877397 8.845000046193599
v -2.259999998658895 0.10000004842877397 9.045000049173831
v -2.259999998658895 3.6999999530613423 8.845000046193599
v -2.140000001341104 3.6999999530613423 8.845000046193599
v -2.259999998658895 3.6999999530613423 9.045000049173831
v -2.140000001341104 3.6999999530613423 9.045000049173831
v -2.259999998658895 0.10000004842877397 9.045000049173831
v -2.140000001341104 0.10000004842877397 9.045000049173831
v -2.259999998658895 0.10000004842877397 8.845000046193599
v -2.140000001341104 0.10000004842877397 8.845000046193599
v -2.259999998658895 3.6999999530613423 9.045000049173831
v -2.140000001341104 3.6999999530613423 9.045000049173831
v -2.259999998658895 0.10000004842877397 9.045000049173831
v -2.140000001341104 0.10000004842877397 9.045000049173831
v -2.140000001341104 3.6999999530613423 8.845000046193599
v -2.259999998658895 3.6999999530613423 8.845000046193599
v -2.140000001341104 0.10000004842877397 8.845000046193599
v -2.259999998658895 0.10000004842877397 8.845000046193599
vt 0 1
vt 1 1
vt 0 0
vt 1 0
vt 0 1
vt 1 1
vt 0 0
vt 1 0
vt 0 1
vt 1 1
vt 0 0
vt 1 0
vt 0 1
vt 1 1
vt 0 0
vt 1 0
vt 0 1
vt 1 1
vt 0 0
vt 1 0
vt 0 1
vt 1 1
vt 0 0
vt 1 0
vn 1 0 0
vn 1 0 0
vn 1 0 0
vn 1 0 0
vn -1 0 0
vn -1 0 0
vn -1 0 0
vn -1 0 0
vn 0 1 0
vn 0 1 0
vn 0 1 0
vn 0 1 0
vn 0 -1 0
vn 0 -1 0
vn 0 -1 0
vn 0 -1 0
vn 0 0 1
vn 0 0 1
vn 0 0 1
vn 0 0 1
vn 0 0 -1
vn 0 0 -1
vn 0 0 -1
vn 0 0 -1
f 2557/2557/2557 2559/2559/2559 2558/2558/2558
f 2559/2559/2559 2560/2560/2560 2558/2558/2558
f 2561/2561/2561 2563/2563/2563 2562/2562/2562
f 2563/2563/2563 2564/2564/2564 2562/2562/2562
f 2565/2565/2565 2567/2567/2567 2566/2566/2566
f 2567/2567/2567 2568/2568/2568 2566/2566/2566
f 2569/2569/2569 2571/2571/2571 2570/2570/2570
f 2571/2571/2571 2572/2572/2572 2570/2570/2570
f 2573/2573/2573 2575/2575/2575 2574/2574/2574
f 2575/2575/2575 2576/2576/2576 2574/2574/2574
f 2577/2577/2577 2579/2579/2579 2578/2578/2578
f 2579/2579/2579 2580/2580/2580 2578/2578/2578
o entry_mullion_39
usemtl mullion
v -0.6066666680077706 3.6999999530613423 9.045000049173831
v -0.6066666680077706 3.6999999530613423 8.845000046193599
v -0.6066666680077706 0.10000004842877397 9.045000049173831
v -0.6066666680077706 0.10000004842877397 8.845000046193599
v -0.7266666653255616 3.6999999530613423 8.845000046193599
v -0.7266666653255616 3.6999999530613423 9.045000049173831
v -0.7266666653255616 0.10000004842877397 8.845000046193599
v -0.7266666653255616 0.10000004842877397 9.045000049173831
v -0.7266666653255616 3.6999999530613423 8.845000046193599
v -0.6066666680077706 3.6999999530613423 8.845000046193599
v -0.7266666653255616 3.6999999530613423 9.045000049173831
v -0.6066666680077706 3.6999999530613423 9.045000049173831
v -0.7266666653255616 0.10000004842877397 9.045000049173831
v -0.6066666680077706 0.10000004842877397 9.045000049173831
v -0.7266666653255616 0.10000004842877397 8.845000046193599
v -0.6066666680077706 0.10000004842877397 8.845000046193599
v -0.7266666653255616 3.6999999530613423 9.045000049173831
v -0.6066666680077706 3.6999999530613423 9.045000049173831
v -0.7266666653255616 0.10000004842877397 9.045000049173831
v -0.6066666680077706 0.10000004842877397 9.045000049173831
v -0.6066666680077706 3.6999999530613423 8.845000046193599
v -0.7266666653255616 3.6999999530613423 8.845000046193599
v -0.6066666680077706 0.10000004842877397 8.845000046193599
v -0.7266666653255616 0.10000004842877397 8.845000046193599
vt 0 1
vt 1 1
vt 0 0
vt 1 0
vt 0 1
vt 1 1
vt 0 0
vt 1 0
vt 0 1
vt 1 1
vt 0 0
vt 1 0
vt 0 1
vt 1 1
vt 0 0
vt 1 0
vt 0 1
vt 1 1
vt 0 0
vt 1 0
vt 0 1
vt 1 1
vt 0 0
vt 1 0
vn 1 0 0
vn 1 0 0
vn 1 0 0
vn 1 0 0
vn -1 0 0
vn -1 0 0
vn -1 0 0
vn -1 0 0
vn 0 1 0
vn 0 1 0
vn 0 1 0
vn 0 1 0
vn 0 -1 0
vn 0 -1 0
vn 0 -1 0
vn 0 -1 0
vn 0 0 1
vn 0 0 1
vn 0 0 1
vn 0 0 1
vn 0 0 -1
vn 0 0 -1
vn 0 0 -1
vn 0 0 -1
f 2581/2581/2581 2583/2583/2583 2582/2582/2582
f 2583/2583/2583 2584/2584/2584 2582/2582/2582
f 2585/2585/2585 2587/2587/2587 2586/2586/2586
f 2587/2587/2587 2588/2588/2588 2586/2586/2586
f 2589/2589/2589 2591/2591/2591 2590/2590/2590
f 2591/2591/2591 2592/2592/2592 2590/2590/2590
f 2593/2593/2593 2595/2595/2595 2594/2594/2594
f 2595/2595/2595 2596/2596/2596 2594/2594/2594
f 2597/2597/2597 2599/2599/2599 2598/2598/2598
f 2599/2599/2599 2600/2600/2600 2598/2598/2598
f 2601/2601/2601 2603/2603/2603 2602/2602/2602
f 2603/2603/2603 2604/2604/2604 2602/2602/2602
o entry_mullion_40
usemtl mullion
v 0.9266666653255626 3.6999999530613423 9.045000049173831
v 0.9266666653255626 3.6999999530613423 8.845000046193599
v 0.9266666653255626 0.10000004842877397 9.045000049173831
v 0.9266666653255626 0.10000004842877397 8.845000046193599
v 0.8066666680077716 3.6999999530613423 8.845000046193599
v 0.8066666680077716 3.6999999530613423 9.045000049173831
v 0.8066666680077716 0.10000004842877397 8.845000046193599
v 0.8066666680077716 0.10000004842877397 9.045000049173831
v 0.8066666680077716 3.6999999530613423 8.845000046193599
v 0.9266666653255626 3.6999999530613423 8.845000046193599
v 0.8066666680077716 3.6999999530613423 9.045000049173831
v 0.9266666653255626 3.6999999530613423 9.045000049173831
v 0.8066666680077716 0.10000004842877397 9.045000049173831
v 0.9266666653255626 0.10000004842877397 9.045000049173831
v 0.8066666680077716 0.10000004842877397 8.845000046193599
v 0.9266666653255626 0.10000004842877397 8.845000046193599
v 0.8066666680077716 3.6999999530613423 9.045000049173831
v 0.9266666653255626 3.6999999530613423 9.045000049173831
v 0.8066666680077716 0.10000004842877397 9.045000049173831
v 0.9266666653255626 0.10000004842877397 9.045000049173831
v 0.9266666653255626 3.6999999530613423 8.845000046193599
v 0.8066666680077716 3.6999999530613423 8.845000046193599
v 0.9266666653255626 0.10000004842877397 8.845000046193599
v 0.8066666680077716 0.10000004842877397 8.845000046193599
vt 0 1
vt 1 1
vt 0 0
vt 1 0
vt 0 1
vt 1 1
vt 0 0
vt 1 0
vt 0 1
vt 1 1
vt 0 0
vt 1 0
vt 0 1
vt 1 1
vt 0 0
vt 1 0
vt 0 1
vt 1 1
vt 0 0
vt 1 0
vt 0 1
vt 1 1
vt 0 0
vt 1 0
vn 1 0 0
vn 1 0 0
vn 1 0 0
vn 1 0 0
vn -1 0 0
vn -1 0 0
vn -1 0 0
vn -1 0 0
vn 0 1 0
vn 0 1 0
vn 0 1 0
vn 0 1 0
vn 0 -1 0
vn 0 -1 0
vn 0 -1 0
vn 0 -1 0
vn 0 0 1
vn 0 0 1
vn 0 0 1
vn 0 0 1
vn 0 0 -1
vn 0 0 -1
vn 0 0 -1
vn 0 0 -1
f 2605/2605/2605 2607/2607/2607 2606/2606/2606
f 2607/2607/2607 2608/2608/2608 2606/2606/2606
f 2609/2609/2609 2611/2611/2611 2610/2610/2610
f 2611/2611/2611 2612/2612/2612 2610/2610/2610
f 2613/2613/2613 2615/2615/2615 2614/2614/2614
f 2615/2615/2615 2616/2616/2616 2614/2614/2614
f 2617/2617/2617 2619/2619/2619 2618/2618/2618
f 2619/2619/2619 2620/2620/2620 2618/2618/2618
f 2621/2621/2621 2623/2623/2623 2622/2622/2622
f 2623/2623/2623 2624/2624/2624 2622/2622/2622
f 2625/2625/2625 2627/2627/2627 2626/2626/2626
f 2627/2627/2627 2628/2628/2628 2626/2626/2626
o entry_mullion_41
usemtl mullion
v 2.459999998658896 3.6999999530613423 9.045000049173831
v 2.459999998658896 3.6999999530613423 8.845000046193599
v 2.459999998658896 0.10000004842877397 9.045000049173831
v 2.459999998658896 0.10000004842877397 8.845000046193599
v 2.340000001341105 3.6999999530613423 8.845000046193599
v 2.340000001341105 3.6999999530613423 9.045000049173831
v 2.340000001341105 0.10000004842877397 8.845000046193599
v 2.340000001341105 0.10000004842877397 9.045000049173831
v 2.340000001341105 3.6999999530613423 8.845000046193599
v 2.459999998658896 3.6999999530613423 8.845000046193599
v 2.340000001341105 3.6999999530613423 9.045000049173831
v 2.459999998658896 3.6999999530613423 9.045000049173831
v 2.340000001341105 0.10000004842877397 9.045000049173831
v 2.459999998658896 0.10000004842877397 9.045000049173831
v 2.340000001341105 0.10000004842877397 8.845000046193599
v 2.459999998658896 0.10000004842877397 8.845000046193599
v 2.340000001341105 3.6999999530613423 9.045000049173831
v 2.459999998658896 3.6999999530613423 9.045000049173831
v 2.340000001341105 0.10000004842877397 9.045000049173831
v 2.459999998658896 0.10000004842877397 9.045000049173831
v 2.459999998658896 3.6999999530613423 8.845000046193599
v 2.340000001341105 3.6999999530613423 8.845000046193599
v 2.459999998658896 0.10000004842877397 8.845000046193599
v 2.340000001341105 0.10000004842877397 8.845000046193599
vt 0 1
vt 1 1
vt 0 0
vt 1 0
vt 0 1
vt 1 1
vt 0 0
vt 1 0
vt 0 1
vt 1 1
vt 0 0
vt 1 0
vt 0 1
vt 1 1
vt 0 0
vt 1 0
vt 0 1
vt 1 1
vt 0 0
vt 1 0
vt 0 1
vt 1 1
vt 0 0
vt 1 0
vn 1 0 0
vn 1 0 0
vn 1 0 0
vn 1 0 0
vn -1 0 0
vn -1 0 0
vn -1 0 0
vn -1 0 0
vn 0 1 0
vn 0 1 0
vn 0 1 0
vn 0 1 0
vn 0 -1 0
vn 0 -1 0
vn 0 -1 0
vn 0 -1 0
vn 0 0 1
vn 0 0 1
vn 0 0 1
vn 0 0 1
vn 0 0 -1
vn 0 0 -1
vn 0 0 -1
vn 0 0 -1
f 2629/2629/2629 2631/2631/2631 2630/2630/2630
f 2631/2631/2631 2632/2632/2632 2630/2630/2630
f 2633/2633/2633 2635/2635/2635 2634/2634/2634
f 2635/2635/2635 2636/2636/2636 2634/2634/2634
f 2637/2637/2637 2639/2639/2639 2638/2638/2638
f 2639/2639/2639 2640/2640/2640 2638/2638/2638
f 2641/2641/2641 2643/2643/2643 2642/2642/2642
f 2643/2643/2643 2644/2644/2644 2642/2642/2642
f 2645/2645/2645 2647/2647/2647 2646/2646/2646
f 2647/2647/2647 2648/2648/2648 2646/2646/2646
f 2649/2649/2649 2651/2651/2651 2650/2650/2650
f 2651/2651/2651 2652/2652/2652 2650/2650/2650
o entry_mullion_42
usemtl mullion
v 3.993333331992229 3.6999999530613423 9.045000049173831
v 3.993333331992229 3.6999999530613423 8.845000046193599
v 3.993333331992229 0.10000004842877397 9.045000049173831
v 3.993333331992229 0.10000004842877397 8.845000046193599
v 3.873333334674438 3.6999999530613423 8.845000046193599
v 3.873333334674438 3.6999999530613423 9.045000049173831
v 3.873333334674438 0.10000004842877397 8.845000046193599
v 3.873333334674438 0.10000004842877397 9.045000049173831
v 3.873333334674438 3.6999999530613423 8.845000046193599
v 3.993333331992229 3.6999999530613423 8.845000046193599
v 3.873333334674438 3.6999999530613423 9.045000049173831
v 3.993333331992229 3.6999999530613423 9.045000049173831
v 3.873333334674438 0.10000004842877397 9.045000049173831
v 3.993333331992229 0.10000004842877397 9.045000049173831
v 3.873333334674438 0.10000004842877397 8.845000046193599
v 3.993333331992229 0.10000004842877397 8.845000046193599
v 3.873333334674438 3.6999999530613423 9.045000049173831
v 3.993333331992229 3.6999999530613423 9.045000049173831
v 3.873333334674438 0.10000004842877397 9.045000049173831
v 3.993333331992229 0.10000004842877397 9.045000049173831
v 3.993333331992229 3.6999999530613423 8.845000046193599
v 3.873333334674438 3.6999999530613423 8.845000046193599
v 3.993333331992229 0.10000004842877397 8.845000046193599
v 3.873333334674438 0.10000004842877397 8.845000046193599
vt 0 1
vt 1 1
vt 0 0
vt 1 0
vt 0 1
vt 1 1
vt 0 0
vt 1 0
vt 0 1
vt 1 1
vt 0 0
vt 1 0
vt 0 1
vt 1 1
vt 0 0
vt 1 0
vt 0 1
vt 1 1
vt 0 0
vt 1 0
vt 0 1
vt 1 1
vt 0 0
vt 1 0
vn 1 0 0
vn 1 0 0
vn 1 0 0
vn 1 0 0
vn -1 0 0
vn -1 0 0
vn -1 0 0
vn -1 0 0
vn 0 1 0
vn 0 1 0
vn 0 1 0
vn 0 1 0
vn 0 -1 0
vn 0 -1 0
vn 0 -1 0
vn 0 -1 0
vn 0 0 1
vn 0 0 1
vn 0 0 1
vn 0 0 1
vn 0 0 -1
vn 0 0 -1
vn 0 0 -1
vn 0 0 -1
f 2653/2653/2653 2655/2655/2655 2654/2654/2654
f 2655/2655/2655 2656/2656/2656 2654/2654/2654
f 2657/2657/2657 2659/2659/2659 2658/2658/2658
f 2659/2659/2659 2660/2660/2660 2658/2658/2658
f 2661/2661/2661 2663/2663/2663 2662/2662/2662
f 2663/2663/2663 2664/2664/2664 2662/2662/2662
f 2665/2665/2665 2667/2667/2667 2666/2666/2666
f 2667/2667/2667 2668/2668/2668 2666/2666/2666
f 2669/2669/2669 2671/2671/2671 2670/2670/2670
f 2671/2671/2671 2672/2672/2672 2670/2670/2670
f 2673/2673/2673 2675/2675/2675 2674/2674/2674
f 2675/2675/2675 2676/2676/2676 2674/2674/2674
o entry_mullion_43
usemtl mullion
v 5.526666665325564 3.6999999530613423 9.045000049173831
v 5.526666665325564 3.6999999530613423 8.845000046193599
v 5.526666665325564 0.10000004842877397 9.045000049173831
v 5.526666665325564 0.10000004842877397 8.845000046193599
v 5.406666668007773 3.6999999530613423 8.845000046193599
v 5.406666668007773 3.6999999530613423 9.045000049173831
v 5.406666668007773 0.10000004842877397 8.845000046193599
v 5.406666668007773 0.10000004842877397 9.045000049173831
v 5.406666668007773 3.6999999530613423 8.845000046193599
v 5.526666665325564 3.6999999530613423 8.845000046193599
v 5.406666668007773 3.6999999530613423 9.045000049173831
v 5.526666665325564 3.6999999530613423 9.045000049173831
v 5.406666668007773 0.10000004842877397 9.045000049173831
v 5.526666665325564 0.10000004842877397 9.045000049173831
v 5.406666668007773 0.10000004842877397 8.845000046193599
v 5.526666665325564 0.10000004842877397 8.845000046193599
v 5.406666668007773 3.6999999530613423 9.045000049173831
v 5.526666665325564 3.6999999530613423 9.045000049173831
v 5.406666668007773 0.10000004842877397 9.045000049173831
v 5.526666665325564 0.10000004842877397 9.045000049173831
v 5.526666665325564 3.6999999530613423 8.845000046193599
v 5.406666668007773 3.6999999530613423 8.845000046193599
v 5.526666665325564 0.10000004842877397 8.845000046193599
v 5.406666668007773 0.10000004842877397 8.845000046193599
vt 0 1
vt 1 1
vt 0 0
vt 1 0
vt 0 1
vt 1 1
vt 0 0
vt 1 0
vt 0 1
vt 1 1
vt 0 0
vt 1 0
vt 0 1
vt 1 1
vt 0 0
vt 1 0
vt 0 1
vt 1 1
vt 0 0
vt 1 0
vt 0 1
vt 1 1
vt 0 0
vt 1 0
vn 1 0 0
vn 1 0 0
vn 1 0 0
vn 1 0 0
vn -1 0 0
vn -1 0 0
vn -1 0 0
vn -1 0 0
vn 0 1 0
vn 0 1 0
vn 0 1 0
vn 0 1 0
vn 0 -1 0
vn 0 -1 0
vn 0 -1 0
vn 0 -1 0
vn 0 0 1
vn 0 0 1
vn 0 0 1
vn 0 0 1
vn 0 0 -1
vn 0 0 -1
vn 0 0 -1
vn 0 0 -1
f 2677/2677/2677 2679/2679/2679 2678/2678/2678
f 2679/2679/2679 2680/2680/2680 2678/2678/2678
f 2681/2681/2681 2683/2683/2683 2682/2682/2682
f 2683/2683/2683 2684/2684/2684 2682/2682/2682
f 2685/2685/2685 2687/2687/2687 2686/2686/2686
f 2687/2687/2687 2688/2688/2688 2686/2686/2686
f 2689/2689/2689 2691/2691/2691 2690/2690/2690
f 2691/2691/2691 2692/2692/2692 2690/2690/2690
f 2693/2693/2693 2695/2695/2695 2694/2694/2694
f 2695/2695/2695 2696/2696/2696 2694/2694/2694
f 2697/2697/2697 2699/2699/2699 2698/2698/2698
f 2699/2699/2699 2700/2700/2700 2698/2698/2698
o entry_mullion_44
usemtl mullion
v 7.0599999986588955 3.6999999530613423 9.045000049173831
v 7.0599999986588955 3.6999999530613423 8.845000046193599
v 7.0599999986588955 0.10000004842877397 9.045000049173831
v 7.0599999986588955 0.10000004842877397 8.845000046193599
v 6.9400000013411045 3.6999999530613423 8.845000046193599
v 6.9400000013411045 3.6999999530613423 9.045000049173831
v 6.9400000013411045 0.10000004842877397 8.845000046193599
v 6.9400000013411045 0.10000004842877397 9.045000049173831
v 6.9400000013411045 3.6999999530613423 8.845000046193599
v 7.0599999986588955 3.6999999530613423 8.845000046193599
v 6.9400000013411045 3.6999999530613423 9.045000049173831
v 7.0599999986588955 3.6999999530613423 9.045000049173831
v 6.9400000013411045 0.10000004842877397 9.045000049173831
v 7.0599999986588955 0.10000004842877397 9.045000049173831
v 6.9400000013411045 0.10000004842877397 8.845000046193599
v 7.0599999986588955 0.10000004842877397 8.845000046193599
v 6.9400000013411045 3.6999999530613423 9.045000049173831
v 7.0599999986588955 3.6999999530613423 9.045000049173831
v 6.9400000013411045 0.10000004842877397 9.045000049173831
v 7.0599999986588955 0.10000004842877397 9.045000049173831
v 7.0599999986588955 3.6999999530613423 8.845000046193599
v 6.9400000013411045 3.6999999530613423 8.845000046193599
v 7.0599999986588955 0.10000004842877397 8.845000046193599
v 6.9400000013411045 0.10000004842877397 8.845000046193599
vt 0 1
vt 1 1
vt 0 0
vt 1 0
vt 0 1
vt 1 1
vt 0 0
vt 1 0
vt 0 1
vt 1 1
vt 0 0
vt 1 0
vt 0 1
vt 1 1
vt 0 0
vt 1 0
vt 0 1
vt 1 1
vt 0 0
vt 1 0
vt 0 1
vt 1 1
vt 0 0
vt 1 0
vn 1 0 0
vn 1 0 0
vn 1 0 0
vn 1 0 0
vn -1 0 0
vn -1 0 0
vn -1 0 0
vn -1 0 0
vn 0 1 0
vn 0 1 0
vn 0 1 0
vn 0 1 0
vn 0 -1 0
vn 0 -1 0
vn 0 -1 0
vn 0 -1 0
vn 0 0 1
vn 0 0 1
vn 0 0 1
vn 0 0 1
vn 0 0 -1
vn 0 0 -1
vn 0 0 -1
vn 0 0 -1
f 2701/2701/2701 2703/2703/2703 2702/2702/2702
f 2703/2703/2703 2704/2704/2704 2702/2702/2702
f 2705/2705/2705 2707/2707/2707 2706/2706/2706
f 2707/2707/2707 2708/2708/2708 2706/2706/2706
f 2709/2709/2709 2711/2711/2711 2710/2710/2710
f 2711/2711/2711 2712/2712/2712 2710/2710/2710
f 2713/2713/2713 2715/2715/2715 2714/2714/2714
f 2715/2715/2715 2716/2716/2716 2714/2714/2714
f 2717/2717/2717 2719/2719/2719 2718/2718/2718
f 2719/2719/2719 2720/2720/2720 2718/2718/2718
f 2721/2721/2721 2723/2723/2723 2722/2722/2722
f 2723/2723/2723 2724/2724/2724 2722/2722/2722
o door_pull_45
usemtl coping_gray
v -6.064999999850988 2.100000000745058 9.155000048428773
v -6.064999999850988 2.100000000745058 9.055000046938657
v -6.064999999850988 1.100000000745058 9.155000048428773
v -6.064999999850988 1.100000000745058 9.055000046938657
v -6.135000000149011 2.100000000745058 9.055000046938657
v -6.135000000149011 2.100000000745058 9.155000048428773
v -6.135000000149011 1.100000000745058 9.055000046938657
v -6.135000000149011 1.100000000745058 9.155000048428773
v -6.135000000149011 2.100000000745058 9.055000046938657
v -6.064999999850988 2.100000000745058 9.055000046938657
v -6.135000000149011 2.100000000745058 9.155000048428773
v -6.064999999850988 2.100000000745058 9.155000048428773
v -6.135000000149011 1.100000000745058 9.155000048428773
v -6.064999999850988 1.100000000745058 9.155000048428773
v -6.135000000149011 1.100000000745058 9.055000046938657
v -6.064999999850988 1.100000000745058 9.055000046938657
v -6.135000000149011 2.100000000745058 9.155000048428773
v -6.064999999850988 2.100000000745058 9.155000048428773
v -6.135000000149011 1.100000000745058 9.155000048428773
v -6.064999999850988 1.100000000745058 9.155000048428773
v -6.064999999850988 2.100000000745058 9.055000046938657
v -6.135000000149011 2.100000000745058 9.055000046938657
v -6.064999999850988 1.100000000745058 9.055000046938657
v -6.135000000149011 1.100000000745058 9.055000046938657
vt 0 1
vt 1 1
vt 0 0
vt 1 0
vt 0 1
vt 1 1
vt 0 0
vt 1 0
vt 0 1
vt 1 1
vt 0 0
vt 1 0
vt 0 1
vt 1 1
vt 0 0
vt 1 0
vt 0 1
vt 1 1
vt 0 0
vt 1 0
vt 0 1
vt 1 1
vt 0 0
vt 1 0
vn 1 0 0
vn 1 0 0
vn 1 0 0
vn 1 0 0
vn -1 0 0
vn -1 0 0
vn -1 0 0
vn -1 0 0
vn 0 1 0
vn 0 1 0
vn 0 1 0
vn 0 1 0
vn 0 -1 0
vn 0 -1 0
vn 0 -1 0
vn 0 -1 0
vn 0 0 1
vn 0 0 1
vn 0 0 1
vn 0 0 1
vn 0 0 -1
vn 0 0 -1
vn 0 0 -1
vn 0 0 -1
f 2725/2725/2725 2727/2727/2727 2726/2726/2726
f 2727/2727/2727 2728/2728/2728 2726/2726/2726
f 2729/2729/2729 2731/2731/2731 2730/2730/2730
f 2731/2731/2731 2732/2732/2732 2730/2730/2730
f 2733/2733/2733 2735/2735/2735 2734/2734/2734
f 2735/2735/2735 2736/2736/2736 2734/2734/2734
f 2737/2737/2737 2739/2739/2739 2738/2738/2738
f 2739/2739/2739 2740/2740/2740 2738/2738/2738
f 2741/2741/2741 2743/2743/2743 2742/2742/2742
f 2743/2743/2743 2744/2744/2744 2742/2742/2742
f 2745/2745/2745 2747/2747/2747 2746/2746/2746
f 2747/2747/2747 2748/2748/2748 2746/2746/2746
o door_pull_46
usemtl coping_gray
v -4.864999999850989 2.100000000745058 9.155000048428773
v -4.864999999850989 2.100000000745058 9.055000046938657
v -4.864999999850989 1.100000000745058 9.155000048428773
v -4.864999999850989 1.100000000745058 9.055000046938657
v -4.935000000149012 2.100000000745058 9.055000046938657
v -4.935000000149012 2.100000000745058 9.155000048428773
v -4.935000000149012 1.100000000745058 9.055000046938657
v -4.935000000149012 1.100000000745058 9.155000048428773
v -4.935000000149012 2.100000000745058 9.055000046938657
v -4.864999999850989 2.100000000745058 9.055000046938657
v -4.935000000149012 2.100000000745058 9.155000048428773
v -4.864999999850989 2.100000000745058 9.155000048428773
v -4.935000000149012 1.100000000745058 9.155000048428773
v -4.864999999850989 1.100000000745058 9.155000048428773
v -4.935000000149012 1.100000000745058 9.055000046938657
v -4.864999999850989 1.100000000745058 9.055000046938657
v -4.935000000149012 2.100000000745058 9.155000048428773
v -4.864999999850989 2.100000000745058 9.155000048428773
v -4.935000000149012 1.100000000745058 9.155000048428773
v -4.864999999850989 1.100000000745058 9.155000048428773
v -4.864999999850989 2.100000000745058 9.055000046938657
v -4.935000000149012 2.100000000745058 9.055000046938657
v -4.864999999850989 1.100000000745058 9.055000046938657
v -4.935000000149012 1.100000000745058 9.055000046938657
vt 0 1
vt 1 1
vt 0 0
vt 1 0
vt 0 1
vt 1 1
vt 0 0
vt 1 0
vt 0 1
vt 1 1
vt 0 0
vt 1 0
vt 0 1
vt 1 1
vt 0 0
vt 1 0
vt 0 1
vt 1 1
vt 0 0
vt 1 0
vt 0 1
vt 1 1
vt 0 0
vt 1 0
vn 1 0 0
vn 1 0 0
vn 1 0 0
vn 1 0 0
vn -1 0 0
vn -1 0 0
vn -1 0 0
vn -1 0 0
vn 0 1 0
vn 0 1 0
vn 0 1 0
vn 0 1 0
vn 0 -1 0
vn 0 -1 0
vn 0 -1 0
vn 0 -1 0
vn 0 0 1
vn 0 0 1
vn 0 0 1
vn 0 0 1
vn 0 0 -1
vn 0 0 -1
vn 0 0 -1
vn 0 0 -1
f 2749/2749/2749 2751/2751/2751 2750/2750/2750
f 2751/2751/2751 2752/2752/2752 2750/2750/2750
f 2753/2753/2753 2755/2755/2755 2754/2754/2754
f 2755/2755/2755 2756/2756/2756 2754/2754/2754
f 2757/2757/2757 2759/2759/2759 2758/2758/2758
f 2759/2759/2759 2760/2760/2760 2758/2758/2758
f 2761/2761/2761 2763/2763/2763 2762/2762/2762
f 2763/2763/2763 2764/2764/2764 2762/2762/2762
f 2765/2765/2765 2767/2767/2767 2766/2766/2766
f 2767/2767/2767 2768/2768/2768 2766/2766/2766
f 2769/2769/2769 2771/2771/2771 2770/2770/2770
f 2771/2771/2771 2772/2772/2772 2770/2770/2770
o door_pull_47
usemtl coping_gray
v -0.7649999998509887 2.100000000745058 9.155000048428773
v -0.7649999998509887 2.100000000745058 9.055000046938657
v -0.7649999998509887 1.100000000745058 9.155000048428773
v -0.7649999998509887 1.100000000745058 9.055000046938657
v -0.8350000001490119 2.100000000745058 9.055000046938657
v -0.8350000001490119 2.100000000745058 9.155000048428773
v -0.8350000001490119 1.100000000745058 9.055000046938657
v -0.8350000001490119 1.100000000745058 9.155000048428773
v -0.8350000001490119 2.100000000745058 9.055000046938657
v -0.7649999998509887 2.100000000745058 9.055000046938657
v -0.8350000001490119 2.100000000745058 9.155000048428773
v -0.7649999998509887 2.100000000745058 9.155000048428773
v -0.8350000001490119 1.100000000745058 9.155000048428773
v -0.7649999998509887 1.100000000745058 9.155000048428773
v -0.8350000001490119 1.100000000745058 9.055000046938657
v -0.7649999998509887 1.100000000745058 9.055000046938657
v -0.8350000001490119 2.100000000745058 9.155000048428773
v -0.7649999998509887 2.100000000745058 9.155000048428773
v -0.8350000001490119 1.100000000745058 9.155000048428773
v -0.7649999998509887 1.100000000745058 9.155000048428773
v -0.7649999998509887 2.100000000745058 9.055000046938657
v -0.8350000001490119 2.100000000745058 9.055000046938657
v -0.7649999998509887 1.100000000745058 9.055000046938657
v -0.8350000001490119 1.100000000745058 9.055000046938657
vt 0 1
vt 1 1
vt 0 0
vt 1 0
vt 0 1
vt 1 1
vt 0 0
vt 1 0
vt 0 1
vt 1 1
vt 0 0
vt 1 0
vt 0 1
vt 1 1
vt 0 0
vt 1 0
vt 0 1
vt 1 1
vt 0 0
vt 1 0
vt 0 1
vt 1 1
vt 0 0
vt 1 0
vn 1 0 0
vn 1 0 0
vn 1 0 0
vn 1 0 0
vn -1 0 0
vn -1 0 0
vn -1 0 0
vn -1 0 0
vn 0 1 0
vn 0 1 0
vn 0 1 0
vn 0 1 0
vn 0 -1 0
vn 0 -1 0
vn 0 -1 0
vn 0 -1 0
vn 0 0 1
vn 0 0 1
vn 0 0 1
vn 0 0 1
vn 0 0 -1
vn 0 0 -1
vn 0 0 -1
vn 0 0 -1
f 2773/2773/2773 2775/2775/2775 2774/2774/2774
f 2775/2775/2775 2776/2776/2776 2774/2774/2774
f 2777/2777/2777 2779/2779/2779 2778/2778/2778
f 2779/2779/2779 2780/2780/2780 2778/2778/2778
f 2781/2781/2781 2783/2783/2783 2782/2782/2782
f 2783/2783/2783 2784/2784/2784 2782/2782/2782
f 2785/2785/2785 2787/2787/2787 2786/2786/2786
f 2787/2787/2787 2788/2788/2788 2786/2786/2786
f 2789/2789/2789 2791/2791/2791 2790/2790/2790
f 2791/2791/2791 2792/2792/2792 2790/2790/2790
f 2793/2793/2793 2795/2795/2795 2794/2794/2794
f 2795/2795/2795 2796/2796/2796 2794/2794/2794
o door_pull_48
usemtl coping_gray
v 0.4350000001490115 2.100000000745058 9.155000048428773
v 0.4350000001490115 2.100000000745058 9.055000046938657
v 0.4350000001490115 1.100000000745058 9.155000048428773
v 0.4350000001490115 1.100000000745058 9.055000046938657
v 0.3649999998509883 2.100000000745058 9.055000046938657
v 0.3649999998509883 2.100000000745058 9.155000048428773
v 0.3649999998509883 1.100000000745058 9.055000046938657
v 0.3649999998509883 1.100000000745058 9.155000048428773
v 0.3649999998509883 2.100000000745058 9.055000046938657
v 0.4350000001490115 2.100000000745058 9.055000046938657
v 0.3649999998509883 2.100000000745058 9.155000048428773
v 0.4350000001490115 2.100000000745058 9.155000048428773
v 0.3649999998509883 1.100000000745058 9.155000048428773
v 0.4350000001490115 1.100000000745058 9.155000048428773
v 0.3649999998509883 1.100000000745058 9.055000046938657
v 0.4350000001490115 1.100000000745058 9.055000046938657
v 0.3649999998509883 2.100000000745058 9.155000048428773
v 0.4350000001490115 2.100000000745058 9.155000048428773
v 0.3649999998509883 1.100000000745058 9.155000048428773
v 0.4350000001490115 1.100000000745058 9.155000048428773
v 0.4350000001490115 2.100000000745058 9.055000046938657
v 0.3649999998509883 2.100000000745058 9.055000046938657
v 0.4350000001490115 1.100000000745058 9.055000046938657
v 0.3649999998509883 1.100000000745058 9.055000046938657
vt 0 1
vt 1 1
vt 0 0
vt 1 0
vt 0 1
vt 1 1
vt 0 0
vt 1 0
vt 0 1
vt 1 1
vt 0 0
vt 1 0
vt 0 1
vt 1 1
vt 0 0
vt 1 0
vt 0 1
vt 1 1
vt 0 0
vt 1 0
vt 0 1
vt 1 1
vt 0 0
vt 1 0
vn 1 0 0
vn 1 0 0
vn 1 0 0
vn 1 0 0
vn -1 0 0
vn -1 0 0
vn -1 0 0
vn -1 0 0
vn 0 1 0
vn 0 1 0
vn 0 1 0
vn 0 1 0
vn 0 -1 0
vn 0 -1 0
vn 0 -1 0
vn 0 -1 0
vn 0 0 1
vn 0 0 1
vn 0 0 1
vn 0 0 1
vn 0 0 -1
vn 0 0 -1
vn 0 0 -1
vn 0 0 -1
f 2797/2797/2797 2799/2799/2799 2798/2798/2798
f 2799/2799/2799 2800/2800/2800 2798/2798/2798
f 2801/2801/2801 2803/2803/2803 2802/2802/2802
f 2803/2803/2803 2804/2804/2804 2802/2802/2802
f 2805/2805/2805 2807/2807/2807 2806/2806/2806
f 2807/2807/2807 2808/2808/2808 2806/2806/2806
f 2809/2809/2809 2811/2811/2811 2810/2810/2810
f 2811/2811/2811 2812/2812/2812 2810/2810/2810
f 2813/2813/2813 2815/2815/2815 2814/2814/2814
f 2815/2815/2815 2816/2816/2816 2814/2814/2814
f 2817/2817/2817 2819/2819/2819 2818/2818/2818
f 2819/2819/2819 2820/2820/2820 2818/2818/2818
o west_glass_bay_49
usemtl glass
v -14.899999999254941 3.500000048428774 8.525
v -14.899999999254941 3.500000048428774 3.925000095367432
v -14.899999999254941 0.09999995306134224 8.525
v -14.899999999254941 0.09999995306134224 3.925000095367432
v -15.000000000745057 3.500000048428774 3.925000095367432
v -15.000000000745057 3.500000048428774 8.525
v -15.000000000745057 0.09999995306134224 3.925000095367432
v -15.000000000745057 0.09999995306134224 8.525
v -15.000000000745057 3.500000048428774 3.925000095367432
v -14.899999999254941 3.500000048428774 3.925000095367432
v -15.000000000745057 3.500000048428774 8.525
v -14.899999999254941 3.500000048428774 8.525
v -15.000000000745057 0.09999995306134224 8.525
v -14.899999999254941 0.09999995306134224 8.525
v -15.000000000745057 0.09999995306134224 3.925000095367432
v -14.899999999254941 0.09999995306134224 3.925000095367432
v -15.000000000745057 3.500000048428774 8.525
v -14.899999999254941 3.500000048428774 8.525
v -15.000000000745057 0.09999995306134224 8.525
v -14.899999999254941 0.09999995306134224 8.525
v -14.899999999254941 3.500000048428774 3.925000095367432
v -15.000000000745057 3.500000048428774 3.925000095367432
v -14.899999999254941 0.09999995306134224 3.925000095367432
v -15.000000000745057 0.09999995306134224 3.925000095367432
vt 0 1
vt 1 1
vt 0 0
vt 1 0
vt 0 1
vt 1 1
vt 0 0
vt 1 0
vt 0 1
vt 1 1
vt 0 0
vt 1 0
vt 0 1
vt 1 1
vt 0 0
vt 1 0
vt 0 1
vt 1 1
vt 0 0
vt 1 0
vt 0 1
vt 1 1
vt 0 0
vt 1 0
vn 1 0 0
vn 1 0 0
vn 1 0 0
vn 1 0 0
vn -1 0 0
vn -1 0 0
vn -1 0 0
vn -1 0 0
vn 0 1 0
vn 0 1 0
vn 0 1 0
vn 0 1 0
vn 0 -1 0
vn 0 -1 0
vn 0 -1 0
vn 0 -1 0
vn 0 0 1
vn 0 0 1
vn 0 0 1
vn 0 0 1
vn 0 0 -1
vn 0 0 -1
vn 0 0 -1
vn 0 0 -1
f 2821/2821/2821 2823/2823/2823 2822/2822/2822
f 2823/2823/2823 2824/2824/2824 2822/2822/2822
f 2825/2825/2825 2827/2827/2827 2826/2826/2826
f 2827/2827/2827 2828/2828/2828 2826/2826/2826
f 2829/2829/2829 2831/2831/2831 2830/2830/2830
f 2831/2831/2831 2832/2832/2832 2830/2830/2830
f 2833/2833/2833 2835/2835/2835 2834/2834/2834
f 2835/2835/2835 2836/2836/2836 2834/2834/2834
f 2837/2837/2837 2839/2839/2839 2838/2838/2838
f 2839/2839/2839 2840/2840/2840 2838/2838/2838
f 2841/2841/2841 2843/2843/2843 2842/2842/2842
f 2843/2843/2843 2844/2844/2844 2842/2842/2842
o west_mullion_50
usemtl mullion
v -14.849999998509883 3.500000048428774 8.285000046342612
v -14.849999998509883 3.500000048428774 8.16500004902482
v -14.849999998509883 0.09999995306134224 8.285000046342612
v -14.849999998509883 0.09999995306134224 8.16500004902482
v -15.050000001490115 3.500000048428774 8.16500004902482
v -15.050000001490115 3.500000048428774 8.285000046342612
v -15.050000001490115 0.09999995306134224 8.16500004902482
v -15.050000001490115 0.09999995306134224 8.285000046342612
v -15.050000001490115 3.500000048428774 8.16500004902482
v -14.849999998509883 3.500000048428774 8.16500004902482
v -15.050000001490115 3.500000048428774 8.285000046342612
v -14.849999998509883 3.500000048428774 8.285000046342612
v -15.050000001490115 0.09999995306134224 8.285000046342612
v -14.849999998509883 0.09999995306134224 8.285000046342612
v -15.050000001490115 0.09999995306134224 8.16500004902482
v -14.849999998509883 0.09999995306134224 8.16500004902482
v -15.050000001490115 3.500000048428774 8.285000046342612
v -14.849999998509883 3.500000048428774 8.285000046342612
v -15.050000001490115 0.09999995306134224 8.285000046342612
v -14.849999998509883 0.09999995306134224 8.285000046342612
v -14.849999998509883 3.500000048428774 8.16500004902482
v -15.050000001490115 3.500000048428774 8.16500004902482
v -14.849999998509883 0.09999995306134224 8.16500004902482
v -15.050000001490115 0.09999995306134224 8.16500004902482
vt 0 1
vt 1 1
vt 0 0
vt 1 0
vt 0 1
vt 1 1
vt 0 0
vt 1 0
vt 0 1
vt 1 1
vt 0 0
vt 1 0
vt 0 1
vt 1 1
vt 0 0
vt 1 0
vt 0 1
vt 1 1
vt 0 0
vt 1 0
vt 0 1
vt 1 1
vt 0 0
vt 1 0
vn 1 0 0
vn 1 0 0
vn 1 0 0
vn 1 0 0
vn -1 0 0
vn -1 0 0
vn -1 0 0
vn -1 0 0
vn 0 1 0
vn 0 1 0
vn 0 1 0
vn 0 1 0
vn 0 -1 0
vn 0 -1 0
vn 0 -1 0
vn 0 -1 0
vn 0 0 1
vn 0 0 1
vn 0 0 1
vn 0 0 1
vn 0 0 -1
vn 0 0 -1
vn 0 0 -1
vn 0 0 -1
f 2845/2845/2845 2847/2847/2847 2846/2846/2846
f 2847/2847/2847 2848/2848/2848 2846/2846/2846
f 2849/2849/2849 2851/2851/2851 2850/2850/2850
f 2851/2851/2851 2852/2852/2852 2850/2850/2850
f 2853/2853/2853 2855/2855/2855 2854/2854/2854
f 2855/2855/2855 2856/2856/2856 2854/2854/2854
f 2857/2857/2857 2859/2859/2859 2858/2858/2858
f 2859/2859/2859 2860/2860/2860 2858/2858/2858
f 2861/2861/2861 2863/2863/2863 2862/2862/2862
f 2863/2863/2863 2864/2864/2864 2862/2862/2862
f 2865/2865/2865 2867/2867/2867 2866/2866/2866
f 2867/2867/2867 2868/2868/2868 2866/2866/2866
o west_mullion_51
usemtl mullion
v -14.849999998509883 3.500000048428774 7.365000046342612
v -14.849999998509883 3.500000048428774 7.245000049024821
v -14.849999998509883 0.09999995306134224 7.365000046342612
v -14.849999998509883 0.09999995306134224 7.245000049024821
v -15.050000001490115 3.500000048428774 7.245000049024821
v -15.050000001490115 3.500000048428774 7.365000046342612
v -15.050000001490115 0.09999995306134224 7.245000049024821
v -15.050000001490115 0.09999995306134224 7.365000046342612
v -15.050000001490115 3.500000048428774 7.245000049024821
v -14.849999998509883 3.500000048428774 7.245000049024821
v -15.050000001490115 3.500000048428774 7.365000046342612
v -14.849999998509883 3.500000048428774 7.365000046342612
v -15.050000001490115 0.09999995306134224 7.365000046342612
v -14.849999998509883 0.09999995306134224 7.365000046342612
v -15.050000001490115 0.09999995306134224 7.245000049024821
v -14.849999998509883 0.09999995306134224 7.245000049024821
v -15.050000001490115 3.500000048428774 7.365000046342612
v -14.849999998509883 3.500000048428774 7.365000046342612
v -15.050000001490115 0.09999995306134224 7.365000046342612
v -14.849999998509883 0.09999995306134224 7.365000046342612
v -14.849999998509883 3.500000048428774 7.245000049024821
v -15.050000001490115 3.500000048428774 7.245000049024821
v -14.849999998509883 0.09999995306134224 7.245000049024821
v -15.050000001490115 0.09999995306134224 7.245000049024821
vt 0 1
vt 1 1
vt 0 0
vt 1 0
vt 0 1
vt 1 1
vt 0 0
vt 1 0
vt 0 1
vt 1 1
vt 0 0
vt 1 0
vt 0 1
vt 1 1
vt 0 0
vt 1 0
vt 0 1
vt 1 1
vt 0 0
vt 1 0
vt 0 1
vt 1 1
vt 0 0
vt 1 0
vn 1 0 0
vn 1 0 0
vn 1 0 0
vn 1 0 0
vn -1 0 0
vn -1 0 0
vn -1 0 0
vn -1 0 0
vn 0 1 0
vn 0 1 0
vn 0 1 0
vn 0 1 0
vn 0 -1 0
vn 0 -1 0
vn 0 -1 0
vn 0 -1 0
vn 0 0 1
vn 0 0 1
vn 0 0 1
vn 0 0 1
vn 0 0 -1
vn 0 0 -1
vn 0 0 -1
vn 0 0 -1
f 2869/2869/2869 2871/2871/2871 2870/2870/2870
f 2871/2871/2871 2872/2872/2872 2870/2870/2870
f 2873/2873/2873 2875/2875/2875 2874/2874/2874
f 2875/2875/2875 2876/2876/2876 2874/2874/2874
f 2877/2877/2877 2879/2879/2879 2878/2878/2878
f 2879/2879/2879 2880/2880/2880 2878/2878/2878
f 2881/2881/2881 2883/2883/2883 2882/2882/2882
f 2883/2883/2883 2884/2884/2884 2882/2882/2882
f 2885/2885/2885 2887/2887/2887 2886/2886/2886
f 2887/2887/2887 2888/2888/2888 2886/2886/2886
f 2889/2889/2889 2891/2891/2891 2890/2890/2890
f 2891/2891/2891 2892/2892/2892 2890/2890/2890
o west_mullion_52
usemtl mullion
v -14.849999998509883 3.500000048428774 6.445000046342612
v -14.849999998509883 3.500000048428774 6.325000049024821
v -14.849999998509883 0.09999995306134224 6.445000046342612
v -14.849999998509883 0.09999995306134224 6.325000049024821
v -15.050000001490115 3.500000048428774 6.325000049024821
v -15.050000001490115 3.500000048428774 6.445000046342612
v -15.050000001490115 0.09999995306134224 6.325000049024821
v -15.050000001490115 0.09999995306134224 6.445000046342612
v -15.050000001490115 3.500000048428774 6.325000049024821
v -14.849999998509883 3.500000048428774 6.325000049024821
v -15.050000001490115 3.500000048428774 6.445000046342612
v -14.849999998509883 3.500000048428774 6.445000046342612
v -15.050000001490115 0.09999995306134224 6.445000046342612
v -14.849999998509883 0.09999995306134224 6.445000046342612
v -15.050000001490115 0.09999995306134224 6.325000049024821
v -14.849999998509883 0.09999995306134224 6.325000049024821
v -15.050000001490115 3.500000048428774 6.445000046342612
v -14.849999998509883 3.500000048428774 6.445000046342612
v -15.050000001490115 0.09999995306134224 6.445000046342612
v -14.849999998509883 0.09999995306134224 6.445000046342612
v -14.849999998509883 3.500000048428774 6.325000049024821
v -15.050000001490115 3.500000048428774 6.325000049024821
v -14.849999998509883 0.09999995306134224 6.325000049024821
v -15.050000001490115 0.09999995306134224 6.325000049024821
vt 0 1
vt 1 1
vt 0 0
vt 1 0
vt 0 1
vt 1 1
vt 0 0
vt 1 0
vt 0 1
vt 1 1
vt 0 0
vt 1 0
vt 0 1
vt 1 1
vt 0 0
vt 1 0
vt 0 1
vt 1 1
vt 0 0
vt 1 0
vt 0 1
vt 1 1
vt 0 0
vt 1 0
vn 1 0 0
vn 1 0 0
vn 1 0 0
vn 1 0 0
vn -1 0 0
vn -1 0 0
vn -1 0 0
vn -1 0 0
vn 0 1 0
vn 0 1 0
vn 0 1 0
vn 0 1 0
vn 0 -1 0
vn 0 -1 0
vn 0 -1 0
vn 0 -1 0
vn 0 0 1
vn 0 0 1
vn 0 0 1
vn 0 0 1
vn 0 0 -1
vn 0 0 -1
vn 0 0 -1
vn 0 0 -1
f 2893/2893/2893 2895/2895/2895 2894/2894/2894
f 2895/2895/2895 2896/2896/2896 2894/2894/2894
f 2897/2897/2897 2899/2899/2899 2898/2898/2898
f 2899/2899/2899 2900/2900/2900 2898/2898/2898
f 2901/2901/2901 2903/2903/2903 2902/2902/2902
f 2903/2903/2903 2904/2904/2904 2902/2902/2902
f 2905/2905/2905 2907/2907/2907 2906/2906/2906
f 2907/2907/2907 2908/2908/2908 2906/2906/2906
f 2909/2909/2909 2911/2911/2911 2910/2910/2910
f 2911/2911/2911 2912/2912/2912 2910/2910/2910
f 2913/2913/2913 2915/2915/2915 2914/2914/2914
f 2915/2915/2915 2916/2916/2916 2914/2914/2914
o west_mullion_53
usemtl mullion
v -14.849999998509883 3.500000048428774 5.525000046342612
v -14.849999998509883 3.500000048428774 5.405000049024821
v -14.849999998509883 0.09999995306134224 5.525000046342612
v -14.849999998509883 0.09999995306134224 5.405000049024821
v -15.050000001490115 3.500000048428774 5.405000049024821
v -15.050000001490115 3.500000048428774 5.525000046342612
v -15.050000001490115 0.09999995306134224 5.405000049024821
v -15.050000001490115 0.09999995306134224 5.525000046342612
v -15.050000001490115 3.500000048428774 5.405000049024821
v -14.849999998509883 3.500000048428774 5.405000049024821
v -15.050000001490115 3.500000048428774 5.525000046342612
v -14.849999998509883 3.500000048428774 5.525000046342612
v -15.050000001490115 0.09999995306134224 5.525000046342612
v -14.849999998509883 0.09999995306134224 5.525000046342612
v -15.050000001490115 0.09999995306134224 5.405000049024821
v -14.849999998509883 0.09999995306134224 5.405000049024821
v -15.050000001490115 3.500000048428774 5.525000046342612
v -14.849999998509883 3.500000048428774 5.525000046342612
v -15.050000001490115 0.09999995306134224 5.525000046342612
v -14.849999998509883 0.09999995306134224 5.525000046342612
v -14.849999998509883 3.500000048428774 5.405000049024821
v -15.050000001490115 3.500000048428774 5.405000049024821
v -14.849999998509883 0.09999995306134224 5.405000049024821
v -15.050000001490115 0.09999995306134224 5.405000049024821
vt 0 1
vt 1 1
vt 0 0
vt 1 0
vt 0 1
vt 1 1
vt 0 0
vt 1 0
vt 0 1
vt 1 1
vt 0 0
vt 1 0
vt 0 1
vt 1 1
vt 0 0
vt 1 0
vt 0 1
vt 1 1
vt 0 0
vt 1 0
vt 0 1
vt 1 1
vt 0 0
vt 1 0
vn 1 0 0
vn 1 0 0
vn 1 0 0
vn 1 0 0
vn -1 0 0
vn -1 0 0
vn -1 0 0
vn -1 0 0
vn 0 1 0
vn 0 1 0
vn 0 1 0
vn 0 1 0
vn 0 -1 0
vn 0 -1 0
vn 0 -1 0
vn 0 -1 0
vn 0 0 1
vn 0 0 1
vn 0 0 1
vn 0 0 1
vn 0 0 -1
vn 0 0 -1
vn 0 0 -1
vn 0 0 -1
f 2917/2917/2917 2919/2919/2919 2918/2918/2918
f 2919/2919/2919 2920/2920/2920 2918/2918/2918
f 2921/2921/2921 2923/2923/2923 2922/2922/2922
f 2923/2923/2923 2924/2924/2924 2922/2922/2922
f 2925/2925/2925 2927/2927/2927 2926/2926/2926
f 2927/2927/2927 2928/2928/2928 2926/2926/2926
f 2929/2929/2929 2931/2931/2931 2930/2930/2930
f 2931/2931/2931 2932/2932/2932 2930/2930/2930
f 2933/2933/2933 2935/2935/2935 2934/2934/2934
f 2935/2935/2935 2936/2936/2936 2934/2934/2934
f 2937/2937/2937 2939/2939/2939 2938/2938/2938
f 2939/2939/2939 2940/2940/2940 2938/2938/2938
o west_mullion_54
usemtl mullion
v -14.849999998509883 3.500000048428774 4.605000046342612
v -14.849999998509883 3.500000048428774 4.485000049024821
v -14.849999998509883 0.09999995306134224 4.605000046342612
v -14.849999998509883 0.09999995306134224 4.485000049024821
v -15.050000001490115 3.500000048428774 4.485000049024821
v -15.050000001490115 3.500000048428774 4.605000046342612
v -15.050000001490115 0.09999995306134224 4.485000049024821
v -15.050000001490115 0.09999995306134224 4.605000046342612
v -15.050000001490115 3.500000048428774 4.485000049024821
v -14.849999998509883 3.500000048428774 4.485000049024821
v -15.050000001490115 3.500000048428774 4.605000046342612
v -14.849999998509883 3.500000048428774 4.605000046342612
v -15.050000001490115 0.09999995306134224 4.605000046342612
v -14.849999998509883 0.09999995306134224 4.605000046342612
v -15.050000001490115 0.09999995306134224 4.485000049024821
v -14.849999998509883 0.09999995306134224 4.485000049024821
v -15.050000001490115 3.500000048428774 4.605000046342612
v -14.849999998509883 3.500000048428774 4.605000046342612
v -15.050000001490115 0.09999995306134224 4.605000046342612
v -14.849999998509883 0.09999995306134224 4.605000046342612
v -14.849999998509883 3.500000048428774 4.485000049024821
v -15.050000001490115 3.500000048428774 4.485000049024821
v -14.849999998509883 0.09999995306134224 4.485000049024821
v -15.050000001490115 0.09999995306134224 4.485000049024821
vt 0 1
vt 1 1
vt 0 0
vt 1 0
vt 0 1
vt 1 1
vt 0 0
vt 1 0
vt 0 1
vt 1 1
vt 0 0
vt 1 0
vt 0 1
vt 1 1
vt 0 0
vt 1 0
vt 0 1
vt 1 1
vt 0 0
vt 1 0
vt 0 1
vt 1 1
vt 0 0
vt 1 0
vn 1 0 0
vn 1 0 0
vn 1 0 0
vn 1 0 0
vn -1 0 0
vn -1 0 0
vn -1 0 0
vn -1 0 0
vn 0 1 0
vn 0 1 0
vn 0 1 0
vn 0 1 0
vn 0 -1 0
vn 0 -1 0
vn 0 -1 0
vn 0 -1 0
vn 0 0 1
vn 0 0 1
vn 0 0 1
vn 0 0 1
vn 0 0 -1
vn 0 0 -1
vn 0 0 -1
vn 0 0 -1
f 2941/2941/2941 2943/2943/2943 2942/2942/2942
f 2943/2943/2943 2944/2944/2944 2942/2942/2942
f 2945/2945/2945 2947/2947/2947 2946/2946/2946
f 2947/2947/2947 2948/2948/2948 2946/2946/2946
f 2949/2949/2949 2951/2951/2951 2950/2950/2950
f 2951/2951/2951 2952/2952/2952 2950/2950/2950
f 2953/2953/2953 2955/2955/2955 2954/2954/2954
f 2955/2955/2955 2956/2956/2956 2954/2954/2954
f 2957/2957/2957 2959/2959/2959 2958/2958/2958
f 2959/2959/2959 2960/2960/2960 2958/2958/2958
f 2961/2961/2961 2963/2963/2963 2962/2962/2962
f 2963/2963/2963 2964/2964/2964 2962/2962/2962
o west_mullion_55
usemtl mullion
v -14.849999998509883 3.500000048428774 3.685000046342612
v -14.849999998509883 3.500000048428774 3.565000049024821
v -14.849999998509883 0.09999995306134224 3.685000046342612
v -14.849999998509883 0.09999995306134224 3.565000049024821
v -15.050000001490115 3.500000048428774 3.565000049024821
v -15.050000001490115 3.500000048428774 3.685000046342612
v -15.050000001490115 0.09999995306134224 3.565000049024821
v -15.050000001490115 0.09999995306134224 3.685000046342612
v -15.050000001490115 3.500000048428774 3.565000049024821
v -14.849999998509883 3.500000048428774 3.565000049024821
v -15.050000001490115 3.500000048428774 3.685000046342612
v -14.849999998509883 3.500000048428774 3.685000046342612
v -15.050000001490115 0.09999995306134224 3.685000046342612
v -14.849999998509883 0.09999995306134224 3.685000046342612
v -15.050000001490115 0.09999995306134224 3.565000049024821
v -14.849999998509883 0.09999995306134224 3.565000049024821
v -15.050000001490115 3.500000048428774 3.685000046342612
v -14.849999998509883 3.500000048428774 3.685000046342612
v -15.050000001490115 0.09999995306134224 3.685000046342612
v -14.849999998509883 0.09999995306134224 3.685000046342612
v -14.849999998509883 3.500000048428774 3.565000049024821
v -15.050000001490115 3.500000048428774 3.565000049024821
v -14.849999998509883 0.09999995306134224 3.565000049024821
v -15.050000001490115 0.09999995306134224 3.565000049024821
vt 0 1
vt 1 1
vt 0 0
vt 1 0
vt 0 1
vt 1 1
vt 0 0
vt 1 0
vt 0 1
vt 1 1
vt 0 0
vt 1 0
vt 0 1
vt 1 1
vt 0 0
vt 1 0
vt 0 1
vt 1 1
vt 0 0
vt 1 0
vt 0 1
vt 1 1
vt 0 0
vt 1 0
vn 1 0 0
vn 1 0 0
vn 1 0 0
vn 1 0 0
vn -1 0 0
vn -1 0 0
vn -1 0 0
vn -1 0 0
vn 0 1 0
vn 0 1 0
vn 0 1 0
vn 0 1 0
vn 0 -1 0
vn 0 -1 0
vn 0 -1 0
vn 0 -1 0
vn 0 0 1
vn 0 0 1
vn 0 0 1
vn 0 0 1
vn 0 0 -1
vn 0 0 -1
vn 0 0 -1
vn 0 0 -1
f 2965/2965/2965 2967/2967/2967 2966/2966/2966
f 2967/2967/2967 2968/2968/2968 2966/2966/2966
f 2969/2969/2969 2971/2971/2971 2970/2970/2970
f 2971/2971/2971 2972/2972/2972 2970/2970/2970
f 2973/2973/2973 2975/2975/2975 2974/2974/2974
f 2975/2975/2975 2976/2976/2976 2974/2974/2974
f 2977/2977/2977 2979/2979/2979 2978/2978/2978
f 2979/2979/2979 2980/2980/2980 2978/2978/2978
f 2981/2981/2981 2983/2983/2983 2982/2982/2982
f 2983/2983/2983 2984/2984/2984 2982/2982/2982
f 2985/2985/2985 2987/2987/2987 2986/2986/2986
f 2987/2987/2987 2988/2988/2988 2986/2986/2986
o west_head_rail_56
usemtl mullion
v -14.849999998509883 3.700000002235174 8.525
v -14.849999998509883 3.700000002235174 3.925000095367432
v -14.849999998509883 3.4999999992549418 8.525
v -14.849999998509883 3.4999999992549418 3.925000095367432
v -15.050000001490115 3.700000002235174 3.925000095367432
v -15.050000001490115 3.700000002235174 8.525
v -15.050000001490115 3.4999999992549418 3.925000095367432
v -15.050000001490115 3.4999999992549418 8.525
v -15.050000001490115 3.700000002235174 3.925000095367432
v -14.849999998509883 3.700000002235174 3.925000095367432
v -15.050000001490115 3.700000002235174 8.525
v -14.849999998509883 3.700000002235174 8.525
v -15.050000001490115 3.4999999992549418 8.525
v -14.849999998509883 3.4999999992549418 8.525
v -15.050000001490115 3.4999999992549418 3.925000095367432
v -14.849999998509883 3.4999999992549418 3.925000095367432
v -15.050000001490115 3.700000002235174 8.525
v -14.849999998509883 3.700000002235174 8.525
v -15.050000001490115 3.4999999992549418 8.525
v -14.849999998509883 3.4999999992549418 8.525
v -14.849999998509883 3.700000002235174 3.925000095367432
v -15.050000001490115 3.700000002235174 3.925000095367432
v -14.849999998509883 3.4999999992549418 3.925000095367432
v -15.050000001490115 3.4999999992549418 3.925000095367432
vt 0 1
vt 1 1
vt 0 0
vt 1 0
vt 0 1
vt 1 1
vt 0 0
vt 1 0
vt 0 1
vt 1 1
vt 0 0
vt 1 0
vt 0 1
vt 1 1
vt 0 0
vt 1 0
vt 0 1
vt 1 1
vt 0 0
vt 1 0
vt 0 1
vt 1 1
vt 0 0
vt 1 0
vn 1 0 0
vn 1 0 0
vn 1 0 0
vn 1 0 0
vn -1 0 0
vn -1 0 0
vn -1 0 0
vn -1 0 0
vn 0 1 0
vn 0 1 0
vn 0 1 0
vn 0 1 0
vn 0 -1 0
vn 0 -1 0
vn 0 -1 0
vn 0 -1 0
vn 0 0 1
vn 0 0 1
vn 0 0 1
vn 0 0 1
vn 0 0 -1
vn 0 0 -1
vn 0 0 -1
vn 0 0 -1
f 2989/2989/2989 2991/2991/2991 2990/2990/2990
f 2991/2991/2991 2992/2992/2992 2990/2990/2990
f 2993/2993/2993 2995/2995/2995 2994/2994/2994
f 2995/2995/2995 2996/2996/2996 2994/2994/2994
f 2997/2997/2997 2999/2999/2999 2998/2998/2998
f 2999/2999/2999 3000/3000/3000 2998/2998/2998
f 3001/3001/3001 3003/3003/3003 3002/3002/3002
f 3003/3003/3003 3004/3004/3004 3002/3002/3002
f 3005/3005/3005 3007/3007/3007 3006/3006/3006
f 3007/3007/3007 3008/3008/3008 3006/3006/3006
f 3009/3009/3009 3011/3011/3011 3010/3010/3010
f 3011/3011/3011 3012/3012/3012 3010/3010/3010
o east_window_1_57
usemtl glass
v 10.899999952316284 5.500000000745058 8.90500004634261
v 10.899999952316284 5.500000000745058 8.78500004902482
v 10.899999952316284 4.000000000745058 8.90500004634261
v 10.899999952316284 4.000000000745058 8.78500004902482
v 8.300000047683715 5.500000000745058 8.78500004902482
v 8.300000047683715 5.500000000745058 8.90500004634261
v 8.300000047683715 4.000000000745058 8.78500004902482
v 8.300000047683715 4.000000000745058 8.90500004634261
v 8.300000047683715 5.500000000745058 8.78500004902482
v 10.899999952316284 5.500000000745058 8.78500004902482
v 8.300000047683715 5.500000000745058 8.90500004634261
v 10.899999952316284 5.500000000745058 8.90500004634261
v 8.300000047683715 4.000000000745058 8.90500004634261
v 10.899999952316284 4.000000000745058 8.90500004634261
v 8.300000047683715 4.000000000745058 8.78500004902482
v 10.899999952316284 4.000000000745058 8.78500004902482
v 8.300000047683715 5.500000000745058 8.90500004634261
v 10.899999952316284 5.500000000745058 8.90500004634261
v 8.300000047683715 4.000000000745058 8.90500004634261
v 10.899999952316284 4.000000000745058 8.90500004634261
v 10.899999952316284 5.500000000745058 8.78500004902482
v 8.300000047683715 5.500000000745058 8.78500004902482
v 10.899999952316284 4.000000000745058 8.78500004902482
v 8.300000047683715 4.000000000745058 8.78500004902482
vt 0 1
vt 1 1
vt 0 0
vt 1 0
vt 0 1
vt 1 1
vt 0 0
vt 1 0
vt 0 1
vt 1 1
vt 0 0
vt 1 0
vt 0 1
vt 1 1
vt 0 0
vt 1 0
vt 0 1
vt 1 1
vt 0 0
vt 1 0
vt 0 1
vt 1 1
vt 0 0
vt 1 0
vn 1 0 0
vn 1 0 0
vn 1 0 0
vn 1 0 0
vn -1 0 0
vn -1 0 0
vn -1 0 0
vn -1 0 0
vn 0 1 0
vn 0 1 0
vn 0 1 0
vn 0 1 0
vn 0 -1 0
vn 0 -1 0
vn 0 -1 0
vn 0 -1 0
vn 0 0 1
vn 0 0 1
vn 0 0 1
vn 0 0 1
vn 0 0 -1
vn 0 0 -1
vn 0 0 -1
vn 0 0 -1
f 3013/3013/3013 3015/3015/3015 3014/3014/3014
f 3015/3015/3015 3016/3016/3016 3014/3014/3014
f 3017/3017/3017 3019/3019/3019 3018/3018/3018
f 3019/3019/3019 3020/3020/3020 3018/3018/3018
f 3021/3021/3021 3023/3023/3023 3022/3022/3022
f 3023/3023/3023 3024/3024/3024 3022/3022/3022
f 3025/3025/3025 3027/3027/3027 3026/3026/3026
f 3027/3027/3027 3028/3028/3028 3026/3026/3026
f 3029/3029/3029 3031/3031/3031 3030/3030/3030
f 3031/3031/3031 3032/3032/3032 3030/3030/3030
f 3033/3033/3033 3035/3035/3035 3034/3034/3034
f 3035/3035/3035 3036/3036/3036 3034/3034/3034
o east_window_1_frame_58
usemtl mullion
v 10.999999976158142 5.600000024586915 8.865000046789646
v 10.999999976158142 5.600000024586915 8.785000048577785
v 10.999999976158142 3.8999999769031994 8.865000046789646
v 10.999999976158142 3.8999999769031994 8.785000048577785
v 8.200000023841858 5.600000024586915 8.785000048577785
v 8.200000023841858 5.600000024586915 8.865000046789646
v 8.200000023841858 3.8999999769031994 8.785000048577785
v 8.200000023841858 3.8999999769031994 8.865000046789646
v 8.200000023841858 5.600000024586915 8.785000048577785
v 10.999999976158142 5.600000024586915 8.785000048577785
v 8.200000023841858 5.600000024586915 8.865000046789646
v 10.999999976158142 5.600000024586915 8.865000046789646
v 8.200000023841858 3.8999999769031994 8.865000046789646
v 10.999999976158142 3.8999999769031994 8.865000046789646
v 8.200000023841858 3.8999999769031994 8.785000048577785
v 10.999999976158142 3.8999999769031994 8.785000048577785
v 8.200000023841858 5.600000024586915 8.865000046789646
v 10.999999976158142 5.600000024586915 8.865000046789646
v 8.200000023841858 3.8999999769031994 8.865000046789646
v 10.999999976158142 3.8999999769031994 8.865000046789646
v 10.999999976158142 5.600000024586915 8.785000048577785
v 8.200000023841858 5.600000024586915 8.785000048577785
v 10.999999976158142 3.8999999769031994 8.785000048577785
v 8.200000023841858 3.8999999769031994 8.785000048577785
vt 0 1
vt 1 1
vt 0 0
vt 1 0
vt 0 1
vt 1 1
vt 0 0
vt 1 0
vt 0 1
vt 1 1
vt 0 0
vt 1 0
vt 0 1
vt 1 1
vt 0 0
vt 1 0
vt 0 1
vt 1 1
vt 0 0
vt 1 0
vt 0 1
vt 1 1
vt 0 0
vt 1 0
vn 1 0 0
vn 1 0 0
vn 1 0 0
vn 1 0 0
vn -1 0 0
vn -1 0 0
vn -1 0 0
vn -1 0 0
vn 0 1 0
vn 0 1 0
vn 0 1 0
vn 0 1 0
vn 0 -1 0
vn 0 -1 0
vn 0 -1 0
vn 0 -1 0
vn 0 0 1
vn 0 0 1
vn 0 0 1
vn 0 0 1
vn 0 0 -1
vn 0 0 -1
vn 0 0 -1
vn 0 0 -1
f 3037/3037/3037 3039/3039/3039 3038/3038/3038
f 3039/3039/3039 3040/3040/3040 3038/3038/3038
f 3041/3041/3041 3043/3043/3043 3042/3042/3042
f 3043/3043/3043 3044/3044/3044 3042/3042/3042
f 3045/3045/3045 3047/3047/3047 3046/3046/3046
f 3047/3047/3047 3048/3048/3048 3046/3046/3046
f 3049/3049/3049 3051/3051/3051 3050/3050/3050
f 3051/3051/3051 3052/3052/3052 3050/3050/3050
f 3053/3053/3053 3055/3055/3055 3054/3054/3054
f 3055/3055/3055 3056/3056/3056 3054/3054/3054
f 3057/3057/3057 3059/3059/3059 3058/3058/3058
f 3059/3059/3059 3060/3060/3060 3058/3058/3058
o wall_pack_light_59
usemtl mullion
v 12.82477704872225 6.635675201447399 9.00000004172325
v 12.82477704872225 6.635675201447399 8.55000005364418
v 12.86960849024577 6.339043866279517 9.00000004172325
v 12.86960849024577 6.339043866279517 8.55000005364418
v 12.330391509754229 6.5609561352106 8.55000005364418
v 12.330391509754229 6.5609561352106 9.00000004172325
v 12.375222951277749 6.264324800042718 8.55000005364418
v 12.375222951277749 6.264324800042718 9.00000004172325
v 12.330391509754229 6.5609561352106 8.55000005364418
v 12.82477704872225 6.635675201447399 8.55000005364418
v 12.330391509754229 6.5609561352106 9.00000004172325
v 12.82477704872225 6.635675201447399 9.00000004172325
v 12.375222951277749 6.264324800042718 9.00000004172325
v 12.86960849024577 6.339043866279517 9.00000004172325
v 12.375222951277749 6.264324800042718 8.55000005364418
v 12.86960849024577 6.339043866279517 8.55000005364418
v 12.330391509754229 6.5609561352106 9.00000004172325
v 12.82477704872225 6.635675201447399 9.00000004172325
v 12.375222951277749 6.264324800042718 9.00000004172325
v 12.86960849024577 6.339043866279517 9.00000004172325
v 12.82477704872225 6.635675201447399 8.55000005364418
v 12.330391509754229 6.5609561352106 8.55000005364418
v 12.86960849024577 6.339043866279517 8.55000005364418
v 12.375222951277749 6.264324800042718 8.55000005364418
vt 0 1
vt 1 1
vt 0 0
vt 1 0
vt 0 1
vt 1 1
vt 0 0
vt 1 0
vt 0 1
vt 1 1
vt 0 0
vt 1 0
vt 0 1
vt 1 1
vt 0 0
vt 1 0
vt 0 1
vt 1 1
vt 0 0
vt 1 0
vt 0 1
vt 1 1
vt 0 0
vt 1 0
vn 0.9887710779360425 0.14943813247359924 0
vn 0.9887710779360425 0.14943813247359924 0
vn 0.9887710779360425 0.14943813247359924 0
vn 0.9887710779360425 0.14943813247359924 0
vn -0.9887710779360425 -0.14943813247359924 0
vn -0.9887710779360425 -0.14943813247359924 0
vn -0.9887710779360425 -0.14943813247359924 0
vn -0.9887710779360425 -0.14943813247359924 0
vn -0.14943813247359924 0.9887710779360425 0
vn -0.14943813247359924 0.9887710779360425 0
vn -0.14943813247359924 0.9887710779360425 0
vn -0.14943813247359924 0.9887710779360425 0
vn 0.14943813247359924 -0.9887710779360425 0
vn 0.14943813247359924 -0.9887710779360425 0
vn 0.14943813247359924 -0.9887710779360425 0
vn 0.14943813247359924 -0.9887710779360425 0
vn 0 0 1
vn 0 0 1
vn 0 0 1
vn 0 0 1
vn 0 0 -1
vn 0 0 -1
vn 0 0 -1
vn 0 0 -1
f 3061/3061/3061 3063/3063/3063 3062/3062/3062
f 3063/3063/3063 3064/3064/3064 3062/3062/3062
f 3065/3065/3065 3067/3067/3067 3066/3066/3066
f 3067/3067/3067 3068/3068/3068 3066/3066/3066
f 3069/3069/3069 3071/3071/3071 3070/3070/3070
f 3071/3071/3071 3072/3072/3072 3070/3070/3070
f 3073/3073/3073 3075/3075/3075 3074/3074/3074
f 3075/3075/3075 3076/3076/3076 3074/3074/3074
f 3077/3077/3077 3079/3079/3079 3078/3078/3078
f 3079/3079/3079 3080/3080/3080 3078/3078/3078
f 3081/3081/3081 3083/3083/3083 3082/3082/3082
f 3083/3083/3083 3084/3084/3084 3082/3082/3082
